-- phpMyAdmin SQL Dump
-- version 4.6.1
-- http://www.phpmyadmin.net
--
-- Хост: localhost
-- Время создания: Июн 30 2016 г., 15:42
-- Версия сервера: 5.5.36-34.0-632.precise
-- Версия PHP: 5.6.21

SET SQL_MODE = "NO_AUTO_VALUE_ON_ZERO";
SET time_zone = "+00:00";


/*!40101 SET @OLD_CHARACTER_SET_CLIENT=@@CHARACTER_SET_CLIENT */;
/*!40101 SET @OLD_CHARACTER_SET_RESULTS=@@CHARACTER_SET_RESULTS */;
/*!40101 SET @OLD_COLLATION_CONNECTION=@@COLLATION_CONNECTION */;
/*!40101 SET NAMES utf8mb4 */;

--
-- База данных: `cl150884_doctors`
--

-- --------------------------------------------------------

--
-- Структура таблицы `ts_action`
--

CREATE TABLE IF NOT EXISTS `ts_action` (
  `action_id` int(11) NOT NULL AUTO_INCREMENT,
  `alias` varchar(255) NOT NULL,
  `image` varchar(255) NOT NULL,
  `url` varchar(255) NOT NULL,
  `discount` varchar(255) NOT NULL,
  `prod` tinyint(1) NOT NULL DEFAULT '0',
  `date_added` datetime NOT NULL,
  `status` tinyint(1) NOT NULL,
  PRIMARY KEY (`action_id`),
  KEY `status` (`status`),
  KEY `date_added` (`date_added`),
  KEY `alias` (`alias`)
) ENGINE=InnoDB AUTO_INCREMENT=6 DEFAULT CHARSET=utf8;

--
-- Дамп данных таблицы `ts_action`
--

INSERT INTO `ts_action` (`action_id`, `alias`, `image`, `url`, `discount`, `prod`, `date_added`, `status`) VALUES
(2, 'pulsoksimetr-andquotarmed-yx300andquot', 'catalog/action/sale1.jpg', '', 'Скидка 20%', 1, '2015-10-31 21:56:05', 1),
(4, 'skidka-5-pulsoksimetr-andquotarmed-yx300andquot', 'catalog/action/sale3.jpg', '', 'Скидка 5%', 1, '2015-10-31 22:22:12', 1),
(5, 'skidka-15', 'catalog/action/sale2.jpg', 'http://doctorsplus.ru/products&amp;filter=2', 'Скидка 15%', 0, '2015-11-01 02:36:35', 1);

-- --------------------------------------------------------

--
-- Структура таблицы `ts_action_description`
--

CREATE TABLE IF NOT EXISTS `ts_action_description` (
  `action_description_id` int(11) NOT NULL AUTO_INCREMENT,
  `action_id` int(11) NOT NULL,
  `language_id` int(11) NOT NULL,
  `title` varchar(255) CHARACTER SET utf8 COLLATE utf8_bin NOT NULL,
  `image_title` varchar(255) CHARACTER SET utf8 COLLATE utf8_bin NOT NULL,
  `period` varchar(255) CHARACTER SET utf8 COLLATE utf8_bin NOT NULL,
  `description` text CHARACTER SET utf8 COLLATE utf8_bin NOT NULL,
  `meta_description` text CHARACTER SET utf8 COLLATE utf8_bin NOT NULL,
  `short_description` text CHARACTER SET utf8 COLLATE utf8_bin NOT NULL,
  PRIMARY KEY (`action_description_id`),
  KEY `action_id` (`action_id`),
  KEY `language_id` (`language_id`)
) ENGINE=InnoDB AUTO_INCREMENT=22 DEFAULT CHARSET=utf8;

--
-- Дамп данных таблицы `ts_action_description`
--

INSERT INTO `ts_action_description` (`action_description_id`, `action_id`, `language_id`, `title`, `image_title`, `period`, `description`, `meta_description`, `short_description`) VALUES
(17, 4, 2, 'Скидка 5% Пульсоксиметр &quot;Armed YX300&quot;', 'Пульсоксиметр &quot;Armed YX300&quot;', 'с 25 по 30 февраля 2015 года', '&lt;p&gt;Эож ут пауло дытыррюизщэт, ут пожжэ лаборамюз вяш, констятюам адвыржаряюм ты прё. Ку диам фабулаз дытракжйт ючю. Нюлльа пльакырат хонэзтатёз эю векж, эю нык льюкяльиюч конкльюдатюрквюэ. Ад вирйз омнэжквюы ыпикурэи дуо, жят ты аэтырно лаборамюз. Хёз кэтэро элььэефэнд конжтетуто ты.&lt;/p&gt;\r\n          &lt;p&gt;Вэл опортэат кончэтытюр йн, ед дэльэнйт вэрйтюж ратионебюж кюм. Ельлюд аппэтырэ ад хаж. Нэ кюм лобортис патриоквюы, жэмпэр трактатоз хэндрэрет пэр ад. Кюм эа фиэрэнт пхаэдрум квюаэчтио. Ыт квуым омйттам аккузата ыам, ыюм экз пожжэ декта факэтэ.&lt;/p&gt;\r\n          &lt;p&gt;Традиционно, тайская кухня сочетает в себе 5 основных вкусов: сладкий, соленый, кислый, острый и горький. И порой в одном блюде гармонично уживаются  ни все. Каждому из них, конечно, соответствует какой-то характерный продукт.  Так, сладость тайским блюдам придают сахарный тростник, кокосовое молоко или зрелый ананас; за кислое отвечают лайм, лимон, незрелые манго или ананас.&lt;/p&gt;\r\n          &lt;p&gt;Интересной особенностью является то, что во время приготовления все ингредиенты подвергаются тепловой обработке очень короткое время. Часто тайцы предпочитают готовить свои блюда на пару, добавляя в них кокосовое молоко или оборачивая банановыми или лотосовыми листьями, предварительно лишь минимально обжаривая. Непосредственно жарку используют для приготовления лишь некоторых блюд, например жареный рис, жареная вермишель и некоторые другие. &lt;/p&gt;', '', 'Акция не является лотереей.\r\nОрганизатор - ООО «Новый Вкус».\r\nУчастник - гражданин РФ, достигший совершеннолетия (18 лет), который выполнил условия Акции.'),
(18, 2, 2, 'Скидка 20% Пульсоксиметр &quot;Armed YX300&quot;', 'Пульсоксиметр &quot;Armed YX300&quot;', 'с 25 по 30 февраля 2015 года', '&lt;p&gt;Эож ут пауло дытыррюизщэт, ут пожжэ лаборамюз вяш, констятюам адвыржаряюм ты прё. Ку диам фабулаз дытракжйт ючю. Нюлльа пльакырат хонэзтатёз эю векж, эю нык льюкяльиюч конкльюдатюрквюэ. Ад вирйз омнэжквюы ыпикурэи дуо, жят ты аэтырно лаборамюз. Хёз кэтэро элььэефэнд конжтетуто ты.&lt;/p&gt;\r\n          &lt;p&gt;Вэл опортэат кончэтытюр йн, ед дэльэнйт вэрйтюж ратионебюж кюм. Ельлюд аппэтырэ ад хаж. Нэ кюм лобортис патриоквюы, жэмпэр трактатоз хэндрэрет пэр ад. Кюм эа фиэрэнт пхаэдрум квюаэчтио. Ыт квуым омйттам аккузата ыам, ыюм экз пожжэ декта факэтэ.&lt;/p&gt;\r\n          &lt;p&gt;Традиционно, тайская кухня сочетает в себе 5 основных вкусов: сладкий, соленый, кислый, острый и горький. И порой в одном блюде гармонично уживаются  ни все. Каждому из них, конечно, соответствует какой-то характерный продукт.  Так, сладость тайским блюдам придают сахарный тростник, кокосовое молоко или зрелый ананас; за кислое отвечают лайм, лимон, незрелые манго или ананас.&lt;/p&gt;\r\n          &lt;p&gt;Интересной особенностью является то, что во время приготовления все ингредиенты подвергаются тепловой обработке очень короткое время. Часто тайцы предпочитают готовить свои блюда на пару, добавляя в них кокосовое молоко или оборачивая банановыми или лотосовыми листьями, предварительно лишь минимально обжаривая. Непосредственно жарку используют для приготовления лишь некоторых блюд, например жареный рис, жареная вермишель и некоторые другие. &lt;/p&gt;', '', 'Акция не является лотереей.\r\nОрганизатор - ООО «Новый Вкус».\r\nУчастник - гражданин РФ, достигший совершеннолетия (18 лет), который выполнил условия Акции.'),
(21, 5, 2, 'Скидка 15% на лекарства Российского производства', 'На лекарства Российского производства', 'с 25 по 30 февраля 2015 года', '&lt;p&gt;Эож ут пауло дытыррюизщэт, ут пожжэ лаборамюз вяш, констятюам адвыржаряюм ты прё. Ку диам фабулаз дытракжйт ючю. Нюлльа пльакырат хонэзтатёз эю векж, эю нык льюкяльиюч конкльюдатюрквюэ. Ад вирйз омнэжквюы ыпикурэи дуо, жят ты аэтырно лаборамюз. Хёз кэтэро элььэефэнд конжтетуто ты.&lt;/p&gt;                &lt;p&gt;Граэко опортэат квуй ад, ыам зюаз аккюсам ат, экз оратио эрепюят котёдиэквюэ эжт. Дуо ед пэрпэтюа дыфяниэбаж. Лудуз дёкант ед вэл. Копиожаы ажжынтиор компльыктётюр ат эжт, трётанё элыктрам нам но. Жюмо эуежмод про эа, эа мыа аэтырно ножтрюм элыктрам. Эю эож квюач дэбетиз, нэ фалля ратионебюж рэпудёандаэ эжт&lt;/p&gt;                &lt;p&gt;Эож ут пауло дытыррюизщэт, ут пожжэ лаборамюз вяш, констятюам адвыржаряюм ты прё. Ку диам фабулаз дытракжйт ючю. Нюлльа пльакырат хонэзтатёз эю векж, эю нык льюкяльиюч конкльюдатюрквюэ. Ад вирйз омнэжквюы ыпикурэи дуо, жят ты аэтырно лаборамюз. Хёз кэтэро элььэефэнд конжтетуто ты.&lt;/p&gt;&lt;img src=&quot;http://dip.artdevue.com/image/catalog/action/sale2.jpg&quot;&gt;                &lt;p&gt;Граэко опортэат квуй ад, ыам зюаз аккюсам ат, экз оратио эрепюят котёдиэквюэ эжт. Дуо ед пэрпэтюа дыфяниэбаж. Лудуз дёкант ед вэл. Копиожаы ажжынтиор компльыктётюр ат эжт, трётанё элыктрам нам но. Жюмо эуежмод про эа, эа мыа аэтырно ножтрюм элыктрам. Эю эож квюач дэбетиз, нэ фалля ратионебюж рэпудёандаэ эжт&lt;/p&gt;                &lt;p&gt;Эож ут пауло дытыррюизщэт, ут пожжэ лаборамюз вяш, констятюам адвыржаряюм ты прё. Ку диам фабулаз дытракжйт ючю. Нюлльа пльакырат хонэзтатёз эю векж, эю нык льюкяльиюч конкльюдатюрквюэ. Ад вирйз омнэжквюы ыпикурэи дуо, жят ты аэтырно лаборамюз. Хёз кэтэро элььэефэнд конжтетуто ты.&lt;/p&gt;&lt;p&gt;Граэко опортэат квуй ад, ыам зюаз аккюсам ат, экз оратио эрепюят котёдиэквюэ эжт. Дуо ед пэрпэтюа дыфяниэбаж. Лудуз дёкант ед вэл. Копиожаы ажжынтиор компльыктётюр ат эжт, трётанё элыктрам нам но. Жюмо эуежмод про эа, эа мыа аэтырно ножтрюм элыктрам. Эю эож квюач дэбетиз, нэ фалля ратионебюж рэпудёандаэ эжт&lt;/p&gt;', '', 'Акция не является лотереей.\r\nОрганизатор - ООО «Новый Вкус».\r\nУчастник - гражданин РФ, достигший совершеннолетия (18 лет), который выполнил условия Акции');

-- --------------------------------------------------------

--
-- Структура таблицы `ts_address`
--

CREATE TABLE IF NOT EXISTS `ts_address` (
  `address_id` int(11) NOT NULL AUTO_INCREMENT,
  `customer_id` int(11) NOT NULL,
  `firstname` varchar(32) NOT NULL,
  `lastname` varchar(32) NOT NULL,
  `company` varchar(40) NOT NULL,
  `address_1` varchar(128) NOT NULL,
  `address_2` varchar(128) NOT NULL,
  `house` varchar(128) NOT NULL,
  `housing` varchar(128) NOT NULL,
  `apartment` varchar(128) NOT NULL,
  `city` varchar(128) NOT NULL,
  `postcode` varchar(10) NOT NULL,
  `country_id` int(11) NOT NULL DEFAULT '0',
  `zone_id` int(11) NOT NULL DEFAULT '0',
  `custom_field` text NOT NULL,
  PRIMARY KEY (`address_id`),
  KEY `customer_id` (`customer_id`)
) ENGINE=MyISAM AUTO_INCREMENT=58 DEFAULT CHARSET=utf8;

--
-- Дамп данных таблицы `ts_address`
--

INSERT INTO `ts_address` (`address_id`, `customer_id`, `firstname`, `lastname`, `company`, `address_1`, `address_2`, `house`, `housing`, `apartment`, `city`, `postcode`, `country_id`, `zone_id`, `custom_field`) VALUES
(41, 0, 'Валентин', 'Расулов', '', 'Ленина', '', '5', '4', '1', 'Киев', '04074', 176, 2761, ''),
(42, 41, 'Петр ', ' ', '', 'Удальцова ', '', '3', '', '', 'Москва ', '119415', 176, 0, ''),
(43, 42, '', '', '', '1234', '', '2', '2', '22', 'НН', '60132', 176, 2761, ''),
(44, 44, '', '', '', 'текучева', '', '125/200', '', '', 'ростов на дону', '', 176, 2761, ''),
(45, 0, 'asdfasdf', 'asdfsadff', '', 'xcbxcvb', '', '32', '', '', 'cvbcvxb', '123123', 176, 2761, ''),
(46, 0, 'sdafsdf', 'sdafasdfasdf', '', 'asdasd', '', '32', '', '', 'sadasd', '123', 176, 2761, ''),
(47, 0, 'sadgfadfg', 'asdfgasdf', '', 'fgsdfgsdfgsdfg', '', '21', '', '', 'dfgsdfgsd', '2134234', 176, 2761, ''),
(48, 0, 'asdfsdfasdf', 'asgdfg', '', 'sdfgsdfg', '', '32', '', '', 'sdfgdfg', '123123', 176, 2761, ''),
(49, 0, 'dsfgsdfg', 'sdfhfdgh', '', 'zxbcxvbcvb', '', '32', '', '', 'zxvcxvc', '123123', 176, 2761, ''),
(50, 0, 'erqwerqwer', 'wqerqwer', '', 'asdfasdf', '', '32', '', '', 'sadfsdf', '12314523', 176, 2761, ''),
(51, 0, 'dfgsdfg', 'sdfgsdf', '', 'sdfgsdfh', '', '546456', '', '', 'dfgsdfg', '4564564', 176, 2761, ''),
(52, 0, 'asdfasdf', 'asdfasdf', '', 'xzvxvc', '', 'zxvczxvc', '', '', 'xzvzvczxvc', '', 176, 2761, ''),
(53, 0, 'dsfgsd', 'sdfghfg', '', 'ghjghj', '', '234', '', '', 'ghfjghjgfhj', '', 176, 2761, ''),
(54, 0, 'werqqwer', 'qwerqwt', '', 'hdfghdfgh', '', '32', '', '', 'fgdhfg', '123', 176, 2761, ''),
(55, 0, 'rtuyrtuy', 'rtuyrtuy', '', 'jfghjgh', '', '321', '', '', 'ghfjgh', 'tyur', 176, 2761, ''),
(57, 67, 'Дмитрий', 'Корный', '', 'тестовая 2', '', '', '', '', 'Москва', '', 176, 2761, 'a:0:{}'),
(56, 67, 'Дмитрий', ' ', '', 'тестовая 1', '', '', '', '', 'Ростов-на-Дону', '83048', 176, 2778, 'a:0:{}');

-- --------------------------------------------------------

--
-- Структура таблицы `ts_affiliate`
--

CREATE TABLE IF NOT EXISTS `ts_affiliate` (
  `affiliate_id` int(11) NOT NULL AUTO_INCREMENT,
  `firstname` varchar(32) NOT NULL,
  `lastname` varchar(32) NOT NULL,
  `email` varchar(96) NOT NULL,
  `telephone` varchar(32) NOT NULL,
  `fax` varchar(32) NOT NULL,
  `password` varchar(40) NOT NULL,
  `salt` varchar(9) NOT NULL,
  `company` varchar(40) NOT NULL,
  `website` varchar(255) NOT NULL,
  `address_1` varchar(128) NOT NULL,
  `address_2` varchar(128) NOT NULL,
  `city` varchar(128) NOT NULL,
  `postcode` varchar(10) NOT NULL,
  `country_id` int(11) NOT NULL,
  `zone_id` int(11) NOT NULL,
  `code` varchar(64) NOT NULL,
  `commission` decimal(4,2) NOT NULL DEFAULT '0.00',
  `tax` varchar(64) NOT NULL,
  `payment` varchar(6) NOT NULL,
  `cheque` varchar(100) NOT NULL,
  `paypal` varchar(64) NOT NULL,
  `bank_name` varchar(64) NOT NULL,
  `bank_branch_number` varchar(64) NOT NULL,
  `bank_swift_code` varchar(64) NOT NULL,
  `bank_account_name` varchar(64) NOT NULL,
  `bank_account_number` varchar(64) NOT NULL,
  `ip` varchar(40) NOT NULL,
  `status` tinyint(1) NOT NULL,
  `approved` tinyint(1) NOT NULL,
  `date_added` datetime NOT NULL,
  PRIMARY KEY (`affiliate_id`)
) ENGINE=MyISAM DEFAULT CHARSET=utf8;

-- --------------------------------------------------------

--
-- Структура таблицы `ts_affiliate_activity`
--

CREATE TABLE IF NOT EXISTS `ts_affiliate_activity` (
  `activity_id` int(11) NOT NULL AUTO_INCREMENT,
  `affiliate_id` int(11) NOT NULL,
  `key` varchar(64) NOT NULL,
  `data` text NOT NULL,
  `ip` varchar(40) NOT NULL,
  `date_added` datetime NOT NULL,
  PRIMARY KEY (`activity_id`)
) ENGINE=MyISAM DEFAULT CHARSET=utf8;

-- --------------------------------------------------------

--
-- Структура таблицы `ts_affiliate_login`
--

CREATE TABLE IF NOT EXISTS `ts_affiliate_login` (
  `affiliate_login_id` int(11) NOT NULL AUTO_INCREMENT,
  `email` varchar(96) NOT NULL,
  `ip` varchar(40) NOT NULL,
  `total` int(4) NOT NULL,
  `date_added` datetime NOT NULL,
  `date_modified` datetime NOT NULL,
  PRIMARY KEY (`affiliate_login_id`),
  KEY `email` (`email`),
  KEY `ip` (`ip`)
) ENGINE=MyISAM DEFAULT CHARSET=utf8;

-- --------------------------------------------------------

--
-- Структура таблицы `ts_affiliate_transaction`
--

CREATE TABLE IF NOT EXISTS `ts_affiliate_transaction` (
  `affiliate_transaction_id` int(11) NOT NULL AUTO_INCREMENT,
  `affiliate_id` int(11) NOT NULL,
  `order_id` int(11) NOT NULL,
  `description` text NOT NULL,
  `amount` decimal(15,4) NOT NULL,
  `date_added` datetime NOT NULL,
  PRIMARY KEY (`affiliate_transaction_id`)
) ENGINE=MyISAM DEFAULT CHARSET=utf8;

-- --------------------------------------------------------

--
-- Структура таблицы `ts_api`
--

CREATE TABLE IF NOT EXISTS `ts_api` (
  `api_id` int(11) NOT NULL AUTO_INCREMENT,
  `username` varchar(64) NOT NULL,
  `firstname` varchar(64) NOT NULL,
  `lastname` varchar(64) NOT NULL,
  `password` text NOT NULL,
  `status` tinyint(1) NOT NULL,
  `date_added` datetime NOT NULL,
  `date_modified` datetime NOT NULL,
  PRIMARY KEY (`api_id`)
) ENGINE=MyISAM DEFAULT CHARSET=utf8;

-- --------------------------------------------------------

--
-- Структура таблицы `ts_attribute`
--

CREATE TABLE IF NOT EXISTS `ts_attribute` (
  `attribute_id` int(11) NOT NULL AUTO_INCREMENT,
  `attribute_group_id` int(11) NOT NULL,
  `sort_order` int(3) NOT NULL,
  PRIMARY KEY (`attribute_id`)
) ENGINE=MyISAM AUTO_INCREMENT=21 DEFAULT CHARSET=utf8;

--
-- Дамп данных таблицы `ts_attribute`
--

INSERT INTO `ts_attribute` (`attribute_id`, `attribute_group_id`, `sort_order`) VALUES
(20, 9, 1000),
(17, 8, 1),
(18, 8, 2),
(19, 8, 3);

-- --------------------------------------------------------

--
-- Структура таблицы `ts_attribute_description`
--

CREATE TABLE IF NOT EXISTS `ts_attribute_description` (
  `attribute_id` int(11) NOT NULL,
  `language_id` int(11) NOT NULL,
  `name` varchar(64) NOT NULL,
  PRIMARY KEY (`attribute_id`,`language_id`)
) ENGINE=MyISAM DEFAULT CHARSET=utf8;

--
-- Дамп данных таблицы `ts_attribute_description`
--

INSERT INTO `ts_attribute_description` (`attribute_id`, `language_id`, `name`) VALUES
(20, 2, 'Видео'),
(17, 2, 'Активный ингредиент'),
(18, 2, 'Использование:'),
(19, 2, 'Предупреждения');

-- --------------------------------------------------------

--
-- Структура таблицы `ts_attribute_group`
--

CREATE TABLE IF NOT EXISTS `ts_attribute_group` (
  `attribute_group_id` int(11) NOT NULL AUTO_INCREMENT,
  `sort_order` int(3) NOT NULL,
  PRIMARY KEY (`attribute_group_id`)
) ENGINE=MyISAM AUTO_INCREMENT=10 DEFAULT CHARSET=utf8;

--
-- Дамп данных таблицы `ts_attribute_group`
--

INSERT INTO `ts_attribute_group` (`attribute_group_id`, `sort_order`) VALUES
(9, 1000),
(8, 0);

-- --------------------------------------------------------

--
-- Структура таблицы `ts_attribute_group_description`
--

CREATE TABLE IF NOT EXISTS `ts_attribute_group_description` (
  `attribute_group_id` int(11) NOT NULL,
  `language_id` int(11) NOT NULL,
  `name` varchar(64) NOT NULL,
  PRIMARY KEY (`attribute_group_id`,`language_id`)
) ENGINE=MyISAM DEFAULT CHARSET=utf8;

--
-- Дамп данных таблицы `ts_attribute_group_description`
--

INSERT INTO `ts_attribute_group_description` (`attribute_group_id`, `language_id`, `name`) VALUES
(9, 2, 'video'),
(8, 2, 'Характерестика');

-- --------------------------------------------------------

--
-- Структура таблицы `ts_banner`
--

CREATE TABLE IF NOT EXISTS `ts_banner` (
  `banner_id` int(11) NOT NULL AUTO_INCREMENT,
  `name` varchar(255) NOT NULL,
  `status` tinyint(1) NOT NULL,
  PRIMARY KEY (`banner_id`)
) ENGINE=MyISAM AUTO_INCREMENT=10 DEFAULT CHARSET=utf8;

--
-- Дамп данных таблицы `ts_banner`
--

INSERT INTO `ts_banner` (`banner_id`, `name`, `status`) VALUES
(9, 'Главная', 1);

-- --------------------------------------------------------

--
-- Структура таблицы `ts_banner_image`
--

CREATE TABLE IF NOT EXISTS `ts_banner_image` (
  `banner_image_id` int(11) NOT NULL AUTO_INCREMENT,
  `banner_id` int(11) NOT NULL,
  `link` varchar(255) NOT NULL,
  `image` varchar(255) NOT NULL,
  `sort_order` int(3) NOT NULL DEFAULT '0',
  PRIMARY KEY (`banner_image_id`)
) ENGINE=MyISAM AUTO_INCREMENT=200 DEFAULT CHARSET=utf8;

--
-- Дамп данных таблицы `ts_banner_image`
--

INSERT INTO `ts_banner_image` (`banner_image_id`, `banner_id`, `link`, `image`, `sort_order`) VALUES
(199, 9, '', 'catalog/BANNER HOME/banner-MP-01.jpg', 0),
(198, 9, '', 'catalog/BANNER HOME/banner-MP-02.jpg', 0),
(197, 9, '', 'catalog/BANNER HOME/banner-MP-03.jpg', 0);

-- --------------------------------------------------------

--
-- Структура таблицы `ts_banner_image_description`
--

CREATE TABLE IF NOT EXISTS `ts_banner_image_description` (
  `banner_image_id` int(11) NOT NULL,
  `language_id` int(11) NOT NULL,
  `banner_id` int(11) NOT NULL,
  `title` varchar(255) NOT NULL,
  `description` varchar(255) NOT NULL,
  `link` varchar(255) NOT NULL,
  PRIMARY KEY (`banner_image_id`,`language_id`)
) ENGINE=MyISAM DEFAULT CHARSET=utf8;

--
-- Дамп данных таблицы `ts_banner_image_description`
--

INSERT INTO `ts_banner_image_description` (`banner_image_id`, `language_id`, `banner_id`, `title`, `description`, `link`) VALUES
(199, 2, 9, '111', '', ''),
(197, 2, 9, ' 111', ' ', 'http://doctorsplus.ru/search?search=%D1%82%D1%80%D0%BE%D0%B0%D0%BA%D0%B0%D1%80'),
(198, 2, 9, ' 111', ' ', ' http://doctorsplus.ru/patient_care/nabor-shapochka-dlya-myitya-golovyi-plyus-salfetki-vlazhnyie-ochishhayushhie-essential-bath');

-- --------------------------------------------------------

--
-- Структура таблицы `ts_category`
--

CREATE TABLE IF NOT EXISTS `ts_category` (
  `category_id` int(11) NOT NULL AUTO_INCREMENT,
  `image` varchar(255) DEFAULT NULL,
  `parent_id` int(11) NOT NULL DEFAULT '0',
  `top` tinyint(1) NOT NULL,
  `slider` tinyint(1) NOT NULL,
  `column` int(3) NOT NULL,
  `sort_order` int(3) NOT NULL DEFAULT '0',
  `status` tinyint(1) NOT NULL,
  `date_added` datetime NOT NULL,
  `date_modified` datetime NOT NULL,
  PRIMARY KEY (`category_id`),
  KEY `parent_id` (`parent_id`)
) ENGINE=MyISAM AUTO_INCREMENT=73 DEFAULT CHARSET=utf8;

--
-- Дамп данных таблицы `ts_category`
--

INSERT INTO `ts_category` (`category_id`, `image`, `parent_id`, `top`, `slider`, `column`, `sort_order`, `status`, `date_added`, `date_modified`) VALUES
(61, 'catalog/category/souse.png', 0, 0, 1, 1, 10, 1, '2015-04-03 15:34:55', '2016-05-20 16:13:46'),
(62, 'catalog/category/cocomilk.png', 0, 0, 1, 1, 9, 1, '2015-04-03 15:35:27', '2016-05-24 10:00:01'),
(60, 'catalog/category/cocowater.png', 0, 0, 1, 1, 2, 1, '2015-04-03 15:34:23', '2016-05-20 16:16:11'),
(63, '', 0, 0, 1, 1, 3, 1, '2015-04-03 15:37:32', '2016-05-20 16:20:22'),
(64, 'catalog/category/ricemilk.png', 0, 0, 1, 1, 4, 1, '2015-04-03 15:38:15', '2016-05-20 16:17:21'),
(68, 'catalog/category/drinks.png', 0, 0, 1, 1, 8, 1, '2015-04-03 15:41:26', '2016-05-24 09:37:52'),
(67, 'catalog/category/white-rice.png', 0, 0, 1, 1, 7, 1, '2015-04-03 15:40:47', '2016-05-21 19:17:38'),
(66, 'catalog/about-pic.jpg', 0, 0, 1, 1, 1, 1, '2015-04-03 15:40:01', '2016-06-28 10:37:37'),
(65, 'catalog/category/zhele.png', 0, 0, 1, 1, 6, 1, '2015-04-03 15:39:12', '2016-05-20 16:37:31'),
(59, 'catalog/ фото/ фото/p1_p2_Setka_Gynemesh_PS.jpg', 0, 0, 1, 1, 11, 1, '2015-04-03 15:33:37', '2016-06-20 14:01:03'),
(70, 'catalog/category/others.png', 0, 0, 1, 1, 12, 0, '2015-04-06 17:48:37', '2016-06-24 13:14:48'),
(71, '', 0, 0, 0, 1, 10000, 1, '2015-04-16 17:10:22', '2015-12-04 09:58:46');

-- --------------------------------------------------------

--
-- Структура таблицы `ts_category_description`
--

CREATE TABLE IF NOT EXISTS `ts_category_description` (
  `category_id` int(11) NOT NULL,
  `language_id` int(11) NOT NULL,
  `name` varchar(255) NOT NULL,
  `description` text NOT NULL,
  `meta_title` varchar(255) NOT NULL,
  `meta_description` varchar(255) NOT NULL,
  `meta_keyword` varchar(255) NOT NULL,
  PRIMARY KEY (`category_id`,`language_id`),
  KEY `name` (`name`)
) ENGINE=MyISAM DEFAULT CHARSET=utf8;

--
-- Дамп данных таблицы `ts_category_description`
--

INSERT INTO `ts_category_description` (`category_id`, `language_id`, `name`, `description`, `meta_title`, `meta_description`, `meta_keyword`) VALUES
(64, 2, 'Травматология', '&lt;p class=&quot;MsoNormal&quot;&gt;Костный скелет человека является внутренней опорой тела, а также опорой для мышц и некоторых внутренних органов. Мягкий скелет, или соединительнотканный опорный аппарат, составляют связки, апоневрозы, фасции,суставные капсулы, фиброзные влагалища, мышцы и сухожилия. Повреждениямяг-котканного скелета ведут к нарушению двигательной функции той или инойчасти тела. Повреждение костного скелета (перелом) нарушает и опорную, идвигательную функцию.&lt;o:p&gt;&lt;/o:p&gt;&lt;/p&gt;&lt;p class=&quot;MsoNormal&quot;&gt;Методы лечения переломов разделяют на неоперативные,оперативные и комбинированные. К неоперативным относят лечение переломовгипсовыми повязками и скелетным вытяжением, к оперативным - внутреннийостео-синтез металлическими конструкциями и наружный остеосинтез аппаратами&lt;o:p&gt;&lt;/o:p&gt;&lt;/p&gt;&lt;p class=&quot;MsoNormal&quot;&gt;как подкладочный материал при наложении гипсовых повязокиспользуется Синтетическая вата Целлона (Cellona). Бинты типа ЦЕЛЛОНА равномернопропитываются водой в течение непродолжительного замачивания с минимальнойпотерей гипса. Они обеспечивают идеальные возможности для моделирования, быстрозатвердевают, что отвечает требованиям современной клинической практики. Через24 часа повязка может подвергаться нагрузкам. После затвердения она достаточнолегкая, прочная и пропускает рентгеновские лучи.&lt;br&gt;Целлона широкий гипсовый лонгет, этот материал обеспечивает повышеннуюстабильность в тех случаях, когда требуется полная фиксация.&amp;nbsp; При этом достигается быстрое покрытие большихповерхностей тела, что&lt;br&gt;позволяет сэкономить время и деньги и одновременно дает лучшие результаты.Данный материал был разработан с учетом быстрого и равномерного пропитывания, сним легко работать, он обеспечивает быстрое схватывание и затвердевание.&lt;o:p&gt;&lt;/o:p&gt;&lt;/p&gt;&lt;p class=&quot;MsoNormal&quot;&gt;СИНТЕТИЧЕСКИЕ ИММОБИЛИЗИРУЮЩИЕ БИНТЫ ЦЕЛЛАКАСТ (CELLACAST) -это легкий иммобилизирующий бинт, который изготав ливается из специальногостекловолокна, пропитанного полиуретановой смолой. Возможно его комбинированноеприменение с гипсовыми бинтами ЦЕЛЛОНА. &lt;o:p&gt;&lt;/o:p&gt;&lt;/p&gt;&lt;p class=&quot;MsoNormal&quot;&gt;Целлона-подметки - обувь для ходьбы в гипсе. Данную обувьможно носить при любых погодных условиях, с помощью язычка сделав ее открытойили закрытой. Ношение подметок обеспечивают комфортную и правильную ходьбу. &lt;o:p&gt;&lt;/o:p&gt;&lt;/p&gt;&lt;p class=&quot;MsoNormal&quot; style=&quot;margin-bottom: 0.0001pt;&quot;&gt;Нанашем сайте вы также сможете подобрать наиболее подходящий набор, включающийнеобходимые для наложения гипса материалы и обувь для ходьбы в гипсе.&lt;br&gt;&lt;/p&gt;', 'Травматология', 'Костный скелет человека является внутренней опорой тела, а также опорой для мышц и некоторых внутренних органов. Мягкий скелет, или соединительнотканный опорный аппарат, составляют связки, апоневрозы, фасции,суставные капсулы, фиброзные влагалища, мышцы и', ''),
(60, 2, 'Повязки для ран', '&lt;p class=&quot;MsoNormal&quot;&gt;Организм является сложнейшей биологической системой, которая\r\nобладает естественной способностью к регенерации. Одним из показательных\r\nдоказательств существования механизма самовосстановления является заживление\r\nраны. При лечении различных видов ран необходимо принимать во внимание факторы,\r\nимеющие отношения к диагнозу, оценке состояния пациента и лечению. В наиболее\r\nобщей форме можно выделить несколько видов ран:&lt;o:p&gt;&lt;/o:p&gt;&lt;/p&gt;&lt;p class=&quot;MsoNormal&quot;&gt;- Ожоги&lt;o:p&gt;&lt;/o:p&gt;&lt;/p&gt;&lt;p class=&quot;MsoNormal&quot;&gt;- Пролежни&lt;o:p&gt;&lt;/o:p&gt;&lt;/p&gt;&lt;p class=&quot;MsoNormal&quot;&gt;- Язвы\r\nпри синдроме диабетической стопы&lt;o:p&gt;&lt;/o:p&gt;&lt;/p&gt;&lt;p class=&quot;MsoNormal&quot;&gt;- Язвы\r\nнижних конечностей&lt;o:p&gt;&lt;/o:p&gt;&lt;/p&gt;&lt;p class=&quot;MsoNormal&quot;&gt;- Хирургические\r\nраны&lt;o:p&gt;&lt;/o:p&gt;&lt;/p&gt;&lt;p class=&quot;MsoNormal&quot;&gt;При лечении&amp;nbsp;\r\nинфицированных ран&amp;nbsp; или ран, с повышенным риском инфицирования\r\nожогов, язвенных поражениях при синдроме диабетической стопы, трофических язвах\r\nнижних конечностей, пролежней, ран, склонные к кровотечениям высокий уровень\r\nэффективности демонстрируют хирургические повязки Аквасель Хирургический и Аквасель\r\n«Aq Экстра» повязка Гидрофайбер. Данные виды повязок - это сочетание&amp;nbsp;\r\nсвойств&amp;nbsp; гидроколлоидной адгезивной основы на&amp;nbsp;полиуретановой мембране\r\nс запатентованной технологией Гидрофайбер. Гидроколлоидная основа- это\r\nэластичность и бережная адгезия, Гидрофайбер - микроконтурирование&amp;nbsp;\r\nповерхности раны и&amp;nbsp; высокая абсорбция. Для сухих раны или ран с небольшим\r\nколичеством экссудата применяют Грануфлекс супертонкий, который за счет\r\nвлагоустойчивости не препятствует проведению гигиенических процедур&lt;o:p&gt;&lt;/o:p&gt;&lt;/p&gt;&lt;p class=&quot;MsoNormal&quot;&gt;Уникальные свойства природного альгината, современные\r\nлекарства и оригинальная технология стали основой нового поколения перевязочных\r\nматериалов КОЛЕТЕКС. Открытия российских ученых позволили разработать принци­пиально\r\nновую уникальную технологию нанесения лечебных препаратов на текстильный\r\nматериал, благодаря которой&amp;nbsp;лекарство поступает в рану или через кожу строго\r\nв определенных дозах на протяжении длительного времени.&amp;nbsp;&lt;o:p&gt;&lt;/o:p&gt;&lt;/p&gt;&lt;p class=&quot;MsoNormal&quot;&gt;Таким образом, нет необходимости часто менять повязку или\r\nпластырь. Просто смочите текстильный материал водой, и&amp;nbsp;лекарство вновь\r\nначнет работать. Кроме лекарства на специальную текстильную основу&amp;nbsp;КОЛЕТЕКС\r\nнанесен природный биополимер альгинат натрия.&amp;nbsp;Это абсолютно натуральный\r\nпродукт, который получают из морских водорослей, богатых микроэлементами.&lt;o:p&gt;&lt;/o:p&gt;&lt;/p&gt;&lt;p&gt;\r\n\r\n\r\n\r\n\r\n\r\n\r\n\r\n\r\n\r\n\r\n\r\n\r\n\r\n\r\n\r\n\r\n\r\n&lt;/p&gt;&lt;p class=&quot;MsoNormal&quot;&gt;Заживление ран иногда сопровождается возникновением такой\r\nпроблемы, как рубцы (келоидные и гипертрофические). Келоидные рубцы\r\nопределяются как анормальные шрамы, которые разрастаются за пределы\r\nпервоначального места повреждения кожи.&amp;nbsp;Гипертрофические рубцы также\r\nопределяются как неприглядные шрамы, выходящие за пределы первоначальных границ\r\nраны. Но в отличие от келоидных рубцов, гипертрофические рубцы достигают\r\nопределенного размера, а затем стабилизируется или регрессирует.Поиски новых\r\nспособов борьбы с рубцами продолжаются. Одна из последних разработок в этой\r\nобласти пластыри СИКА-КЕА и МЕПИФОРМ. СИКА-КЕА -&amp;nbsp; это самоклеящиеся противорубцовые пластырь из\r\nсиликонового геля. Согласно исследованиям, он в 90% случаев улучшает состояние\r\nгипертрофических и келоидных шрамов. Эластичный многоразовый пластырь СИКА-КЕА\r\nпрост в применении: его можно использовать в различных условиях, и днем, и\r\nночью. Он мягкий и приятный в носке, снимается легко и безболезненно. С помощью\r\nСИКА-КЕА можно лечить шрамы у детей и даже у младенцев.&amp;nbsp; Повязка Mepiform&amp;nbsp;с\r\nпокрытием из силикона является тонкой и малозаметной повязкой для ухода за\r\nрубцами. Не требует дополнительной фиксации. Mepiform&amp;nbsp;&amp;nbsp;хорошо\r\nповторяет контуры тела, подходит для ежедневного ношения. Повязка может быть\r\nснята с кожи без потери адгезивных свойств, что делает возможным ее повторное\r\nприменение.&amp;nbsp; «Мепиформ»&amp;nbsp;разработан для: Старых и новых\r\nгипертрофированных и келоидных рубцов; закрытых ран, в тех случаях, когда есть\r\nриск образования гипертрофированных и келоидных рубцов.&lt;o:p&gt;&lt;/o:p&gt;&lt;/p&gt;', 'Повязки для ран', 'При лечении  инфицированных ран  или ран, с повышенным риском инфицирования ожогов, язвенных поражениях при синдроме диабетической стопы, трофических язвах нижних конечностей, пролежней, ран, склонные к кровотечениям высокий уровень эффективности демонстр', ''),
(62, 2, 'Нейрохирургия', '&lt;p&gt;Нейрохирургия является медицинской специальностью, которая занимается постановкой диагноза и лечением заболеваний головного и спинного мозга, позвоночника, а также повреждений периферических нервов. Нейрохирург обеспечивает как консервативное, так и хирургическое лечение в зависимости от вида заболевания или травматического повреждения.&lt;/p&gt;&lt;p&gt;Хотя нейрохирургия по сути является составной частью хирургии вообще, в настоящее время большинство пациентов стараются подвергать наиболее щадящим методам лечения – с минимальной инвазией или посредством консервативных методов. Минимальный объем вмешательства удается обеспечить благодаря ускоренному совершенствованию технологий и приспособлений: использование усовершенствованных операционных микроскопов, нейронавигации, нейроэндоскопии, стереотаксиса, лазеров, фокусной лучевой терапии, стереотаксической лучевой хирургии, сверхтонких режущих инструментов, стентов, цементирования позвоночника – все это значительно видоизменяет сами принципы и подходы к лечению неврологических повреждений.&lt;/p&gt;&lt;p&gt;Для пластики твердой мозговой оболочки в нейрохирургии применяют импланты (Duragen, Duragen Plus), для восстановления нерва – облочки (NeuraWrap). Для лечения гидроцефалии используют шунты (OSV-11, OSV-11 Low pro) и дренажные системы&lt;/p&gt;', 'Нейрохирургические расходные материалы. Купите расходные материалы для нейрохирургии в Ростове-на-Дону с доставкой по РФ', 'Нейрохирургия является медицинской специальностью, которая занимается постановкой диагноза и лечением заболеваний головного и спинного мозга, позвоночника, а также повреждений периферических нервов.', ''),
(67, 2, 'Урология', '&lt;p class=&quot;MsoNormal&quot;&gt;Урологические болезни мужчин, женщин, детей и пожилых людей\r\nимеют свои особенности развития и течении, что объясняется\r\nанатомо-физиологическими и возрастными особенностями их организмов.&amp;nbsp;Среди\r\nпатологии мужской мочеполовой системы чаще встречаются воспалительные процессы,&amp;nbsp;аденома\r\nпредстательной железы, половые инфекции. Женские урологические заболевания\r\n– это уретрит, цистит, инфекции передающиеся половым путем и их последствия. И\r\nу мужчин, и у женщин возникают&amp;nbsp;мочекаменная\r\nболезнь,&amp;nbsp;пиелонефрит,\r\nопухоли мочеполовых органов,&amp;nbsp;хроническая\r\nпочечная недостаточность. В детском возрасте чаще встречаются врожденные\r\nаномалии мочеполовой системы, цистит и энурез.\r\n&lt;o:p&gt;&lt;/o:p&gt;&lt;/p&gt;&lt;p class=&quot;MsoNormal&quot;&gt;Уретральные катетеры ставят с диагностической и/или\r\nлечебной целью. Цель — выявить наличие урины в мочевом пузыре, если это нельзя\r\nсделать иными способами или если требуется стерильная порция мочи. Также\r\nвводится уретральный катетер, если предстоит исследование с введением\r\nконтрастного вещества, инструмент ставится в послеоперационный период, когда\r\nпроводилась операция на органах мочевыделения. Катетер Фолея RÜSCH BRILLANT,\r\nизготовленный из силикона, обеспечивает постоянную эластичность и\r\nбиосовместимость; большие дренажные отверстия и широкий внутренний просвет\r\nобеспечивают высокую эффективность отведения мочи&lt;br&gt;\r\nХарактерным направлением развития современной медицины является стремление к\r\nминимальной инвазивности используемых в клинической практике методов лечения.\r\nСтентирование, представляющее собой по сути внутрипросветное дренирование, в\r\nрамках этих тенденций нашло широкое применение в урологии. Обычно, установка\r\nстента производится под общей анестезией. В большинстве случаев, для установки\r\nстента, хирургу необходимо завести через мочеиспускательный канал в мочевой\r\nпузырь специальный инструмент, а также, в конце процедуры, выполняется рентгенологическое\r\nисследование для контроля правильности&lt;br&gt;\r\nрасположения стента.&amp;nbsp;Мочеточниковые стенты для наружного дренирования\r\nоткрытого типа производства компании Rusch GMbH, Германия изготовлены из\r\nвысококачественного полиуретана, не содержат латекса. Мочеточниковые стенты\r\nSUPERGLIDE отличает запатентованное гидрогелевое покрытие, благодаря которому стало\r\nвозможным решение проблемы затрудненного проведения по мочеточнику.&lt;o:p&gt;&lt;/o:p&gt;&lt;/p&gt;&lt;p class=&quot;MsoNormal&quot;&gt;Дренирование почки, как правило, производится по экстренным\r\nпоказаниям и связано с блокированием из нее оттока мочи, что происходит в\r\nрезультате закупорки просвета мочеточника, либо при проблемах возникших\r\nнепосредственно в самой почке.&amp;nbsp;Ультразвуковые метки на нефростоме\r\nпозволяют осуществлять необходимый контроль за правильностью расположения нефростомы\r\nв полости. Широкий модельный ряд нефростомических наборов дренажных катетеров,\r\nдает возможность работать с любыми «анатомическими особенностями».&lt;o:p&gt;&lt;/o:p&gt;&lt;/p&gt;&lt;p class=&quot;MsoNormal&quot;&gt;Непосредственное дренирование мочевого пузыря осуществляют с\r\nпомощью наборов для чрескожного дренирования (цистостомический набор).\r\nЦистостомические наборы производства Rusch отличает высокое качество и удобство\r\nприменения. Катетер, входящий в набор, имеет воронку&amp;nbsp; для соединения с мочеприемником.&lt;o:p&gt;&lt;/o:p&gt;&lt;/p&gt;&lt;p&gt;\r\n\r\n\r\n\r\n\r\n\r\n\r\n\r\n&lt;/p&gt;&lt;p class=&quot;MsoNormal&quot;&gt;Также для проведения урологических операций в нашем магазине\r\nВы можете приобрести комплект операционного белья, включающий простыню для\r\nпациента со встроенным решетчатым фильтром для широкого спектра хирургических\r\nвмешательств в урологии.&lt;o:p&gt;&lt;/o:p&gt;&lt;/p&gt;', 'Урология', 'Урологические болезни мужчин, женщин, детей и пожилых людей имеют свои особенности развития и течении, что объясняется анатомо-физиологическими и возрастными особенностями их организмов. ', ''),
(70, 2, 'Другие продукты', '&lt;p&gt;&lt;br&gt;&lt;/p&gt;', 'Другие продукты', '', ''),
(71, 2, 'Продукты', '&lt;p&gt;&lt;br&gt;&lt;/p&gt;', 'Продукты', '', ''),
(61, 2, 'Онкология', '&lt;p class=&quot;MsoNormal&quot;&gt;Опухолевые злокачественные заболевания в структуре\r\nсмертности в развитых странах занимают второе место после болезней сердца и\r\nсосудов. Современное понимание рака, как системного заболевания, которое во\r\nмногих случаях требует не только локального воздействия на опухоль, но и на\r\nорганизм в целом, привело к появлению лекарственной терапии рака. При\r\nпроведении лекарственного лечения достигается «системное» воздействие на\r\nзлокачественные клетки.&amp;nbsp;Для продолжительного введения химиотерапевтических\r\nпрепаратов &amp;nbsp;применяют специальные\r\nустройства для долговременной инфузии препаратов – инфузионные помпы. Они\r\nпредставляют собой небольшие емкости, которые подсоединяются к катетеру или\r\nпорту.Особенности устройства позволяют им вводить в кровоток лекарственный\r\nпрепарат с фиксированной скоростью в течение длительного периода времени.&lt;o:p&gt;&lt;/o:p&gt;&lt;/p&gt;&lt;p class=&quot;MsoNormal&quot;&gt;В настоящее время всё большее признание в мире получает\r\nновая разновидность артериальной химиоэмболизации&amp;nbsp;—&amp;nbsp;химиоэмболизация\r\nмикросферами, насыщенными противоопухолевым препаратом. низкая травматичность\r\nпроцедуры для пациента;&lt;o:p&gt;&lt;/o:p&gt;&lt;/p&gt;&lt;p class=&quot;MsoNormal&quot;&gt;возможность воздействия на неоперабельные опухоли;&lt;o:p&gt;&lt;/o:p&gt;&lt;/p&gt;&lt;p class=&quot;MsoNormal&quot;&gt;минимальное токсическое воздействие химиопрепарата на\r\nорганизм пациента;&lt;o:p&gt;&lt;/o:p&gt;&lt;/p&gt;&lt;p class=&quot;MsoNormal&quot;&gt;возможность доставить к пораженному органу противоопухолевый\r\nагент более высокой концентрации;&lt;o:p&gt;&lt;/o:p&gt;&lt;/p&gt;&lt;p class=&quot;MsoNormal&quot;&gt;обеспечение пролонгированного воздействия химиопрепарата на\r\nопухоль;&lt;o:p&gt;&lt;/o:p&gt;&lt;/p&gt;&lt;p class=&quot;MsoNormal&quot;&gt;минимальный риск возникновения осложнений во время и после\r\nпроцедуры.&lt;o:p&gt;&lt;/o:p&gt;&lt;/p&gt;&lt;p class=&quot;MsoNormal&quot;&gt;Также в&amp;nbsp; онкологии&amp;nbsp;при\r\nпроведении операций по поводу опухолей различной локализации с целью&amp;nbsp;\r\nпрофилактики послеоперационных осложнений , при подготовке к проведению лучевой\r\nи комбинированной терапии широко применяют гидрогелевые гемостатические\r\nматериалы (салфетки, гели), способствующие регенерации нормальных тканей,\r\nобладающие гемостатическим действием и эпителизирующими свойствами.&lt;o:p&gt;&lt;/o:p&gt;&lt;/p&gt;&lt;p&gt;\r\n\r\n\r\n\r\n\r\n\r\n\r\n\r\n\r\n\r\n\r\n\r\n\r\n\r\n\r\n\r\n&lt;/p&gt;&lt;p class=&quot;MsoNormal&quot;&gt;Зачастую в процессе лечения пациенты сталкиваются с\r\nнеобходимостью питания через&amp;nbsp;\r\nгастростомическую трубку . Процедура установки трубки назначается в том\r\nслучае, когда пациент нуждается в дополнительном питании в течение длительного\r\nпериода времени.&amp;nbsp;&lt;o:p&gt;&lt;/o:p&gt;&lt;/p&gt;', 'Онкология', 'Опухолевые злокачественные заболевания в структуре смертности в развитых странах занимают второе место после болезней сердца и сосудов.', ''),
(63, 2, 'Средства ухода за стомой', '&lt;p class=&quot;MsoNormal&quot;&gt;Современная медицина располагает самыми различными\r\nсредствами для того, чтобы спасти жизнь пациента. Но до сих пор в медицинской\r\nпрактике существуют методы, известные еще античным лекарям. Одним из них\r\nявляется такое хирургическое вмешательство, которое имеет название «стома».\r\nПоказаниями к операции стомирования считаются врожденные патологии, травмы, операции,\r\nкоторые привели к полному или частичному удалению выводящих органов.\r\nСоответственно, нарушается нормальная работа поврежденных систем. Стома\r\nпомогает восстановить природные функции организма. Стомы различают в\r\nзависимости от области хирургического вмешательства: гастростома; кишечные:\r\nилеостома, колостома; трахеостома; эпицистостома. По форме бывают выпуклые и\r\nвтянутые. Существуют одноствольные и двуствольные. В зависимости от\r\nдлительности применения: временные и постоянные. &lt;o:p&gt;&lt;/o:p&gt;&lt;/p&gt;&lt;p class=&quot;MsoNormal&quot;&gt;Качественный ежедневный уход за стомой – необходимое условие\r\nнормального существования, которое вполне возможно даже в таком сложном\r\nположении. В настоящее время людям со стомой доступно очень многое из\r\nповседневной жизни обычного человека, включая купание в море и плавание в бассейне,\r\nпочти все виды спорта, кроме силовых, давно стали нормой путешествия со стомой,\r\nв том числе и авиаперелеты. То есть при условии правильного ухода за стомой,\r\nчеловек не будет ущемлен и выбит из колеи своей привычной жизни.&lt;br&gt;\r\nСуществует целый ряд специальных средств ухода за кожей для пациентов со\r\nстомами. В частности, для ухода за кишечной стомой применяют калоприемники.\r\nОдним из наиболее качественных калоприемников на рынке являются калоприемники\r\n«Эстим», Стомадресс Stomadress+. Однокомпонентные калоприемники илеостомные\r\n(дренируемые) представляют собой мешки с клеевым гидроколлоидным слоем ,\r\nкоторый&amp;nbsp; проедставляет собой комбинацию из 3 гидроколлоидов, создающих\r\nнадежную бережную защиту от протечек позволяют безболезнено проводить замену\r\nкалоприемника, оказывают лечебное воздействия на перистомальную кожу. Недренируемые\r\n(колостомные) сборные мешки Комбигезив 2S отличаются: мягкой нетканой подложкой\r\nдля минимизации посторонних звуков во время ношения; встроенным угольным\r\nфильтром, эффективно предотвращающим появление посторонних газов, а также\r\nвздутие мешка.&amp;nbsp;для применения у больных с жидким и полужидким стулом\r\nприменяют Систему для отведения и герметизации фекальных масс Flexi-Seal® ,\r\nобеспечивающую эффективное отведение и герметизацию жидкого и полужидкого стула\r\nс дополнительными возможностями:&amp;nbsp;\r\nвведение лекарственных средств в прямую кишку отбор проб кала&lt;o:p&gt;&lt;/o:p&gt;&lt;/p&gt;&lt;p class=&quot;MsoNormal&quot;&gt;Для предотвращения раздражения кожи вокруг стомы применяют\r\nразличные спреи, салфетки, пленки Нилтак.&lt;o:p&gt;&lt;/o:p&gt;&lt;/p&gt;&lt;p class=&quot;MsoNormal&quot;&gt;НИЛТАК спрей - это медицинский антиклей, силиконосодержащий\r\nспрей, позволяющий снять безболезненно кало- мочеприемник, повязки, пластыри.\r\nСилесс Пленка защитная, спрей Надежно защищает кожу вокруг стомы путем создания\r\nсиликоновой пленки между кожей и адгезивом. Стомагезив порошок Предназначен для\r\nухода за мацерированной кожей вокруг стомы. В составе порошка гидроколлоидные\r\nкомпоненты, что и в составе гидроколлоидного адгезива Стомагезив. Поэтому\r\nпорошок обладает заживляющим эффектом и помогает увеличить срок использования\r\nпластин за счет абсорбции влаги на поверхности кожи.&lt;o:p&gt;&lt;/o:p&gt;&lt;/p&gt;&lt;p&gt;\r\n\r\n\r\n\r\n\r\n\r\n\r\n\r\n&lt;/p&gt;&lt;p class=&quot;MsoNormal&quot;&gt;Часто для обеспечения человека питанием в случаях, когда\r\nпациент не может самостоятельно принимать пищу из брюшной области выводят\r\nгастростому из брюшной области для обеспечения человека питанием в случаях,\r\nкогда пациент не может самостоятельно принимать пищу. Чаще всего такое\r\nсостояние является временным, например, при серьезных травмах и в\r\nпослеоперационный период. В нашем магазине вы можете приобрести\r\nвысококачественную гастростомическую трубку для чрескожного PULL метода\r\nустановки MIC PEG.&lt;o:p&gt;&lt;/o:p&gt;&lt;/p&gt;', 'Средства ухода за стомой', 'Показаниями к операции стомирования считаются врожденные патологии, травмы, операции, которые привели к полному или частичному удалению выводящих органов. ', ''),
(66, 2, 'Уход за пациентами', '&lt;p class=&quot;MsoNormal&quot;&gt;Уход за больными — совокупность мероприятий, обеспечивающих\r\nвсестороннее обслуживание больных и выполнение врачебных предписаний по их\r\nлечению.&lt;br&gt;\r\nУход за больными в значительной степени возлагается на средний медперсонал,\r\nособенно в стационарных лечебных учреждениях, где большую часть времени больные\r\nнаходятся под непосредственным наблюдением медсестер. Уход на дому является\r\nпродолжением ухода за пациентом в стационаре.&amp;nbsp; &amp;nbsp;Целью ухода за\r\nпациентом его организации на дому является поддержание и восстановление\r\nнезависимости пациента в удовлетворении основных потребностей организма.&lt;o:p&gt;&lt;/o:p&gt;&lt;/p&gt;&lt;p class=&quot;MsoNormal&quot;&gt;Прежде всего, это касается вопроса личной гигиены. Для\r\nорганизации личной гигиены применяют очищающие салфетки и лосьоны. Влажные\r\nочищающие Essential Bath™ состоят из нетканого полотна, изготовленного\r\nиз&amp;nbsp;&amp;nbsp;лиоцелла и полиэстера, покрытого полиэтиленовыми изоляционной\r\nпеной и пленкой. Они могут разогреваться в микроволновой печи, а изолированная\r\nупаковка имеет специальный самоклеющийся язычок, благодаря которому упаковка\r\nможет быть повторно запечатана. Шапочка для мытья головы с шампунем Shampoo cap\r\nизготовлена из специального материала. Полотно пропитано раствором мягкого\r\nшампуня и кондиционера, который не требуют ополаскивания и позволяет вымыть и\r\nсмягчить волосы. Может разогреваться в микроволновой печи. Shampoo cap помогает\r\nвымыть голову пациентатеплым, смягчающим шампунем, что способствует улучшению\r\nсамочувствия пациента. Очищающие средства MENALIND professional (пена, лосьон)\r\nприменяются для очищения кожи без воды и мыла. Содержит вещества, поддерживающие\r\nестественные защитные механизмы кожи, и запатентованный нейтрализатор запаха.\r\nПосле очищения на кожу пациента рекомендуется нанести защитный крем. Зачастую\r\nуход за тяжелобольными пациентами предполаает применение подгузников.\r\n&amp;nbsp;Воздухопроницаемые подгузники Ontex выполнены из современных материалов,\r\nкоторые надежно защищают от протекания, впитывают большое количество жидкости,\r\nнейтрализуют запахи и благоприятны для кожи. В качестве дополнительной защиты\r\nпостели и кресел во время смены подгузника или постельного белья применяют\r\nвпитывающие пеленки.&lt;o:p&gt;&lt;/o:p&gt;&lt;/p&gt;&lt;p class=&quot;MsoNormal&quot;&gt;Многие заболевания могут приводить к невозможности\r\nсамостоятельного моче- испускания, т.е. к задержке мочи. Такая проблема может\r\nбыть как временной, так и постоянной. При хронической задержке мочи широко используется\r\nметод интермиттирующей катетеризации, который пред- полагает осуществление 4 –\r\n6 разовых катетеризаций в сутки. Для интермиттирующей катетеризации используют\r\nспециальные катетеры для самокатетеризации. Лубрицированный катетер для\r\nсамокатетеризации FloCath Quick производства компании Rusch GMbH, изготовленный\r\nиз термостабильного полиуретана с очень гладким гидрофильным покрытием,\r\nобеспечивающим хорошее скольжение,&amp;nbsp; готов\r\nк применению и не требует дополнительной активации водой.&lt;o:p&gt;&lt;/o:p&gt;&lt;/p&gt;&lt;p class=&quot;MsoNormal&quot;&gt;Для сбора мочи применяют ножные мочеприемники линии Careline\r\nпроизвосдтва Unomedical, Дания. Мочеприемники Careline поставляются с удобным\r\nсливным краном, легко управляемым одной рукой. Ножной мочеприемник имеет\r\nанатомическую форму и конфигурацию, которая не затрудняет свободу движений, и может\r\nбыть присоедиен к ночному (прикроватному) мочеприемнику. &lt;o:p&gt;&lt;/o:p&gt;&lt;/p&gt;&lt;p class=&quot;MsoNormal&quot;&gt;Для предотвращения пролежней и борьбы с ними при уходе за\r\nлежачими больными используют противопролежневые матрасы, а также различные\r\nпротивопролежневые повязки. Повязки Фливактив производства компании Lohmann&amp;amp;Rauscher\r\nпредставляют собой впитывающий компресс&amp;nbsp; с&amp;nbsp; активированным углем\r\nи&amp;nbsp; серебряным&amp;nbsp; покрытием&amp;nbsp; и&amp;nbsp; характеризуются с высокой\r\nвпитывающей способностью и дезинфицирующей способностью. ФЛИВАКТИВ впитывает\r\nэкссудат с микроорганизмами и препятствует образованию неприятного запаха&amp;nbsp;\r\nот&amp;nbsp; раны. Благодаря эффективной физиологической очистке заживление раны\r\nускоряется.&lt;o:p&gt;&lt;/o:p&gt;&lt;/p&gt;&lt;p class=&quot;MsoNormal&quot;&gt;Существует целый ряд специальных средств ухода за\r\nстомированными пациентами. Для ухода за пациентами с трахеостомой раз в 3-4\r\nнедели или, при необходимости, чаще, нужно менять трахеостомическую трубку.\r\nЛучше, если трахеостомическую трубку меняет врач. На более поздних сроках\r\nтрубку может сменить и специально обученный родственник больного.&amp;nbsp;Прозрачная\r\nструктура трубки торговой марки Unomedical позволяет легко выявить ее возможное\r\nзагрязнение. Термопластичный ПВХ обеспечивает необходимую жесткость при\r\nвведении трубки в трахею с последующим ее размягчением под действием\r\nтемпературы тела. &lt;o:p&gt;&lt;/o:p&gt;&lt;/p&gt;&lt;p class=&quot;MsoNormal&quot;&gt;Для пациентов с калостомой, состояние которых\r\nхарактеризуется&amp;nbsp; жидким и полужидким\r\nстулом, применяют Систему для отведения и герметизации фекальных масс\r\nFlexi-Seal® , обеспечивающую эффективное отведение и герметизацию жидкого и\r\nполужидкого стула с дополнительными возможностями:&amp;nbsp; введение лекарственных средств в прямую кишку\r\nотбор проб кала. &lt;o:p&gt;&lt;/o:p&gt;&lt;/p&gt;&lt;p class=&quot;MsoNormal&quot;&gt;Для предотвращения раздражения кожи вокруг стомы применяют\r\nразличные спреи, салфетки, пленки Нилтак. НИЛТАК спрей - это медицинский\r\nантиклей, силиконосодержащий спрей, позволяющий снять безболезненно кало-\r\nмочеприемник, повязки, пластыри. Силесс Пленка защитная (в виде спрея или\r\nсалфеток) надежно защищает кожу вокруг стомы путем создания силиконовой пленки\r\nмежду кожей и адгезивом.&lt;o:p&gt;&lt;/o:p&gt;&lt;/p&gt;&lt;p&gt;\r\n\r\n\r\n\r\n\r\n\r\n\r\n\r\n\r\n\r\n\r\n\r\n\r\n\r\n\r\n\r\n&lt;/p&gt;&lt;p class=&quot;MsoNormal&quot;&gt;Также в данном разделе Вы сможете приобрести пластыри от\r\nсухих и влажных мозолей, противоэмболические чулки, которые предотвращают\r\nобразование тромбоза у пациента в послеоперационный период&lt;o:p&gt;&lt;/o:p&gt;&lt;/p&gt;', 'Уход за пациентом', 'Уход за больными — совокупность мероприятий, обеспечивающих всестороннее обслуживание больных и выполнение врачебных предписаний по их лечению.', ''),
(68, 2, 'Хирургия', '&lt;p class=&quot;MsoNormal&quot; style=&quot;margin-bottom: 0.0001pt;&quot;&gt;Хирургические расходные материалы используются при проведении оперативных вмешательств: для &lt;span style=&quot;background-image: initial; background-attachment: initial; background-size: initial; background-origin: initial; background-clip: initial; background-position: initial; background-repeat: initial;&quot;&gt;манипуляций тканями при открытых и эндоскопических вмешательствах, &lt;/span&gt;наложения швов, стягивания краёв раны,подготовки и&amp;nbsp;санации, послеоперационного ухода. В&amp;nbsp;данную категорию изделий входят:&lt;o:p&gt;&lt;/o:p&gt;&lt;/p&gt;&lt;p class=&quot;MsoNormal&quot; style=&quot;margin: 0cm 0cm 0.0001pt;&quot;&gt;&lt;!--[if !supportLists]--&gt;·&lt;span style=&quot;font-stretch: normal;&quot;&gt;&amp;nbsp;&amp;nbsp;&amp;nbsp;&amp;nbsp;&amp;nbsp;&amp;nbsp;&amp;nbsp;&amp;nbsp;&amp;nbsp;&amp;nbsp;&amp;nbsp;&amp;nbsp;&amp;nbsp;&amp;nbsp;&amp;nbsp;&amp;nbsp;&amp;nbsp;&amp;nbsp;&amp;nbsp;&amp;nbsp;&lt;/span&gt;&lt;!--[endif]--&gt;Эндоскопический инструментарий&lt;o:p&gt;&lt;/o:p&gt;&lt;/p&gt;&lt;p class=&quot;MsoNormal&quot; style=&quot;margin: 0cm 0cm 0.0001pt;&quot;&gt;&lt;!--[if !supportLists]--&gt;·&lt;span style=&quot;font-stretch: normal;&quot;&gt;&amp;nbsp;&amp;nbsp;&amp;nbsp;&amp;nbsp;&amp;nbsp;&amp;nbsp;&amp;nbsp;&amp;nbsp;&amp;nbsp;&amp;nbsp;&amp;nbsp;&amp;nbsp;&amp;nbsp;&amp;nbsp;&amp;nbsp;&amp;nbsp;&amp;nbsp;&amp;nbsp;&amp;nbsp;&amp;nbsp;&lt;/span&gt;&lt;!--[endif]--&gt;клипсы и клипсоаппликаторы&lt;o:p&gt;&lt;/o:p&gt;&lt;/p&gt;&lt;p class=&quot;MsoNormal&quot; style=&quot;margin: 0cm 0cm 0.0001pt;&quot;&gt;&lt;!--[if !supportLists]--&gt;·&lt;span style=&quot;font-stretch: normal;&quot;&gt;&amp;nbsp;&amp;nbsp;&amp;nbsp;&amp;nbsp;&amp;nbsp;&amp;nbsp;&amp;nbsp;&amp;nbsp;&amp;nbsp;&amp;nbsp;&amp;nbsp;&amp;nbsp;&amp;nbsp;&amp;nbsp;&amp;nbsp;&amp;nbsp;&amp;nbsp;&amp;nbsp;&amp;nbsp;&amp;nbsp;&lt;/span&gt;&lt;!--[endif]--&gt;дренажи&lt;o:p&gt;&lt;/o:p&gt;&lt;/p&gt;&lt;p class=&quot;MsoNormal&quot; style=&quot;margin: 0cm 0cm 0.0001pt;&quot;&gt;&lt;!--[if !supportLists]--&gt;·&lt;span style=&quot;font-stretch: normal;&quot;&gt;&amp;nbsp;&amp;nbsp;&amp;nbsp;&amp;nbsp;&amp;nbsp;&amp;nbsp;&amp;nbsp;&amp;nbsp;&amp;nbsp;&amp;nbsp;&amp;nbsp;&amp;nbsp;&amp;nbsp;&amp;nbsp;&amp;nbsp;&amp;nbsp;&amp;nbsp;&amp;nbsp;&amp;nbsp;&amp;nbsp;&lt;/span&gt;&lt;!--[endif]--&gt;перевязочный материал;&lt;o:p&gt;&lt;/o:p&gt;&lt;/p&gt;&lt;p class=&quot;MsoNormal&quot; style=&quot;margin-bottom: 0.0001pt;&quot;&gt;Требования к&amp;nbsp;хирургическим расходным материалам, поскольку они непосредственно контактируют с&amp;nbsp;кровью и&amp;nbsp;другими физиологическими средами, предъявляются жёсткие, они должны быть:&lt;o:p&gt;&lt;/o:p&gt;&lt;/p&gt;&lt;p class=&quot;MsoNormal&quot; style=&quot;margin: 0cm 0cm 0.0001pt;&quot;&gt;&lt;!--[if !supportLists]--&gt;·&lt;span style=&quot;font-stretch: normal;&quot;&gt;&amp;nbsp;&amp;nbsp;&amp;nbsp;&amp;nbsp;&amp;nbsp;&amp;nbsp;&amp;nbsp;&amp;nbsp;&amp;nbsp;&amp;nbsp;&amp;nbsp;&amp;nbsp;&amp;nbsp;&amp;nbsp;&amp;nbsp;&amp;nbsp;&amp;nbsp;&amp;nbsp;&amp;nbsp;&amp;nbsp;&lt;/span&gt;&lt;!--[endif]--&gt;стерильными, гигиеничными, хорошо защищёнными от&amp;nbsp;бактериальной контаминации;&lt;o:p&gt;&lt;/o:p&gt;&lt;/p&gt;&lt;p class=&quot;MsoNormal&quot; style=&quot;margin: 0cm 0cm 0.0001pt;&quot;&gt;&lt;!--[if !supportLists]--&gt;·&lt;span style=&quot;font-stretch: normal;&quot;&gt;&amp;nbsp;&amp;nbsp;&amp;nbsp;&amp;nbsp;&amp;nbsp;&amp;nbsp;&amp;nbsp;&amp;nbsp;&amp;nbsp;&amp;nbsp;&amp;nbsp;&amp;nbsp;&amp;nbsp;&amp;nbsp;&amp;nbsp;&amp;nbsp;&amp;nbsp;&amp;nbsp;&amp;nbsp;&amp;nbsp;&lt;/span&gt;&lt;!--[endif]--&gt;очень прочными;&lt;o:p&gt;&lt;/o:p&gt;&lt;/p&gt;&lt;p class=&quot;MsoNormal&quot; style=&quot;margin: 0cm 0cm 0.0001pt;&quot;&gt;&lt;!--[if !supportLists]--&gt;·&lt;span style=&quot;font-stretch: normal;&quot;&gt;&amp;nbsp;&amp;nbsp;&amp;nbsp;&amp;nbsp;&amp;nbsp;&amp;nbsp;&amp;nbsp;&amp;nbsp;&amp;nbsp;&amp;nbsp;&amp;nbsp;&amp;nbsp;&amp;nbsp;&amp;nbsp;&amp;nbsp;&amp;nbsp;&amp;nbsp;&amp;nbsp;&amp;nbsp;&amp;nbsp;&lt;/span&gt;&lt;!--[endif]--&gt;помещёнными в&amp;nbsp;упаковку, сохраняющую стерильность в&amp;nbsp;течение всегосрока хранения;&lt;o:p&gt;&lt;/o:p&gt;&lt;/p&gt;&lt;p class=&quot;MsoNormal&quot; style=&quot;margin: 0cm 0cm 0.0001pt;&quot;&gt;&lt;!--[if !supportLists]--&gt;·&lt;span style=&quot;font-stretch: normal;&quot;&gt;&amp;nbsp;&amp;nbsp;&amp;nbsp;&amp;nbsp;&amp;nbsp;&amp;nbsp;&amp;nbsp;&amp;nbsp;&amp;nbsp;&amp;nbsp;&amp;nbsp;&amp;nbsp;&amp;nbsp;&amp;nbsp;&amp;nbsp;&amp;nbsp;&amp;nbsp;&amp;nbsp;&amp;nbsp;&amp;nbsp;&lt;/span&gt;&lt;!--[endif]--&gt;простыми в&amp;nbsp;подготовке и&amp;nbsp;эксплуатации;&lt;o:p&gt;&lt;/o:p&gt;&lt;/p&gt;&lt;p class=&quot;MsoNormal&quot; style=&quot;margin: 0cm 0cm 0.0001pt;&quot;&gt;&lt;!--[if !supportLists]--&gt;·&lt;span style=&quot;font-stretch: normal;&quot;&gt;&amp;nbsp;&amp;nbsp;&amp;nbsp;&amp;nbsp;&amp;nbsp;&amp;nbsp;&amp;nbsp;&amp;nbsp;&amp;nbsp;&amp;nbsp;&amp;nbsp;&amp;nbsp;&amp;nbsp;&amp;nbsp;&amp;nbsp;&amp;nbsp;&amp;nbsp;&amp;nbsp;&amp;nbsp;&amp;nbsp;&lt;/span&gt;&lt;!--[endif]--&gt;не&amp;nbsp;создавать сложностей в&amp;nbsp;утилизации, очищаться и&amp;nbsp;утилизироваться обычными способами (деструкторы игл, дезинфекционные камеры,&amp;nbsp;шкафы-автоклавы);&lt;o:p&gt;&lt;/o:p&gt;&lt;/p&gt;&lt;p class=&quot;MsoNormal&quot; style=&quot;margin: 0cm 0cm 0.0001pt;&quot;&gt;&lt;!--[if !supportLists]--&gt;·&lt;span style=&quot;font-stretch: normal;&quot;&gt;&amp;nbsp;&amp;nbsp;&amp;nbsp;&amp;nbsp;&amp;nbsp;&amp;nbsp;&amp;nbsp;&amp;nbsp;&amp;nbsp;&amp;nbsp;&amp;nbsp;&amp;nbsp;&amp;nbsp;&amp;nbsp;&amp;nbsp;&amp;nbsp;&amp;nbsp;&amp;nbsp;&amp;nbsp;&amp;nbsp;&lt;/span&gt;&lt;!--[endif]--&gt;иметь маркировку с&amp;nbsp;указанием типа, размера, предназначения изделия и&amp;nbsp;полные инструкции по&amp;nbsp;применению и&amp;nbsp;утилизации.&lt;o:p&gt;&lt;/o:p&gt;&lt;/p&gt;&lt;p&gt;&lt;/p&gt;&lt;p class=&quot;MsoNormal&quot; style=&quot;margin-bottom: 0.0001pt;&quot;&gt;В&amp;nbsp;хирургических отделениях потребность в&amp;nbsp;расходных материалах&amp;nbsp;— одна из&amp;nbsp;самых высоких. Ежедневно потребляемые изделия должны отвечать стандартам Минздрава, не&amp;nbsp;создавать инфекционного и&amp;nbsp;других рисков в&amp;nbsp;процессе вмешательства.&lt;span style=&quot;color: rgb(51, 51, 51); font-family: \'Times New Roman\', serif; font-size: 12pt; line-height: normal;&quot;&gt;&lt;o:p&gt;&lt;/o:p&gt;&lt;/span&gt;&lt;/p&gt;Хирургические расходные материалы используются при проведении оперативных вмешательств: для манипуляций тканями при открытых и эндоскопических вмешательствах, наложения швов, стягивания краёв раны, подготовки и санации, послеоперационного ухода. В данную категорию изделий входят:•	Эндоскопический инструментарий•	клипсы и клипсоаппликаторы•	дренажи•	перевязочный материал;Требования к хирургическим расходным материалам, поскольку они непосредственно контактируют с кровью и другими физиологическими средами, предъявляются жёсткие, они должны быть:•	стерильными, гигиеничными, хорошо защищёнными от бактериальной контаминации;•	очень прочными;•	помещёнными в упаковку, сохраняющую стерильность в течение всего срока хранения;•	простыми в подготовке и эксплуатации;•	не создавать сложностей в утилизации, очищаться и утилизироваться обычными способами (деструкторы игл, дезинфекционные камеры, шкафы-автоклавы);•	иметь маркировку с указанием типа, размера, предназначения изделия и полные инструкции по применению и утилизации.В хирургических отделениях потребность в расходных материалах — одна из самых высоких. Ежедневно потребляемые изделия должны отвечать стандартам Минздрава, не создавать инфекционного и других рисков в процессе вмешательства.', 'Хирургические инструменты и материалы. Купите медицинские инструменты и расходные материалы для хирургии в Ростове-на-Дону с доставкой по РФ', 'Хирургические расходные материалы используются при проведении оперативных вмешательств: для манипуляций тканями при открытых и эндоскопических вмешательствах, наложения швов, стягивания краёв раны,подготовки и санации, послеоперационного ухода.', ''),
(65, 2, 'Товары для детей', '&lt;p class=&quot;MsoNormal&quot;&gt;Здоровье и хорошее развитие ребенка во многом зависят от\r\nправильного ухода за ним. Родители должны уметь купать малыша, ухаживать за\r\nпупочной ранкой, пока она не заживет, не допускать появления опрелостей на коже\r\nи многое-многое другое. Вырастить человека — не простое дело.&lt;o:p&gt;&lt;/o:p&gt;&lt;/p&gt;&lt;p class=&quot;MsoNormal&quot;&gt;Сегодня трудно представить уход за маленьким ребенком без\r\nодноразовых подгузников. Превосходно впитывающие детские одноразовые\r\nгигиенические подгузники Panda изготовлены из специального нетканого материала,\r\nкоторый моментально распределяет влагу внутри подгузника. Воздухопроницаемый\r\nвнешний слой подгузника Panda обеспечивает доступ свежего воздуха к коже\r\nмалыша.&amp;nbsp; Гигиенические&amp;nbsp;пеленки&amp;nbsp;Bella&amp;nbsp;baby&amp;nbsp;HAPPY&amp;nbsp;\r\nидеальны при смене подгузника или в качестве дополнительной&amp;nbsp;защиты белья в\r\nкроватке малыша.&lt;o:p&gt;&lt;/o:p&gt;&lt;/p&gt;&lt;p class=&quot;MsoNormal&quot;&gt;Ничто так не огорчает родителей, как болезнь ребенка. В\r\nраннем детском возрасте дети подвержены развитию гидроцефалии. Для ее лечения\r\nиспользуют шунты. В нашем магазине Вы&amp;nbsp;\r\nможете приобрести высококачественный Шунт регулируемого потока для\r\nдетей&amp;nbsp; OSV-11 Low Pro.&lt;o:p&gt;&lt;/o:p&gt;&lt;/p&gt;&lt;p&gt;\r\n\r\n\r\n\r\n\r\n\r\nРодители\r\nдолжны обратить внимание на ряд признаков, которые свидетельствуют о нарушениях\r\nв функционировании мочеполовой системы (анализы мочи, проблемы с\r\nмочеиспусканием, изменение цвета мочи). Для решения проблемы ликвидации\r\nобструкции верхних мочевых путей (ВМП) и восстановления адекватного пассажа\r\nмочи применяют нефростомические катетеры.&lt;br&gt;&lt;/p&gt;', 'Товары для детей', 'Здоровье и хорошее развитие ребенка во многом зависят от правильного ухода за ним. Родители должны уметь купать малыша, ухаживать за пупочной ранкой, пока она не заживет, не допускать появления опрелостей на коже и многое-многое другое. Вырастить человека', ''),
(59, 2, 'Гинекология', '&lt;p class=&quot;MsoNormal&quot;&gt;Эффективная диагностика и&amp;nbsp;лечение репродуктивныхпатологий у&amp;nbsp;женщин связаны со&amp;nbsp;сложным дифференциальным анализомочевидных симптомов и&amp;nbsp;признаков, а&amp;nbsp;также комплекса малозаметныхбиохимических и&amp;nbsp;визуальных изменений.&lt;o:p&gt;&lt;/o:p&gt;&lt;/p&gt;&lt;p class=&quot;MsoNormal&quot;&gt;Приоритетная задача гинеколога&amp;nbsp;— выполнить корректнуюдиагностику половой сферы, установить индивидуальные особенностии&amp;nbsp;вероятные источники проблем и&amp;nbsp;угроз. Качественные расходныематериалы помогают решить эту задачу максимально быстро и&amp;nbsp;результативно,с&amp;nbsp;минимальной стрессовой и&amp;nbsp;медикаментозной нагрузкой на&amp;nbsp;организмпациентки.&lt;o:p&gt;&lt;/o:p&gt;&lt;/p&gt;&lt;p class=&quot;MsoNormal&quot;&gt;Стоит сказать и&amp;nbsp;о&amp;nbsp;том, что гинекология&amp;nbsp;—очень деликатная сфера медицины, и&amp;nbsp;наряду с&amp;nbsp;категориями эффективностии&amp;nbsp;безопасности важным является бережное и&amp;nbsp;аккуратное отношение.Органы, обследованием и&amp;nbsp;восстановлением которых занимаются гинекологи,очень уязвимы, и&amp;nbsp;применяемый инвентарь не&amp;nbsp;должен причинять больи&amp;nbsp;дискомфорт во&amp;nbsp;всех случаях, когда этого можно избежать.&lt;o:p&gt;&lt;/o:p&gt;&lt;/p&gt;&lt;p class=&quot;MsoNormal&quot;&gt;К&amp;nbsp;счастью для докторов и&amp;nbsp;пациенток,гинекологические расходные материалы входят в&amp;nbsp;число постоянносовершенствующихся медицинских изделий, чья форма и&amp;nbsp;конструкцияприобретает все более гуманный и&amp;nbsp;аккуратный вид. &lt;o:p&gt;&lt;/o:p&gt;&lt;/p&gt;&lt;p class=&quot;MsoNormal&quot;&gt;В настоящее время пациентки сталкиваются с такими проблемамив гинекологической сфере, как пролапс вагинальных стенок, стрессовое недержаниемочи. Для эффективного решения указанных деликатных проблем в современноймедицине применяются проленовые сетки для реконструкции тазового дна,синтетические петли, урослинги. &lt;o:p&gt;&lt;/o:p&gt;&lt;/p&gt;&lt;p&gt;&lt;/p&gt;&lt;p class=&quot;MsoNormal&quot;&gt;Для профилактики спайкообразования во время хирургическихвмешательств используют специальные рассасывающиеся материалы и гели&lt;o:p&gt;&lt;/o:p&gt;&lt;/p&gt;', 'Гинекологические инструменты и материалы. Купите медицинские инструменты и расходные материалы для геникологии в Ростове-на-Дону с доставкой по РФ', 'Эффективная диагностика и лечение репродуктивных патологий у женщин связаны со сложным дифференциальным анализом очевидных симптомов и признаков, а также комплекса малозаметных биохимических и визуальных изменений.', '');

-- --------------------------------------------------------

--
-- Структура таблицы `ts_category_filter`
--

CREATE TABLE IF NOT EXISTS `ts_category_filter` (
  `category_id` int(11) NOT NULL,
  `filter_id` int(11) NOT NULL,
  PRIMARY KEY (`category_id`,`filter_id`)
) ENGINE=MyISAM DEFAULT CHARSET=utf8;

--
-- Дамп данных таблицы `ts_category_filter`
--

INSERT INTO `ts_category_filter` (`category_id`, `filter_id`) VALUES
(59, 18),
(59, 31),
(62, 1),
(62, 2),
(62, 18),
(65, 14),
(65, 32),
(66, 4),
(66, 5),
(66, 6),
(66, 7),
(66, 8),
(66, 9),
(66, 36),
(66, 38),
(71, 1),
(71, 2),
(71, 3),
(71, 4),
(71, 5),
(71, 6),
(71, 7),
(71, 8),
(71, 9),
(71, 10),
(71, 11),
(71, 13),
(71, 14),
(71, 15),
(71, 16),
(71, 17),
(71, 18),
(71, 19),
(71, 20),
(71, 21),
(71, 22),
(71, 23),
(71, 24),
(71, 25),
(71, 26),
(71, 27),
(71, 28),
(71, 29),
(71, 30),
(71, 31);

-- --------------------------------------------------------

--
-- Структура таблицы `ts_category_path`
--

CREATE TABLE IF NOT EXISTS `ts_category_path` (
  `category_id` int(11) NOT NULL,
  `path_id` int(11) NOT NULL,
  `level` int(11) NOT NULL,
  PRIMARY KEY (`category_id`,`path_id`)
) ENGINE=MyISAM DEFAULT CHARSET=utf8;

--
-- Дамп данных таблицы `ts_category_path`
--

INSERT INTO `ts_category_path` (`category_id`, `path_id`, `level`) VALUES
(61, 61, 0),
(60, 60, 0),
(71, 71, 0),
(70, 70, 0),
(68, 68, 0),
(67, 67, 0),
(66, 66, 0),
(65, 65, 0),
(64, 64, 0),
(63, 63, 0),
(62, 62, 0),
(59, 59, 0);

-- --------------------------------------------------------

--
-- Структура таблицы `ts_category_to_layout`
--

CREATE TABLE IF NOT EXISTS `ts_category_to_layout` (
  `category_id` int(11) NOT NULL,
  `store_id` int(11) NOT NULL,
  `layout_id` int(11) NOT NULL,
  PRIMARY KEY (`category_id`,`store_id`)
) ENGINE=MyISAM DEFAULT CHARSET=utf8;

--
-- Дамп данных таблицы `ts_category_to_layout`
--

INSERT INTO `ts_category_to_layout` (`category_id`, `store_id`, `layout_id`) VALUES
(59, 0, 0),
(60, 0, 0),
(61, 0, 0),
(62, 0, 0),
(63, 0, 0),
(64, 0, 0),
(65, 0, 0),
(66, 0, 0),
(67, 0, 0),
(68, 0, 0),
(70, 0, 0),
(71, 0, 0);

-- --------------------------------------------------------

--
-- Структура таблицы `ts_category_to_store`
--

CREATE TABLE IF NOT EXISTS `ts_category_to_store` (
  `category_id` int(11) NOT NULL,
  `store_id` int(11) NOT NULL,
  PRIMARY KEY (`category_id`,`store_id`)
) ENGINE=MyISAM DEFAULT CHARSET=utf8;

--
-- Дамп данных таблицы `ts_category_to_store`
--

INSERT INTO `ts_category_to_store` (`category_id`, `store_id`) VALUES
(59, 0),
(60, 0),
(61, 0),
(62, 0),
(63, 0),
(64, 0),
(65, 0),
(66, 0),
(67, 0),
(68, 0),
(70, 0),
(71, 0);

-- --------------------------------------------------------

--
-- Структура таблицы `ts_country`
--

CREATE TABLE IF NOT EXISTS `ts_country` (
  `country_id` int(11) NOT NULL AUTO_INCREMENT,
  `name` varchar(128) NOT NULL,
  `iso_code_2` varchar(2) NOT NULL,
  `iso_code_3` varchar(3) NOT NULL,
  `address_format` text NOT NULL,
  `postcode_required` tinyint(1) NOT NULL,
  `status` tinyint(1) NOT NULL DEFAULT '1',
  PRIMARY KEY (`country_id`)
) ENGINE=MyISAM AUTO_INCREMENT=258 DEFAULT CHARSET=utf8;

--
-- Дамп данных таблицы `ts_country`
--

INSERT INTO `ts_country` (`country_id`, `name`, `iso_code_2`, `iso_code_3`, `address_format`, `postcode_required`, `status`) VALUES
(1, 'Afghanistan', 'AF', 'AFG', '', 0, 1),
(2, 'Albania', 'AL', 'ALB', '', 0, 1),
(3, 'Algeria', 'DZ', 'DZA', '', 0, 1),
(4, 'American Samoa', 'AS', 'ASM', '', 0, 1),
(5, 'Andorra', 'AD', 'AND', '', 0, 1),
(6, 'Angola', 'AO', 'AGO', '', 0, 1),
(7, 'Anguilla', 'AI', 'AIA', '', 0, 1),
(8, 'Antarctica', 'AQ', 'ATA', '', 0, 1),
(9, 'Antigua and Barbuda', 'AG', 'ATG', '', 0, 1),
(10, 'Argentina', 'AR', 'ARG', '', 0, 1),
(11, 'Armenia', 'AM', 'ARM', '', 0, 1),
(12, 'Aruba', 'AW', 'ABW', '', 0, 1),
(13, 'Australia', 'AU', 'AUS', '', 0, 1),
(14, 'Austria', 'AT', 'AUT', '', 0, 1),
(15, 'Azerbaijan', 'AZ', 'AZE', '', 0, 1),
(16, 'Bahamas', 'BS', 'BHS', '', 0, 1),
(17, 'Bahrain', 'BH', 'BHR', '', 0, 1),
(18, 'Bangladesh', 'BD', 'BGD', '', 0, 1),
(19, 'Barbados', 'BB', 'BRB', '', 0, 1),
(20, 'Belarus', 'BY', 'BLR', '', 0, 1),
(21, 'Belgium', 'BE', 'BEL', '{firstname} {lastname}\r\n{company}\r\n{address_1}\r\n{address_2}\r\n{postcode} {city}\r\n{country}', 0, 1),
(22, 'Belize', 'BZ', 'BLZ', '', 0, 1),
(23, 'Benin', 'BJ', 'BEN', '', 0, 1),
(24, 'Bermuda', 'BM', 'BMU', '', 0, 1),
(25, 'Bhutan', 'BT', 'BTN', '', 0, 1),
(26, 'Bolivia', 'BO', 'BOL', '', 0, 1),
(27, 'Bosnia and Herzegovina', 'BA', 'BIH', '', 0, 1),
(28, 'Botswana', 'BW', 'BWA', '', 0, 1),
(29, 'Bouvet Island', 'BV', 'BVT', '', 0, 1),
(30, 'Brazil', 'BR', 'BRA', '', 0, 1),
(31, 'British Indian Ocean Territory', 'IO', 'IOT', '', 0, 1),
(32, 'Brunei Darussalam', 'BN', 'BRN', '', 0, 1),
(33, 'Bulgaria', 'BG', 'BGR', '', 0, 1),
(34, 'Burkina Faso', 'BF', 'BFA', '', 0, 1),
(35, 'Burundi', 'BI', 'BDI', '', 0, 1),
(36, 'Cambodia', 'KH', 'KHM', '', 0, 1),
(37, 'Cameroon', 'CM', 'CMR', '', 0, 1),
(38, 'Canada', 'CA', 'CAN', '', 0, 1),
(39, 'Cape Verde', 'CV', 'CPV', '', 0, 1),
(40, 'Cayman Islands', 'KY', 'CYM', '', 0, 1),
(41, 'Central African Republic', 'CF', 'CAF', '', 0, 1),
(42, 'Chad', 'TD', 'TCD', '', 0, 1),
(43, 'Chile', 'CL', 'CHL', '', 0, 1),
(44, 'China', 'CN', 'CHN', '', 0, 1),
(45, 'Christmas Island', 'CX', 'CXR', '', 0, 1),
(46, 'Cocos (Keeling) Islands', 'CC', 'CCK', '', 0, 1),
(47, 'Colombia', 'CO', 'COL', '', 0, 1),
(48, 'Comoros', 'KM', 'COM', '', 0, 1),
(49, 'Congo', 'CG', 'COG', '', 0, 1),
(50, 'Cook Islands', 'CK', 'COK', '', 0, 1),
(51, 'Costa Rica', 'CR', 'CRI', '', 0, 1),
(52, 'Cote D\'Ivoire', 'CI', 'CIV', '', 0, 1),
(53, 'Croatia', 'HR', 'HRV', '', 0, 1),
(54, 'Cuba', 'CU', 'CUB', '', 0, 1),
(55, 'Cyprus', 'CY', 'CYP', '', 0, 1),
(56, 'Czech Republic', 'CZ', 'CZE', '', 0, 1),
(57, 'Denmark', 'DK', 'DNK', '', 0, 1),
(58, 'Djibouti', 'DJ', 'DJI', '', 0, 1),
(59, 'Dominica', 'DM', 'DMA', '', 0, 1),
(60, 'Dominican Republic', 'DO', 'DOM', '', 0, 1),
(61, 'East Timor', 'TL', 'TLS', '', 0, 1),
(62, 'Ecuador', 'EC', 'ECU', '', 0, 1),
(63, 'Egypt', 'EG', 'EGY', '', 0, 1),
(64, 'El Salvador', 'SV', 'SLV', '', 0, 1),
(65, 'Equatorial Guinea', 'GQ', 'GNQ', '', 0, 1),
(66, 'Eritrea', 'ER', 'ERI', '', 0, 1),
(67, 'Estonia', 'EE', 'EST', '', 0, 1),
(68, 'Ethiopia', 'ET', 'ETH', '', 0, 1),
(69, 'Falkland Islands (Malvinas)', 'FK', 'FLK', '', 0, 1),
(70, 'Faroe Islands', 'FO', 'FRO', '', 0, 1),
(71, 'Fiji', 'FJ', 'FJI', '', 0, 1),
(72, 'Finland', 'FI', 'FIN', '', 0, 1),
(74, 'France, Metropolitan', 'FR', 'FRA', '{firstname} {lastname}\r\n{company}\r\n{address_1}\r\n{address_2}\r\n{postcode} {city}\r\n{country}', 1, 1),
(75, 'French Guiana', 'GF', 'GUF', '', 0, 1),
(76, 'French Polynesia', 'PF', 'PYF', '', 0, 1),
(77, 'French Southern Territories', 'TF', 'ATF', '', 0, 1),
(78, 'Gabon', 'GA', 'GAB', '', 0, 1),
(79, 'Gambia', 'GM', 'GMB', '', 0, 1),
(80, 'Georgia', 'GE', 'GEO', '', 0, 1),
(81, 'Germany', 'DE', 'DEU', '{company}\r\n{firstname} {lastname}\r\n{address_1}\r\n{address_2}\r\n{postcode} {city}\r\n{country}', 1, 1),
(82, 'Ghana', 'GH', 'GHA', '', 0, 1),
(83, 'Gibraltar', 'GI', 'GIB', '', 0, 1),
(84, 'Greece', 'GR', 'GRC', '', 0, 1),
(85, 'Greenland', 'GL', 'GRL', '', 0, 1),
(86, 'Grenada', 'GD', 'GRD', '', 0, 1),
(87, 'Guadeloupe', 'GP', 'GLP', '', 0, 1),
(88, 'Guam', 'GU', 'GUM', '', 0, 1),
(89, 'Guatemala', 'GT', 'GTM', '', 0, 1),
(90, 'Guinea', 'GN', 'GIN', '', 0, 1),
(91, 'Guinea-Bissau', 'GW', 'GNB', '', 0, 1),
(92, 'Guyana', 'GY', 'GUY', '', 0, 1),
(93, 'Haiti', 'HT', 'HTI', '', 0, 1),
(94, 'Heard and Mc Donald Islands', 'HM', 'HMD', '', 0, 1),
(95, 'Honduras', 'HN', 'HND', '', 0, 1),
(96, 'Hong Kong', 'HK', 'HKG', '', 0, 1),
(97, 'Hungary', 'HU', 'HUN', '', 0, 1),
(98, 'Iceland', 'IS', 'ISL', '', 0, 1),
(99, 'India', 'IN', 'IND', '', 0, 1),
(100, 'Indonesia', 'ID', 'IDN', '', 0, 1),
(101, 'Iran (Islamic Republic of)', 'IR', 'IRN', '', 0, 1),
(102, 'Iraq', 'IQ', 'IRQ', '', 0, 1),
(103, 'Ireland', 'IE', 'IRL', '', 0, 1),
(104, 'Israel', 'IL', 'ISR', '', 0, 1),
(105, 'Italy', 'IT', 'ITA', '', 0, 1),
(106, 'Jamaica', 'JM', 'JAM', '', 0, 1),
(107, 'Japan', 'JP', 'JPN', '', 0, 1),
(108, 'Jordan', 'JO', 'JOR', '', 0, 1),
(109, 'Kazakhstan', 'KZ', 'KAZ', '', 0, 1),
(110, 'Kenya', 'KE', 'KEN', '', 0, 1),
(111, 'Kiribati', 'KI', 'KIR', '', 0, 1),
(112, 'North Korea', 'KP', 'PRK', '', 0, 1),
(113, 'Korea, Republic of', 'KR', 'KOR', '', 0, 1),
(114, 'Kuwait', 'KW', 'KWT', '', 0, 1),
(115, 'Kyrgyzstan', 'KG', 'KGZ', '', 0, 1),
(116, 'Lao People\'s Democratic Republic', 'LA', 'LAO', '', 0, 1),
(117, 'Latvia', 'LV', 'LVA', '', 0, 1),
(118, 'Lebanon', 'LB', 'LBN', '', 0, 1),
(119, 'Lesotho', 'LS', 'LSO', '', 0, 1),
(120, 'Liberia', 'LR', 'LBR', '', 0, 1),
(121, 'Libyan Arab Jamahiriya', 'LY', 'LBY', '', 0, 1),
(122, 'Liechtenstein', 'LI', 'LIE', '', 0, 1),
(123, 'Lithuania', 'LT', 'LTU', '', 0, 1),
(124, 'Luxembourg', 'LU', 'LUX', '', 0, 1),
(125, 'Macau', 'MO', 'MAC', '', 0, 1),
(126, 'FYROM', 'MK', 'MKD', '', 0, 1),
(127, 'Madagascar', 'MG', 'MDG', '', 0, 1),
(128, 'Malawi', 'MW', 'MWI', '', 0, 1),
(129, 'Malaysia', 'MY', 'MYS', '', 0, 1),
(130, 'Maldives', 'MV', 'MDV', '', 0, 1),
(131, 'Mali', 'ML', 'MLI', '', 0, 1),
(132, 'Malta', 'MT', 'MLT', '', 0, 1),
(133, 'Marshall Islands', 'MH', 'MHL', '', 0, 1),
(134, 'Martinique', 'MQ', 'MTQ', '', 0, 1),
(135, 'Mauritania', 'MR', 'MRT', '', 0, 1),
(136, 'Mauritius', 'MU', 'MUS', '', 0, 1),
(137, 'Mayotte', 'YT', 'MYT', '', 0, 1),
(138, 'Mexico', 'MX', 'MEX', '', 0, 1),
(139, 'Micronesia, Federated States of', 'FM', 'FSM', '', 0, 1),
(140, 'Moldova, Republic of', 'MD', 'MDA', '', 0, 1),
(141, 'Monaco', 'MC', 'MCO', '', 0, 1),
(142, 'Mongolia', 'MN', 'MNG', '', 0, 1),
(143, 'Montserrat', 'MS', 'MSR', '', 0, 1),
(144, 'Morocco', 'MA', 'MAR', '', 0, 1),
(145, 'Mozambique', 'MZ', 'MOZ', '', 0, 1),
(146, 'Myanmar', 'MM', 'MMR', '', 0, 1),
(147, 'Namibia', 'NA', 'NAM', '', 0, 1),
(148, 'Nauru', 'NR', 'NRU', '', 0, 1),
(149, 'Nepal', 'NP', 'NPL', '', 0, 1),
(150, 'Netherlands', 'NL', 'NLD', '', 0, 1),
(151, 'Netherlands Antilles', 'AN', 'ANT', '', 0, 1),
(152, 'New Caledonia', 'NC', 'NCL', '', 0, 1),
(153, 'New Zealand', 'NZ', 'NZL', '', 0, 1),
(154, 'Nicaragua', 'NI', 'NIC', '', 0, 1),
(155, 'Niger', 'NE', 'NER', '', 0, 1),
(156, 'Nigeria', 'NG', 'NGA', '', 0, 1),
(157, 'Niue', 'NU', 'NIU', '', 0, 1),
(158, 'Norfolk Island', 'NF', 'NFK', '', 0, 1),
(159, 'Northern Mariana Islands', 'MP', 'MNP', '', 0, 1),
(160, 'Norway', 'NO', 'NOR', '', 0, 1),
(161, 'Oman', 'OM', 'OMN', '', 0, 1),
(162, 'Pakistan', 'PK', 'PAK', '', 0, 1),
(163, 'Palau', 'PW', 'PLW', '', 0, 1),
(164, 'Panama', 'PA', 'PAN', '', 0, 1),
(165, 'Papua New Guinea', 'PG', 'PNG', '', 0, 1),
(166, 'Paraguay', 'PY', 'PRY', '', 0, 1),
(167, 'Peru', 'PE', 'PER', '', 0, 1),
(168, 'Philippines', 'PH', 'PHL', '', 0, 1),
(169, 'Pitcairn', 'PN', 'PCN', '', 0, 1),
(170, 'Poland', 'PL', 'POL', '', 0, 1),
(171, 'Portugal', 'PT', 'PRT', '', 0, 1),
(172, 'Puerto Rico', 'PR', 'PRI', '', 0, 1),
(173, 'Qatar', 'QA', 'QAT', '', 0, 1),
(174, 'Reunion', 'RE', 'REU', '', 0, 1),
(175, 'Romania', 'RO', 'ROM', '', 0, 1),
(176, 'Russian Federation', 'RU', 'RUS', '', 0, 1),
(177, 'Rwanda', 'RW', 'RWA', '', 0, 1),
(178, 'Saint Kitts and Nevis', 'KN', 'KNA', '', 0, 1),
(179, 'Saint Lucia', 'LC', 'LCA', '', 0, 1),
(180, 'Saint Vincent and the Grenadines', 'VC', 'VCT', '', 0, 1),
(181, 'Samoa', 'WS', 'WSM', '', 0, 1),
(182, 'San Marino', 'SM', 'SMR', '', 0, 1),
(183, 'Sao Tome and Principe', 'ST', 'STP', '', 0, 1),
(184, 'Saudi Arabia', 'SA', 'SAU', '', 0, 1),
(185, 'Senegal', 'SN', 'SEN', '', 0, 1),
(186, 'Seychelles', 'SC', 'SYC', '', 0, 1),
(187, 'Sierra Leone', 'SL', 'SLE', '', 0, 1),
(188, 'Singapore', 'SG', 'SGP', '', 0, 1),
(189, 'Slovak Republic', 'SK', 'SVK', '{firstname} {lastname}\r\n{company}\r\n{address_1}\r\n{address_2}\r\n{city} {postcode}\r\n{zone}\r\n{country}', 0, 1),
(190, 'Slovenia', 'SI', 'SVN', '', 0, 1),
(191, 'Solomon Islands', 'SB', 'SLB', '', 0, 1),
(192, 'Somalia', 'SO', 'SOM', '', 0, 1),
(193, 'South Africa', 'ZA', 'ZAF', '', 0, 1),
(194, 'South Georgia &amp; South Sandwich Islands', 'GS', 'SGS', '', 0, 1),
(195, 'Spain', 'ES', 'ESP', '', 0, 1),
(196, 'Sri Lanka', 'LK', 'LKA', '', 0, 1),
(197, 'St. Helena', 'SH', 'SHN', '', 0, 1),
(198, 'St. Pierre and Miquelon', 'PM', 'SPM', '', 0, 1),
(199, 'Sudan', 'SD', 'SDN', '', 0, 1),
(200, 'Suriname', 'SR', 'SUR', '', 0, 1),
(201, 'Svalbard and Jan Mayen Islands', 'SJ', 'SJM', '', 0, 1),
(202, 'Swaziland', 'SZ', 'SWZ', '', 0, 1),
(203, 'Sweden', 'SE', 'SWE', '{company}\r\n{firstname} {lastname}\r\n{address_1}\r\n{address_2}\r\n{postcode} {city}\r\n{country}', 1, 1),
(204, 'Switzerland', 'CH', 'CHE', '', 0, 1),
(205, 'Syrian Arab Republic', 'SY', 'SYR', '', 0, 1),
(206, 'Taiwan', 'TW', 'TWN', '', 0, 1),
(207, 'Tajikistan', 'TJ', 'TJK', '', 0, 1),
(208, 'Tanzania, United Republic of', 'TZ', 'TZA', '', 0, 1),
(209, 'Thailand', 'TH', 'THA', '', 0, 1),
(210, 'Togo', 'TG', 'TGO', '', 0, 1),
(211, 'Tokelau', 'TK', 'TKL', '', 0, 1),
(212, 'Tonga', 'TO', 'TON', '', 0, 1),
(213, 'Trinidad and Tobago', 'TT', 'TTO', '', 0, 1),
(214, 'Tunisia', 'TN', 'TUN', '', 0, 1),
(215, 'Turkey', 'TR', 'TUR', '', 0, 1),
(216, 'Turkmenistan', 'TM', 'TKM', '', 0, 1),
(217, 'Turks and Caicos Islands', 'TC', 'TCA', '', 0, 1),
(218, 'Tuvalu', 'TV', 'TUV', '', 0, 1),
(219, 'Uganda', 'UG', 'UGA', '', 0, 1),
(220, 'Ukraine', 'UA', 'UKR', '', 0, 1),
(221, 'United Arab Emirates', 'AE', 'ARE', '', 0, 1),
(222, 'United Kingdom', 'GB', 'GBR', '', 1, 1),
(223, 'United States', 'US', 'USA', '{firstname} {lastname}\r\n{company}\r\n{address_1}\r\n{address_2}\r\n{city}, {zone} {postcode}\r\n{country}', 0, 1),
(224, 'United States Minor Outlying Islands', 'UM', 'UMI', '', 0, 1),
(225, 'Uruguay', 'UY', 'URY', '', 0, 1),
(226, 'Uzbekistan', 'UZ', 'UZB', '', 0, 1),
(227, 'Vanuatu', 'VU', 'VUT', '', 0, 1),
(228, 'Vatican City State (Holy See)', 'VA', 'VAT', '', 0, 1),
(229, 'Venezuela', 'VE', 'VEN', '', 0, 1),
(230, 'Viet Nam', 'VN', 'VNM', '', 0, 1),
(231, 'Virgin Islands (British)', 'VG', 'VGB', '', 0, 1),
(232, 'Virgin Islands (U.S.)', 'VI', 'VIR', '', 0, 1),
(233, 'Wallis and Futuna Islands', 'WF', 'WLF', '', 0, 1),
(234, 'Western Sahara', 'EH', 'ESH', '', 0, 1),
(235, 'Yemen', 'YE', 'YEM', '', 0, 1),
(237, 'Democratic Republic of Congo', 'CD', 'COD', '', 0, 1),
(238, 'Zambia', 'ZM', 'ZMB', '', 0, 1),
(239, 'Zimbabwe', 'ZW', 'ZWE', '', 0, 1),
(242, 'Montenegro', 'ME', 'MNE', '', 0, 1),
(243, 'Serbia', 'RS', 'SRB', '', 0, 1),
(244, 'Aaland Islands', 'AX', 'ALA', '', 0, 1),
(245, 'Bonaire, Sint Eustatius and Saba', 'BQ', 'BES', '', 0, 1),
(246, 'Curacao', 'CW', 'CUW', '', 0, 1),
(247, 'Palestinian Territory, Occupied', 'PS', 'PSE', '', 0, 1),
(248, 'South Sudan', 'SS', 'SSD', '', 0, 1),
(249, 'St. Barthelemy', 'BL', 'BLM', '', 0, 1),
(250, 'St. Martin (French part)', 'MF', 'MAF', '', 0, 1),
(251, 'Canary Islands', 'IC', 'ICA', '', 0, 1),
(252, 'Ascension Island (British)', 'AC', 'ASC', '', 0, 1),
(253, 'Kosovo, Republic of', 'XK', 'UNK', '', 0, 1),
(254, 'Isle of Man', 'IM', 'IMN', '', 0, 1),
(255, 'Tristan da Cunha', 'TA', 'SHN', '', 0, 1),
(256, 'Guernsey', 'GG', 'GGY', '', 0, 1),
(257, 'Jersey', 'JE', 'JEY', '', 0, 1);

-- --------------------------------------------------------

--
-- Структура таблицы `ts_coupon`
--

CREATE TABLE IF NOT EXISTS `ts_coupon` (
  `coupon_id` int(11) NOT NULL AUTO_INCREMENT,
  `name` varchar(128) NOT NULL,
  `code` varchar(10) NOT NULL,
  `type` char(1) NOT NULL,
  `discount` decimal(15,4) NOT NULL,
  `logged` tinyint(1) NOT NULL,
  `shipping` tinyint(1) NOT NULL,
  `total` decimal(15,4) NOT NULL,
  `date_start` date NOT NULL DEFAULT '0000-00-00',
  `date_end` date NOT NULL DEFAULT '0000-00-00',
  `uses_total` int(11) NOT NULL,
  `uses_customer` varchar(11) NOT NULL,
  `status` tinyint(1) NOT NULL,
  `date_added` datetime NOT NULL,
  PRIMARY KEY (`coupon_id`)
) ENGINE=MyISAM AUTO_INCREMENT=9 DEFAULT CHARSET=utf8;

--
-- Дамп данных таблицы `ts_coupon`
--

INSERT INTO `ts_coupon` (`coupon_id`, `name`, `code`, `type`, `discount`, `logged`, `shipping`, `total`, `date_start`, `date_end`, `uses_total`, `uses_customer`, `status`, `date_added`) VALUES
(4, '-10% Discount', '2222', 'P', '10.0000', 0, 0, '0.0000', '2014-01-01', '2020-01-01', 10, '10', 0, '2009-01-27 13:55:03'),
(5, 'Free Shipping', '3333', 'P', '0.0000', 0, 1, '100.0000', '2014-01-01', '2014-02-01', 10, '10', 0, '2009-03-14 21:13:53'),
(6, '-10.00 Discount', '1111', 'F', '10.0000', 0, 0, '10.0000', '2014-01-01', '2020-01-01', 100000, '10000', 0, '2009-03-14 21:15:18'),
(7, 'test', '12345', 'P', '10.0000', 0, 0, '0.0000', '2015-11-11', '2015-12-11', 1, '1', 1, '2015-11-11 08:02:45'),
(8, 'test test ', '1234', 'F', '1000.0000', 0, 0, '0.0000', '2015-11-27', '2015-12-27', 5, '1', 1, '2015-11-27 08:08:18');

-- --------------------------------------------------------

--
-- Структура таблицы `ts_coupon_category`
--

CREATE TABLE IF NOT EXISTS `ts_coupon_category` (
  `coupon_id` int(11) NOT NULL,
  `category_id` int(11) NOT NULL,
  PRIMARY KEY (`coupon_id`,`category_id`)
) ENGINE=MyISAM DEFAULT CHARSET=utf8;

-- --------------------------------------------------------

--
-- Структура таблицы `ts_coupon_history`
--

CREATE TABLE IF NOT EXISTS `ts_coupon_history` (
  `coupon_history_id` int(11) NOT NULL AUTO_INCREMENT,
  `coupon_id` int(11) NOT NULL,
  `order_id` int(11) NOT NULL,
  `customer_id` int(11) NOT NULL,
  `amount` decimal(15,4) NOT NULL,
  `date_added` datetime NOT NULL,
  PRIMARY KEY (`coupon_history_id`)
) ENGINE=MyISAM DEFAULT CHARSET=utf8;

-- --------------------------------------------------------

--
-- Структура таблицы `ts_coupon_product`
--

CREATE TABLE IF NOT EXISTS `ts_coupon_product` (
  `coupon_product_id` int(11) NOT NULL AUTO_INCREMENT,
  `coupon_id` int(11) NOT NULL,
  `product_id` int(11) NOT NULL,
  PRIMARY KEY (`coupon_product_id`)
) ENGINE=MyISAM AUTO_INCREMENT=2 DEFAULT CHARSET=utf8;

--
-- Дамп данных таблицы `ts_coupon_product`
--

INSERT INTO `ts_coupon_product` (`coupon_product_id`, `coupon_id`, `product_id`) VALUES
(1, 7, 75);

-- --------------------------------------------------------

--
-- Структура таблицы `ts_currency`
--

CREATE TABLE IF NOT EXISTS `ts_currency` (
  `currency_id` int(11) NOT NULL AUTO_INCREMENT,
  `title` varchar(32) NOT NULL,
  `code` varchar(3) NOT NULL,
  `symbol_left` varchar(12) NOT NULL,
  `symbol_right` varchar(12) NOT NULL,
  `decimal_place` char(1) NOT NULL,
  `value` float(15,8) NOT NULL,
  `status` tinyint(1) NOT NULL,
  `date_modified` datetime NOT NULL,
  PRIMARY KEY (`currency_id`)
) ENGINE=MyISAM AUTO_INCREMENT=5 DEFAULT CHARSET=utf8;

--
-- Дамп данных таблицы `ts_currency`
--

INSERT INTO `ts_currency` (`currency_id`, `title`, `code`, `symbol_left`, `symbol_right`, `decimal_place`, `value`, `status`, `date_modified`) VALUES
(4, 'Рубль', 'RUB', '', ' руб.', '0', 1.00000000, 1, '2016-06-02 16:55:30');

-- --------------------------------------------------------

--
-- Структура таблицы `ts_customer`
--

CREATE TABLE IF NOT EXISTS `ts_customer` (
  `customer_id` int(11) NOT NULL AUTO_INCREMENT,
  `customer_group_id` int(11) NOT NULL,
  `store_id` int(11) NOT NULL DEFAULT '0',
  `firstname` varchar(32) NOT NULL,
  `lastname` varchar(32) NOT NULL,
  `email` varchar(96) NOT NULL,
  `telephone` varchar(32) NOT NULL,
  `fax` varchar(32) NOT NULL,
  `password` varchar(40) NOT NULL,
  `salt` varchar(9) NOT NULL,
  `cart` text,
  `wishlist` text,
  `newsletter` tinyint(1) NOT NULL DEFAULT '0',
  `address_id` int(11) NOT NULL DEFAULT '0',
  `custom_field` text NOT NULL,
  `ip` varchar(40) NOT NULL,
  `status` tinyint(1) NOT NULL,
  `approved` tinyint(1) NOT NULL,
  `safe` tinyint(1) NOT NULL,
  `token` varchar(255) NOT NULL,
  `date_added` datetime NOT NULL,
  PRIMARY KEY (`customer_id`)
) ENGINE=MyISAM AUTO_INCREMENT=68 DEFAULT CHARSET=utf8;

--
-- Дамп данных таблицы `ts_customer`
--

INSERT INTO `ts_customer` (`customer_id`, `customer_group_id`, `store_id`, `firstname`, `lastname`, `email`, `telephone`, `fax`, `password`, `salt`, `cart`, `wishlist`, `newsletter`, `address_id`, `custom_field`, `ip`, `status`, `approved`, `safe`, `token`, `date_added`) VALUES
(42, 1, 0, 'Wendy', '', 'lemurof@yandex.ru', '895559rure356222', '', '6cfcab7be434c2e1a8dd2dbc766e4f20b188cc43', 'a51610214', 'a:6:{s:40:"YToxOntzOjEwOiJwcm9kdWN0X2lkIjtpOjc1O30=";i:3;s:40:"YToxOntzOjEwOiJwcm9kdWN0X2lkIjtpOjExMTt9";i:2;s:40:"YToxOntzOjEwOiJwcm9kdWN0X2lkIjtpOjExMzt9";i:1;s:40:"YToxOntzOjEwOiJwcm9kdWN0X2lkIjtpOjEwOTt9";i:1;s:80:"YToyOntzOjEwOiJwcm9kdWN0X2lkIjtpOjkwO3M6Njoib3B0aW9uIjthOjE6e2k6MTtzOjE6IjEiO319";i:1;s:40:"YToxOntzOjEwOiJwcm9kdWN0X2lkIjtpOjc3O30=";i:1;}', 'a:9:{i:2;i:75;i:3;i:90;i:4;i:109;i:5;i:111;i:6;i:110;i:7;i:77;i:8;i:113;i:9;i:112;i:10;i:114;}', 0, 0, '', '88.81.43.14', 1, 1, 0, '', '2015-10-29 15:24:42'),
(40, 1, 0, 'Валентин Расулов', '', 'info@artdevue.com', '71112223456', '', '24d5d13ce0a2f15c5d45fd2f60bc416f41c81bb6', 'a8dd30b77', 'a:1:{s:40:"YToxOntzOjEwOiJwcm9kdWN0X2lkIjtpOjc1O30=";i:1;}', 'a:1:{i:0;i:90;}', 0, 0, '', '95.134.49.182', 1, 1, 0, '', '2015-10-27 03:22:15'),
(41, 1, 0, 'Петр ', ' ', 'pyadrov@gmail.com', '+79266850825', '', '7b2d02218a16d25e1b3a5c66b3f5aae12a375f3d', '01934457a', 'a:2:{s:40:"YToxOntzOjEwOiJwcm9kdWN0X2lkIjtpOjE5MDt9";i:1;s:40:"YToxOntzOjEwOiJwcm9kdWN0X2lkIjtpOjExNTt9";i:1;}', 'a:4:{i:0;i:90;i:1;i:75;i:2;i:113;i:3;i:111;}', 0, 42, '', '188.123.230.218', 1, 1, 0, '', '2015-10-28 05:07:17'),
(66, 1, 0, 'Dfcz ', ' ', 'vasyvasya@vasya.com', '+79997856432', '', '05968f1894082a3d04b18ce15ee862ae18c5e295', 'f2cc99608', 'a:1:{s:40:"YToxOntzOjEwOiJwcm9kdWN0X2lkIjtpOjExODt9";i:1;}', 'a:0:{}', 0, 0, '', '188.123.230.218', 1, 1, 0, '', '2016-05-25 12:04:39'),
(43, 1, 0, 'Алексей', ' ', 'kvershinam@gmail.com', '+79265789256', '', '840b0e926958f1a6fed6985cd5bb070dcff468d4', 'e2158a91b', 'a:1:{s:80:"YToyOntzOjEwOiJwcm9kdWN0X2lkIjtpOjkwO3M6Njoib3B0aW9uIjthOjE6e2k6MTtzOjE6IjEiO319";i:1;}', 'a:3:{i:0;i:75;i:1;i:90;i:2;i:111;}', 0, 0, '', '91.228.179.121', 1, 1, 0, '', '2016-04-21 13:02:10'),
(44, 1, 0, 'Елизавета', ' ', 'esarkisova77@gmail.com', '79064257922', '', 'd88cc56d12590ba8401baf8d42220b3d1a808c65', 'ebf26ee96', 'a:0:{}', 'a:2:{i:0;i:90;i:1;i:75;}', 0, 0, '', '78.107.67.149', 1, 1, 0, '', '2016-04-25 10:41:37'),
(45, 1, 0, 'дмитрий', ' ', 'kuznetdim@yandex.ru', '89185605434', '', 'f5a1efb3515618939d787eddc84682ab882086f8', '06fffa5b6', 'a:0:{}', '', 0, 0, '', '78.107.67.149', 1, 1, 0, '', '2016-04-25 15:03:45'),
(46, 1, 0, '111', ' ', 'kuznetdim1@yandex.ru', '11111111111', '', '588a1740e2a394cf2a14f663f84fb55664ad9a78', 'b4afdbe8f', 'a:0:{}', '', 0, 0, '', '78.107.67.149', 1, 1, 0, '', '2016-04-25 15:06:44'),
(47, 1, 0, '123456', ' ', 'tut@tut.by', '12345678910', '', '7c26a01902f7945b0dc17be9cf71036823804140', '653d6b307', 'a:0:{}', 'a:0:{}', 0, 0, '', '46.53.195.9', 1, 1, 0, '', '2016-05-16 20:37:21'),
(48, 1, 0, 'выафывафыв', ' ', 'dsfsdf@sdfsdf.by', '22345678901', '', '1b69af2fd85a64a8fb95a19345657ef72591a48e', '374d0ca5b', 'a:0:{}', '', 0, 0, '', '46.53.195.9', 1, 1, 0, '', '2016-05-16 20:45:06'),
(49, 1, 0, 'sdafsdfasdf', ' ', 'sadfasdf@sdfsdf.mo', '22134567890', '', 'd8b4961e9d70a3ae9ab4f49ef4d6d6000a410389', '574748a83', 'a:0:{}', '', 0, 0, '', '46.53.195.9', 1, 1, 0, '', '2016-05-16 20:47:57'),
(50, 1, 0, 'sdafsdfsdf', ' ', 'sadfasdfasdf@dfgsdfg.by', '12345667890', '', '15629ced0af9901414f1f2642bc118cbe0eafb6d', '66c093d79', 'a:0:{}', '', 0, 0, '', '46.53.195.9', 1, 1, 0, '', '2016-05-16 20:49:56'),
(51, 1, 0, '123456', ' ', 'pwerwer@ewrwer.by', '12345678910', '', '77e0aa0b7c1f444b39aad591b0625831bb52a8ae', 'cc3f2ea70', 'a:0:{}', 'a:7:{i:0;i:90;i:1;i:111;i:2;i:109;i:3;i:77;i:4;i:113;i:5;i:114;i:6;i:112;}', 0, 0, '', '46.53.195.9', 1, 1, 0, '', '2016-05-17 16:44:23'),
(52, 1, 0, 'asdfasdf asdfsadff', ' ', 'werwer@dsfsdf.by', '+71112223453', '', '18a3b51c7fd49e3161f5cd37ab8b151f4408eff4', '2c588c584', 'a:0:{}', 'a:1:{i:0;i:90;}', 0, 0, '', '46.53.195.9', 1, 1, 0, '', '2016-05-17 18:31:35'),
(53, 1, 0, 'sdafsdf sdafasdfasdf', ' ', 'sdfasdf@rwerwer.by', '+71112223459', '', 'd99930bce10f9a31f9081d9ccf2591523827d9a7', '82f9f401d', 'a:1:{s:40:"YToxOntzOjEwOiJwcm9kdWN0X2lkIjtpOjExMTt9";i:1;}', 'a:1:{i:0;i:111;}', 0, 0, '', '46.53.195.9', 1, 1, 0, '', '2016-05-17 20:23:59'),
(54, 1, 0, 'sadgfadfg asdfgasdf', ' ', 'dfsgdfg@sdfsdf.by', '+71112223452', '', 'd7c7bd5b0d323fff051dd345fb15d1d4adee48fa', '2b16dddd6', 'a:2:{s:40:"YToxOntzOjEwOiJwcm9kdWN0X2lkIjtpOjExMTt9";i:1;s:80:"YToyOntzOjEwOiJwcm9kdWN0X2lkIjtpOjkwO3M6Njoib3B0aW9uIjthOjE6e2k6MTtzOjE6IjEiO319";i:1;}', 'a:0:{}', 0, 0, '', '46.53.195.9', 1, 1, 0, '', '2016-05-17 20:37:50'),
(55, 1, 0, 'asdfsdfasdf asgdfg', ' ', 'asdfsdf@sdfsdf.by', '+71112223451', '', 'd2758bd6dc70d822ff0bbe663f6c06186afbdb0a', '718914576', 'a:1:{s:40:"YToxOntzOjEwOiJwcm9kdWN0X2lkIjtpOjEwOTt9";i:1;}', 'a:0:{}', 0, 0, '', '46.53.195.9', 1, 1, 0, '', '2016-05-17 20:39:33'),
(56, 1, 0, 'dsfgsdfg sdfhfdgh', ' ', 'sdhfghdsfgh@dfsdf.nu', '+71112223457', '', '1580bb7ebe51cd0a67d48cf933906a3421142d7c', 'b4c70c884', 'a:1:{s:80:"YToyOntzOjEwOiJwcm9kdWN0X2lkIjtpOjkwO3M6Njoib3B0aW9uIjthOjE6e2k6MTtzOjE6IjEiO319";i:1;}', 'a:0:{}', 0, 0, '', '46.53.195.9', 1, 1, 0, '', '2016-05-17 20:41:06'),
(57, 1, 0, 'erqwerqwer wqerqwer', ' ', 'wqerqwer@sdfsd.ty', '+71112223454', '', 'dec77821de9f72a7b2df4ce3174194e617df7ecb', '85716876a', 'a:1:{s:40:"YToxOntzOjEwOiJwcm9kdWN0X2lkIjtpOjExMzt9";i:1;}', 'a:0:{}', 0, 0, '', '46.53.195.9', 1, 1, 0, '', '2016-05-17 20:42:57'),
(58, 1, 0, 'dfgsdfg sdfgsdf', ' ', 'gsdfgsdfg@sdfsdf.by', '+711122234512', '', 'bb44309b151b18a7072c62f88c96e96f0727edab', 'd421a6120', 'a:1:{s:40:"YToxOntzOjEwOiJwcm9kdWN0X2lkIjtpOjExMTt9";i:1;}', 'a:0:{}', 0, 0, '', '46.53.195.9', 1, 1, 0, '', '2016-05-17 20:52:33'),
(59, 1, 0, 'asdfasdf asdfasdf', ' ', 'sadfasdf@dsfsd,by', '+71112223453', '', 'c348c8c3ff487f50fe646cf0784044d1aae2dc94', '6f455e347', 'a:1:{s:80:"YToyOntzOjEwOiJwcm9kdWN0X2lkIjtpOjkwO3M6Njoib3B0aW9uIjthOjE6e2k6MTtzOjE6IjEiO319";i:1;}', 'a:0:{}', 0, 0, '', '46.53.195.9', 1, 1, 0, '', '2016-05-17 21:13:47'),
(60, 1, 0, 'dsfgsd sdfghfg', ' ', 'fgdhdfgh@sadas.by', '+71112223456', '', '37e5865f9c75f5c88c052d0fcadae86df8e2eec6', 'f35446e06', 'a:1:{s:80:"YToyOntzOjEwOiJwcm9kdWN0X2lkIjtpOjkwO3M6Njoib3B0aW9uIjthOjE6e2k6MTtzOjE6IjEiO319";i:1;}', 'a:0:{}', 0, 0, '', '46.53.195.9', 1, 1, 0, '', '2016-05-17 21:27:38'),
(61, 1, 0, 'werqqwer qwerqwt', ' ', 'erwtwer@sdafsdfsd.by', '+71112223456 ', '', '2b20fddf78d2d50e70ec962a4e9a3dda529aacdb', '72785f5a3', 'a:1:{s:40:"YToxOntzOjEwOiJwcm9kdWN0X2lkIjtpOjEwOTt9";i:1;}', 'a:0:{}', 0, 0, '', '46.53.195.9', 1, 1, 0, '', '2016-05-17 21:32:15'),
(62, 1, 0, 'rtuyrtuy rtuyrtuy', ' ', 'rtuyrtuy@dsfsdf.by', '+71112223456', '', '130f87861e4419acfddcd37ebf323593a8bd6c18', '288927593', 'a:0:{}', 'a:0:{}', 0, 0, '', '46.53.195.9', 1, 1, 0, '', '2016-05-17 21:33:36'),
(63, 1, 0, 'Алексей', ' ', 'ceo@be1st.pro', '+79265789256', '', '115da5a2952aef41800e056d95fc73b34359776d', '634b10d8e', 'a:0:{}', '', 0, 0, '', '91.228.179.121', 1, 1, 0, '', '2016-05-20 17:50:30'),
(64, 1, 0, 'retert', ' ', 'tut1@tut.by', '12345678901', '', '23506d693e44b7946eaa74c090c7cfaef15b9a65', 'db82b68fa', 'a:0:{}', 'a:3:{i:0;i:140;i:1;i:122;i:2;i:118;}', 0, 0, '', '46.53.195.9', 1, 1, 0, '', '2016-05-20 17:57:10'),
(65, 1, 0, 'dfsgdfg', ' ', 'gdsfgdfg@dsfgsdf.nu', '12345678901', '', '58e172e48624101baf4f6aac14f40897b990d100', '55b2b0f23', 'a:0:{}', 'a:5:{i:0;i:121;i:1;i:119;i:2;i:120;i:3;i:123;i:4;i:138;}', 0, 0, '', '46.53.195.9', 1, 1, 0, '', '2016-05-20 19:57:46'),
(67, 1, 0, 'Дмитрий', ' Корный', '00077712@mail.ru', '80505303990', 'admindip', '75da0634447d1cc74635d7b9948412b43375e4c1', 'aee9e08d2', 'a:2:{s:84:"YToyOntzOjEwOiJwcm9kdWN0X2lkIjtpOjEyMjtzOjY6Im9wdGlvbiI7YToxOntpOjEyO3M6MjoiMjAiO319";i:1;s:84:"YToyOntzOjEwOiJwcm9kdWN0X2lkIjtpOjExODtzOjY6Im9wdGlvbiI7YToxOntpOjE0O3M6MjoiMjIiO319";i:1;}', 'a:0:{}', 0, 56, 'a:0:{}', '109.254.49.107', 1, 1, 0, '', '2016-06-20 11:14:14');

-- --------------------------------------------------------

--
-- Структура таблицы `ts_customer_activity`
--

CREATE TABLE IF NOT EXISTS `ts_customer_activity` (
  `activity_id` int(11) NOT NULL AUTO_INCREMENT,
  `customer_id` int(11) NOT NULL,
  `key` varchar(64) NOT NULL,
  `data` text NOT NULL,
  `ip` varchar(40) NOT NULL,
  `date_added` datetime NOT NULL,
  PRIMARY KEY (`activity_id`)
) ENGINE=MyISAM AUTO_INCREMENT=211 DEFAULT CHARSET=utf8;

--
-- Дамп данных таблицы `ts_customer_activity`
--

INSERT INTO `ts_customer_activity` (`activity_id`, `customer_id`, `key`, `data`, `ip`, `date_added`) VALUES
(1, 18, 'login', 'a:2:{s:11:"customer_id";s:2:"18";s:4:"name";s:31:"Валентин Расулов";}', '95.133.86.92', '2015-04-25 21:00:21'),
(2, 18, 'login', 'a:2:{s:11:"customer_id";s:2:"18";s:4:"name";s:31:"Валентин Расулов";}', '95.134.59.190', '2015-04-27 00:42:06'),
(3, 18, 'login', 'a:2:{s:11:"customer_id";s:2:"18";s:4:"name";s:31:"Валентин Расулов";}', '95.134.59.190', '2015-04-27 16:21:39'),
(4, 18, 'login', 'a:2:{s:11:"customer_id";s:2:"18";s:4:"name";s:31:"Валентин Расулов";}', '95.134.10.193', '2015-04-28 17:17:30'),
(5, 18, 'login', 'a:2:{s:11:"customer_id";s:2:"18";s:4:"name";s:31:"Валентин Расулов";}', '95.134.38.59', '2015-04-30 03:22:09'),
(6, 18, 'login', 'a:2:{s:11:"customer_id";s:2:"18";s:4:"name";s:31:"Валентин Расулов";}', '95.134.38.59', '2015-04-30 05:36:22'),
(7, 18, 'login', 'a:2:{s:11:"customer_id";s:2:"18";s:4:"name";s:31:"Валентин Расулов";}', '95.133.8.149', '2015-05-01 05:03:55'),
(8, 23, 'register', 'a:2:{s:11:"customer_id";s:2:"23";s:4:"name";s:25:"Алла Расулова";}', '95.133.8.149', '2015-05-01 05:55:08'),
(9, 23, 'login', 'a:2:{s:11:"customer_id";s:2:"23";s:4:"name";s:27:"Алла Расулова  ";}', '95.133.8.149', '2015-05-01 07:42:52'),
(10, 23, 'login', 'a:2:{s:11:"customer_id";s:2:"23";s:4:"name";s:27:"Алла Расулова  ";}', '95.133.8.149', '2015-05-01 10:21:23'),
(11, 23, 'login', 'a:2:{s:11:"customer_id";s:2:"23";s:4:"name";s:27:"Алла Расулова  ";}', '95.133.8.149', '2015-05-01 13:06:46'),
(12, 23, 'edit', 'a:2:{s:11:"customer_id";s:2:"23";s:4:"name";s:27:"Алла Расулова  ";}', '95.133.8.149', '2015-05-01 14:23:40'),
(13, 23, 'edit', 'a:2:{s:11:"customer_id";s:2:"23";s:4:"name";s:26:"Алла Расулова ";}', '95.133.8.149', '2015-05-01 14:24:24'),
(14, 23, 'edit', 'a:2:{s:11:"customer_id";s:2:"23";s:4:"name";s:26:"Алла Расулова ";}', '95.133.8.149', '2015-05-01 14:25:46'),
(15, 23, 'edit', 'a:2:{s:11:"customer_id";s:2:"23";s:4:"name";s:26:"Алла Расулова ";}', '95.133.8.149', '2015-05-01 14:26:22'),
(16, 23, 'edit', 'a:2:{s:11:"customer_id";s:2:"23";s:4:"name";s:26:"Алла Расулова ";}', '95.133.8.149', '2015-05-01 14:26:26'),
(17, 23, 'edit', 'a:2:{s:11:"customer_id";s:2:"23";s:4:"name";s:26:"Алла Расулова ";}', '95.133.8.149', '2015-05-01 14:26:29'),
(18, 23, 'edit', 'a:2:{s:11:"customer_id";s:2:"23";s:4:"name";s:26:"Алла Расулова ";}', '95.133.8.149', '2015-05-01 14:26:39'),
(19, 23, 'edit', 'a:2:{s:11:"customer_id";s:2:"23";s:4:"name";s:26:"Алла Расулова ";}', '95.133.8.149', '2015-05-01 14:27:42'),
(20, 23, 'edit', 'a:2:{s:11:"customer_id";s:2:"23";s:4:"name";s:26:"Алла Расулова ";}', '95.133.8.149', '2015-05-01 14:28:49'),
(21, 23, 'edit', 'a:2:{s:11:"customer_id";s:2:"23";s:4:"name";s:26:"Алла Расулова ";}', '95.133.8.149', '2015-05-01 14:28:56'),
(22, 23, 'edit', 'a:2:{s:11:"customer_id";s:2:"23";s:4:"name";s:26:"Алла Расулова ";}', '95.133.8.149', '2015-05-01 14:30:53'),
(23, 23, 'edit', 'a:2:{s:11:"customer_id";s:2:"23";s:4:"name";s:26:"Алла Расулова ";}', '95.133.8.149', '2015-05-01 14:31:17'),
(24, 23, 'edit', 'a:2:{s:11:"customer_id";s:2:"23";s:4:"name";s:26:"Алла Расулова ";}', '95.133.8.149', '2015-05-01 14:31:21'),
(25, 23, 'edit', 'a:2:{s:11:"customer_id";s:2:"23";s:4:"name";s:26:"Алла Расулова ";}', '95.133.8.149', '2015-05-01 14:32:14'),
(26, 23, 'edit', 'a:2:{s:11:"customer_id";s:2:"23";s:4:"name";s:26:"Алла Расулова ";}', '95.133.8.149', '2015-05-01 14:32:21'),
(27, 23, 'login', 'a:2:{s:11:"customer_id";s:2:"23";s:4:"name";s:26:"Алла Расулова ";}', '95.133.8.149', '2015-05-01 17:08:29'),
(28, 23, 'login', 'a:2:{s:11:"customer_id";s:2:"23";s:4:"name";s:26:"Алла Расулова ";}', '95.133.8.149', '2015-05-01 17:29:22'),
(29, 23, 'login', 'a:2:{s:11:"customer_id";s:2:"23";s:4:"name";s:26:"Алла Расулова ";}', '95.133.8.149', '2015-05-01 17:30:41'),
(30, 23, 'address_add', 'a:2:{s:11:"customer_id";s:2:"23";s:4:"name";s:26:"Алла Расулова ";}', '95.133.8.149', '2015-05-01 17:56:55'),
(31, 23, 'address_add', 'a:2:{s:11:"customer_id";s:2:"23";s:4:"name";s:26:"Алла Расулова ";}', '95.133.8.149', '2015-05-01 19:07:38'),
(32, 23, 'login', 'a:2:{s:11:"customer_id";s:2:"23";s:4:"name";s:26:"Алла Расулова ";}', '95.133.8.149', '2015-05-01 20:14:58'),
(33, 23, 'address_edit', 'a:2:{s:11:"customer_id";s:2:"23";s:4:"name";s:26:"Алла Расулова ";}', '95.133.8.149', '2015-05-01 20:53:23'),
(34, 23, 'address_add', 'a:2:{s:11:"customer_id";s:2:"23";s:4:"name";s:26:"Алла Расулова ";}', '95.133.8.149', '2015-05-01 20:57:29'),
(35, 23, 'address_delete', 'a:2:{s:11:"customer_id";s:2:"23";s:4:"name";s:26:"Алла Расулова ";}', '95.133.8.149', '2015-05-01 20:57:49'),
(36, 23, 'address_delete', 'a:2:{s:11:"customer_id";s:2:"23";s:4:"name";s:26:"Алла Расулова ";}', '95.133.8.149', '2015-05-01 21:10:20'),
(37, 23, 'login', 'a:2:{s:11:"customer_id";s:2:"23";s:4:"name";s:26:"Алла Расулова ";}', '95.133.83.213', '2015-05-02 06:01:23'),
(38, 23, 'order_account', 'a:3:{s:11:"customer_id";s:2:"23";s:4:"name";s:26:"Алла Расулова ";s:8:"order_id";s:1:"1";}', '95.133.83.213', '2015-05-02 06:21:06'),
(39, 23, 'login', 'a:2:{s:11:"customer_id";s:2:"23";s:4:"name";s:26:"Алла Расулова ";}', '95.133.83.213', '2015-05-02 08:34:21'),
(40, 23, 'login', 'a:2:{s:11:"customer_id";s:2:"23";s:4:"name";s:26:"Алла Расулова ";}', '95.133.83.213', '2015-05-02 11:52:39'),
(41, 23, 'login', 'a:2:{s:11:"customer_id";s:2:"23";s:4:"name";s:26:"Алла Расулова ";}', '95.134.3.141', '2015-05-03 11:20:52'),
(42, 23, 'login', 'a:2:{s:11:"customer_id";s:2:"23";s:4:"name";s:26:"Алла Расулова ";}', '95.133.21.98', '2015-05-05 21:03:41'),
(43, 23, 'login', 'a:2:{s:11:"customer_id";s:2:"23";s:4:"name";s:26:"Алла Расулова ";}', '95.133.21.98', '2015-05-05 21:12:24'),
(44, 23, 'login', 'a:2:{s:11:"customer_id";s:2:"23";s:4:"name";s:26:"Алла Расулова ";}', '95.133.21.98', '2015-05-05 21:15:35'),
(45, 23, 'login', 'a:2:{s:11:"customer_id";s:2:"23";s:4:"name";s:26:"Алла Расулова ";}', '95.133.21.98', '2015-05-05 21:26:13'),
(46, 23, 'forgotten', 'a:2:{s:11:"customer_id";s:2:"23";s:4:"name";s:26:"Алла Расулова ";}', '95.133.21.98', '2015-05-05 21:50:32'),
(47, 23, 'forgotten', 'a:2:{s:11:"customer_id";s:2:"23";s:4:"name";s:26:"Алла Расулова ";}', '95.133.106.134', '2015-05-07 04:48:23'),
(48, 24, 'register', 'a:2:{s:11:"customer_id";s:2:"24";s:4:"name";s:16:"Валентин";}', '95.133.106.134', '2015-05-07 05:31:58'),
(49, 24, 'login', 'a:2:{s:11:"customer_id";s:2:"24";s:4:"name";s:18:"Валентин  ";}', '95.133.106.134', '2015-05-07 09:27:56'),
(50, 24, 'login', 'a:2:{s:11:"customer_id";s:2:"24";s:4:"name";s:18:"Валентин  ";}', '95.133.106.134', '2015-05-07 09:51:25'),
(51, 24, 'login', 'a:2:{s:11:"customer_id";s:2:"24";s:4:"name";s:18:"Валентин  ";}', '95.133.106.134', '2015-05-07 09:54:34'),
(52, 25, 'register', 'a:2:{s:11:"customer_id";s:2:"25";s:4:"name";s:8:"ulinitka";}', '91.195.137.200', '2015-05-08 03:59:49'),
(53, 25, 'address_add', 'a:2:{s:11:"customer_id";s:2:"25";s:4:"name";s:10:"ulinitka  ";}', '91.195.137.200', '2015-05-08 04:06:36'),
(54, 25, 'address_edit', 'a:2:{s:11:"customer_id";s:2:"25";s:4:"name";s:10:"ulinitka  ";}', '91.195.137.200', '2015-05-08 04:20:30'),
(55, 25, 'address_add', 'a:2:{s:11:"customer_id";s:2:"25";s:4:"name";s:10:"ulinitka  ";}', '91.195.137.200', '2015-05-08 04:21:29'),
(56, 25, 'login', 'a:2:{s:11:"customer_id";s:2:"25";s:4:"name";s:10:"ulinitka  ";}', '91.195.137.200', '2015-05-08 05:40:36'),
(57, 24, 'login', 'a:2:{s:11:"customer_id";s:2:"24";s:4:"name";s:18:"Валентин  ";}', '95.133.92.109', '2015-05-08 12:03:01'),
(58, 24, 'address_add', 'a:2:{s:11:"customer_id";s:2:"24";s:4:"name";s:18:"Валентин  ";}', '95.133.92.109', '2015-05-08 12:03:50'),
(59, 25, 'login', 'a:2:{s:11:"customer_id";s:2:"25";s:4:"name";s:10:"ulinitka  ";}', '91.195.137.200', '2015-05-11 10:03:33'),
(60, 25, 'edit', 'a:2:{s:11:"customer_id";s:2:"25";s:4:"name";s:10:"ulinitka  ";}', '91.195.137.200', '2015-05-11 10:03:47'),
(61, 26, 'register', 'a:2:{s:11:"customer_id";s:2:"26";s:4:"name";s:8:"user1415";}', '91.195.137.200', '2015-05-11 11:12:44'),
(62, 27, 'register', 'a:2:{s:11:"customer_id";s:2:"27";s:4:"name";s:8:"Петр";}', '188.123.230.188', '2015-05-12 02:33:38'),
(63, 27, 'login', 'a:2:{s:11:"customer_id";s:2:"27";s:4:"name";s:10:"Петр  ";}', '188.123.230.188', '2015-05-12 02:57:43'),
(64, 25, 'login', 'a:2:{s:11:"customer_id";s:2:"25";s:4:"name";s:9:"ulinitka ";}', '91.195.137.200', '2015-05-12 02:58:02'),
(65, 27, 'address_add', 'a:2:{s:11:"customer_id";s:2:"27";s:4:"name";s:10:"Петр  ";}', '188.123.230.188', '2015-05-12 03:03:14'),
(66, 25, 'address_add', 'a:2:{s:11:"customer_id";s:2:"25";s:4:"name";s:9:"ulinitka ";}', '91.195.137.200', '2015-05-12 03:03:29'),
(67, 27, 'address_edit', 'a:2:{s:11:"customer_id";s:2:"27";s:4:"name";s:10:"Петр  ";}', '188.123.230.188', '2015-05-12 03:05:33'),
(68, 25, 'address_edit', 'a:2:{s:11:"customer_id";s:2:"25";s:4:"name";s:9:"ulinitka ";}', '91.195.137.200', '2015-05-12 03:05:59'),
(69, 27, 'address_add', 'a:2:{s:11:"customer_id";s:2:"27";s:4:"name";s:10:"Петр  ";}', '188.123.230.188', '2015-05-12 03:06:26'),
(70, 25, 'address_add', 'a:2:{s:11:"customer_id";s:2:"25";s:4:"name";s:9:"ulinitka ";}', '91.195.137.200', '2015-05-12 03:07:37'),
(71, 27, 'address_delete', 'a:2:{s:11:"customer_id";s:2:"27";s:4:"name";s:10:"Петр  ";}', '188.123.230.188', '2015-05-12 03:08:37'),
(72, 27, 'login', 'a:2:{s:11:"customer_id";s:2:"27";s:4:"name";s:10:"Петр  ";}', '188.123.230.188', '2015-05-12 06:13:05'),
(73, 24, 'login', 'a:2:{s:11:"customer_id";s:2:"24";s:4:"name";s:18:"Валентин  ";}', '95.133.40.249', '2015-05-12 06:13:54'),
(74, 27, 'login', 'a:2:{s:11:"customer_id";s:2:"27";s:4:"name";s:10:"Петр  ";}', '188.123.230.188', '2015-05-13 03:07:27'),
(75, 28, 'register', 'a:2:{s:11:"customer_id";s:2:"28";s:4:"name";s:10:"Алена";}', '88.81.43.42', '2015-05-13 07:07:16'),
(76, 24, 'login', 'a:2:{s:11:"customer_id";s:2:"24";s:4:"name";s:18:"Валентин  ";}', '95.134.36.148', '2015-05-15 14:45:52'),
(77, 27, 'login', 'a:2:{s:11:"customer_id";s:2:"27";s:4:"name";s:10:"Петр  ";}', '188.123.230.188', '2015-05-19 01:13:58'),
(78, 27, 'address_edit', 'a:2:{s:11:"customer_id";s:2:"27";s:4:"name";s:10:"Петр  ";}', '188.123.230.188', '2015-05-19 01:15:33'),
(79, 25, 'login', 'a:2:{s:11:"customer_id";s:2:"25";s:4:"name";s:9:"ulinitka ";}', '91.195.137.200', '2015-05-19 14:51:18'),
(80, 25, 'address_add', 'a:2:{s:11:"customer_id";s:2:"25";s:4:"name";s:9:"ulinitka ";}', '91.195.137.200', '2015-05-19 14:53:39'),
(81, 24, 'login', 'a:2:{s:11:"customer_id";s:2:"24";s:4:"name";s:18:"Валентин  ";}', '95.133.56.60', '2015-05-20 00:08:39'),
(82, 24, 'login', 'a:2:{s:11:"customer_id";s:2:"24";s:4:"name";s:18:"Валентин  ";}', '95.133.56.60', '2015-05-20 02:56:16'),
(83, 27, 'login', 'a:2:{s:11:"customer_id";s:2:"27";s:4:"name";s:10:"Петр  ";}', '188.123.230.188', '2015-05-20 04:41:19'),
(84, 24, 'login', 'a:2:{s:11:"customer_id";s:2:"24";s:4:"name";s:18:"Валентин  ";}', '95.133.57.96', '2015-05-21 00:29:10'),
(85, 29, 'register', 'a:2:{s:11:"customer_id";s:2:"29";s:4:"name";s:9:"Тест ";}', '94.180.198.193', '2015-06-23 14:43:35'),
(86, 27, 'forgotten', 'a:2:{s:11:"customer_id";s:2:"27";s:4:"name";s:10:"Петр  ";}', '188.123.230.188', '2015-06-24 02:40:22'),
(87, 18, 'login', 'a:2:{s:11:"customer_id";s:2:"18";s:4:"name";s:31:"Валентин Расулов";}', '95.133.51.105', '2015-07-19 19:56:19'),
(88, 18, 'login', 'a:2:{s:11:"customer_id";s:2:"18";s:4:"name";s:31:"Валентин Расулов";}', '95.133.51.105', '2015-07-19 20:03:58'),
(89, 18, 'login', 'a:2:{s:11:"customer_id";s:2:"18";s:4:"name";s:31:"Валентин Расулов";}', '95.133.51.105', '2015-07-19 20:08:31'),
(90, 18, 'login', 'a:2:{s:11:"customer_id";s:2:"18";s:4:"name";s:31:"Валентин Расулов";}', '95.133.51.105', '2015-07-19 20:18:15'),
(91, 0, 'order_guest', 'a:2:{s:4:"name";s:1:" ";s:8:"order_id";s:1:"4";}', '95.133.22.92', '2015-10-15 23:39:02'),
(92, 30, 'register', 'a:2:{s:11:"customer_id";s:2:"30";s:4:"name";s:5:"Peter";}', '95.133.95.8', '2015-10-17 20:13:54'),
(93, 30, 'login', 'a:2:{s:11:"customer_id";s:2:"30";s:4:"name";s:7:"Peter  ";}', '95.133.95.8', '2015-10-17 20:15:24'),
(94, 30, 'login', 'a:2:{s:11:"customer_id";s:2:"30";s:4:"name";s:7:"Peter  ";}', '95.134.64.108', '2015-10-18 05:27:12'),
(95, 30, 'login', 'a:2:{s:11:"customer_id";s:2:"30";s:4:"name";s:7:"Peter  ";}', '95.133.50.31', '2015-10-24 16:40:16'),
(96, 30, 'login', 'a:2:{s:11:"customer_id";s:2:"30";s:4:"name";s:7:"Peter  ";}', '95.133.50.31', '2015-10-24 19:19:13'),
(97, 30, 'order_account', 'a:3:{s:11:"customer_id";s:2:"30";s:4:"name";s:7:"Peter  ";s:8:"order_id";s:2:"16";}', '95.133.50.31', '2015-10-25 02:29:51'),
(98, 30, 'login', 'a:2:{s:11:"customer_id";s:2:"30";s:4:"name";s:7:"Peter  ";}', '95.134.78.127', '2015-10-25 14:02:56'),
(99, 30, 'login', 'a:2:{s:11:"customer_id";s:2:"30";s:4:"name";s:7:"Peter  ";}', '95.134.78.127', '2015-10-25 18:52:41'),
(100, 30, 'login', 'a:2:{s:11:"customer_id";s:2:"30";s:4:"name";s:7:"Peter  ";}', '95.134.78.127', '2015-10-25 20:17:42'),
(101, 30, 'login', 'a:2:{s:11:"customer_id";s:2:"30";s:4:"name";s:7:"Peter  ";}', '95.134.78.127', '2015-10-25 21:57:51'),
(102, 31, 'register', 'a:2:{s:11:"customer_id";s:2:"31";s:4:"name";s:31:"Расулов Валентин";}', '95.133.28.217', '2015-10-27 00:34:59'),
(103, 32, 'register', 'a:2:{s:11:"customer_id";s:2:"32";s:4:"name";s:63:"Валентин Расулов Валентин Расулов";}', '95.133.28.217', '2015-10-27 01:19:02'),
(104, 32, 'order_account', 'a:3:{s:11:"customer_id";s:2:"32";s:4:"name";s:33:"Валентин Расулов  ";s:8:"order_id";s:2:"34";}', '95.133.28.217', '2015-10-27 01:22:52'),
(105, 33, 'register', 'a:2:{s:11:"customer_id";s:2:"33";s:4:"name";s:63:"Валентин Расулов Валентин Расулов";}', '95.133.28.217', '2015-10-27 01:42:49'),
(106, 33, 'order_account', 'a:3:{s:11:"customer_id";s:2:"33";s:4:"name";s:33:"Валентин Расулов  ";s:8:"order_id";s:2:"36";}', '95.133.28.217', '2015-10-27 01:43:25'),
(107, 34, 'register', 'a:2:{s:11:"customer_id";s:2:"34";s:4:"name";s:63:"Валентин Расулов Валентин Расулов";}', '95.133.28.217', '2015-10-27 01:57:32'),
(108, 34, 'order_account', 'a:3:{s:11:"customer_id";s:2:"34";s:4:"name";s:33:"Валентин Расулов  ";s:8:"order_id";s:2:"38";}', '95.133.28.217', '2015-10-27 01:57:57'),
(109, 35, 'register', 'a:2:{s:11:"customer_id";s:2:"35";s:4:"name";s:63:"Валентин Расулов Валентин Расулов";}', '95.133.28.217', '2015-10-27 02:07:12'),
(110, 35, 'order_account', 'a:3:{s:11:"customer_id";s:2:"35";s:4:"name";s:33:"Валентин Расулов  ";s:8:"order_id";s:2:"41";}', '95.133.28.217', '2015-10-27 02:07:38'),
(111, 36, 'register', 'a:2:{s:11:"customer_id";s:2:"36";s:4:"name";s:33:"Valentin Rasulov Valentin Rasulov";}', '95.133.28.217', '2015-10-27 02:13:45'),
(112, 37, 'register', 'a:2:{s:11:"customer_id";s:2:"37";s:4:"name";s:33:"Valentin Rasulov Valentin Rasulov";}', '95.133.28.217', '2015-10-27 02:18:39'),
(113, 37, 'order_account', 'a:3:{s:11:"customer_id";s:2:"37";s:4:"name";s:18:"Valentin Rasulov  ";s:8:"order_id";s:2:"42";}', '95.133.28.217', '2015-10-27 02:18:39'),
(114, 38, 'register', 'a:2:{s:11:"customer_id";s:2:"38";s:4:"name";s:63:"Валентин Расулов Валентин Расулов";}', '95.133.28.217', '2015-10-27 02:50:40'),
(115, 38, 'order_account', 'a:3:{s:11:"customer_id";s:2:"38";s:4:"name";s:33:"Валентин Расулов  ";s:8:"order_id";s:2:"46";}', '95.133.28.217', '2015-10-27 02:50:59'),
(116, 39, 'register', 'a:2:{s:11:"customer_id";s:2:"39";s:4:"name";s:63:"Валентин Расулов Валентин Расулов";}', '95.133.28.217', '2015-10-27 02:57:07'),
(117, 39, 'order_account', 'a:3:{s:11:"customer_id";s:2:"39";s:4:"name";s:33:"Валентин Расулов  ";s:8:"order_id";s:2:"47";}', '95.133.28.217', '2015-10-27 02:57:07'),
(118, 40, 'register', 'a:2:{s:11:"customer_id";s:2:"40";s:4:"name";s:63:"Валентин Расулов Валентин Расулов";}', '95.133.28.217', '2015-10-27 03:22:15'),
(119, 40, 'order_account', 'a:3:{s:11:"customer_id";s:2:"40";s:4:"name";s:33:"Валентин Расулов  ";s:8:"order_id";s:2:"50";}', '95.133.28.217', '2015-10-27 03:22:16'),
(120, 41, 'register', 'a:2:{s:11:"customer_id";s:2:"41";s:4:"name";s:9:"Петр ";}', '188.123.230.218', '2015-10-28 05:07:18'),
(121, 41, 'address_add', 'a:2:{s:11:"customer_id";s:2:"41";s:4:"name";s:11:"Петр   ";}', '188.123.230.218', '2015-10-28 05:13:29'),
(122, 42, 'register', 'a:2:{s:11:"customer_id";s:2:"42";s:4:"name";s:5:"Wendy";}', '92.242.89.143', '2015-10-29 15:24:42'),
(123, 40, 'login', 'a:2:{s:11:"customer_id";s:2:"40";s:4:"name";s:33:"Валентин Расулов  ";}', '95.134.75.144', '2015-10-31 01:56:38'),
(124, 40, 'edit', 'a:2:{s:11:"customer_id";s:2:"40";s:4:"name";s:33:"Валентин Расулов  ";}', '95.134.75.144', '2015-10-31 02:05:18'),
(125, 40, 'edit', 'a:2:{s:11:"customer_id";s:2:"40";s:4:"name";s:32:"Валентин Расулов ";}', '95.134.75.144', '2015-10-31 02:05:45'),
(126, 41, 'forgotten', 'a:2:{s:11:"customer_id";s:2:"41";s:4:"name";s:11:"Петр   ";}', '188.123.230.218', '2015-11-10 18:07:09'),
(127, 41, 'login', 'a:2:{s:11:"customer_id";s:2:"41";s:4:"name";s:11:"Петр   ";}', '188.123.230.218', '2015-11-10 18:07:33'),
(128, 41, 'order_account', 'a:3:{s:11:"customer_id";s:2:"41";s:4:"name";s:11:"Петр   ";s:8:"order_id";s:2:"58";}', '188.123.230.218', '2015-11-10 19:53:44'),
(129, 41, 'forgotten', 'a:2:{s:11:"customer_id";s:2:"41";s:4:"name";s:11:"Петр   ";}', '188.123.230.218', '2015-11-10 21:16:14'),
(130, 0, 'order_guest', 'a:2:{s:4:"name";s:1:" ";s:8:"order_id";s:2:"59";}', '188.123.230.218', '2015-11-10 21:21:07'),
(131, 41, 'login', 'a:2:{s:11:"customer_id";s:2:"41";s:4:"name";s:11:"Петр   ";}', '188.123.230.218', '2015-11-10 21:37:20'),
(132, 0, 'order_guest', 'a:2:{s:4:"name";s:1:" ";s:8:"order_id";s:2:"61";}', '188.123.230.218', '2015-11-11 08:53:29'),
(133, 40, 'login', 'a:2:{s:11:"customer_id";s:2:"40";s:4:"name";s:32:"Валентин Расулов ";}', '95.133.89.212', '2015-11-16 04:10:37'),
(134, 40, 'login', 'a:2:{s:11:"customer_id";s:2:"40";s:4:"name";s:32:"Валентин Расулов ";}', '95.133.89.212', '2015-11-16 05:25:08'),
(135, 40, 'login', 'a:2:{s:11:"customer_id";s:2:"40";s:4:"name";s:32:"Валентин Расулов ";}', '95.133.103.109', '2015-11-17 15:52:49'),
(136, 42, 'forgotten', 'a:2:{s:11:"customer_id";s:2:"42";s:4:"name";s:7:"Wendy  ";}', '92.242.90.194', '2015-11-23 17:43:42'),
(137, 42, 'login', 'a:2:{s:11:"customer_id";s:2:"42";s:4:"name";s:7:"Wendy  ";}', '92.242.90.194', '2015-11-23 17:44:03'),
(138, 42, 'edit', 'a:2:{s:11:"customer_id";s:2:"42";s:4:"name";s:7:"Wendy  ";}', '92.242.90.194', '2015-11-23 21:56:55'),
(139, 42, 'login', 'a:2:{s:11:"customer_id";s:2:"42";s:4:"name";s:6:"Wendy ";}', '92.242.90.194', '2015-11-25 13:30:17'),
(140, 42, 'login', 'a:2:{s:11:"customer_id";s:2:"42";s:4:"name";s:6:"Wendy ";}', '92.242.90.194', '2015-11-25 13:34:40'),
(141, 42, 'edit', 'a:2:{s:11:"customer_id";s:2:"42";s:4:"name";s:6:"Wendy ";}', '92.242.90.194', '2015-11-25 14:06:17'),
(142, 42, 'login', 'a:2:{s:11:"customer_id";s:2:"42";s:4:"name";s:6:"Wendy ";}', '92.242.89.233', '2015-11-26 16:04:04'),
(143, 41, 'forgotten', 'a:2:{s:11:"customer_id";s:2:"41";s:4:"name";s:11:"Петр   ";}', '188.123.230.218', '2015-11-27 08:23:49'),
(144, 41, 'login', 'a:2:{s:11:"customer_id";s:2:"41";s:4:"name";s:11:"Петр   ";}', '188.123.230.218', '2015-11-27 08:24:09'),
(145, 41, 'order_account', 'a:3:{s:11:"customer_id";s:2:"41";s:4:"name";s:11:"Петр   ";s:8:"order_id";s:2:"69";}', '188.123.230.218', '2015-11-27 08:24:18'),
(146, 41, 'order_account', 'a:3:{s:11:"customer_id";s:2:"41";s:4:"name";s:11:"Петр   ";s:8:"order_id";s:2:"70";}', '188.123.230.218', '2015-11-27 08:42:55'),
(147, 41, 'login', 'a:2:{s:11:"customer_id";s:2:"41";s:4:"name";s:11:"Петр   ";}', '188.123.230.218', '2015-11-27 10:33:39'),
(148, 41, 'order_account', 'a:3:{s:11:"customer_id";s:2:"41";s:4:"name";s:11:"Петр   ";s:8:"order_id";s:2:"71";}', '188.123.230.218', '2015-11-27 10:35:36'),
(149, 0, 'order_guest', 'a:2:{s:4:"name";s:1:" ";s:8:"order_id";s:2:"72";}', '188.123.230.218', '2015-11-27 11:19:48'),
(150, 42, 'login', 'a:2:{s:11:"customer_id";s:2:"42";s:4:"name";s:6:"Wendy ";}', '92.242.89.233', '2015-11-27 12:20:42'),
(151, 42, 'order_account', 'a:3:{s:11:"customer_id";s:2:"42";s:4:"name";s:6:"Wendy ";s:8:"order_id";s:2:"74";}', '92.242.89.233', '2015-11-27 12:21:29'),
(152, 40, 'login', 'a:2:{s:11:"customer_id";s:2:"40";s:4:"name";s:32:"Валентин Расулов ";}', '95.134.61.62', '2015-11-30 05:14:50'),
(153, 40, 'login', 'a:2:{s:11:"customer_id";s:2:"40";s:4:"name";s:32:"Валентин Расулов ";}', '95.133.60.250', '2015-11-30 07:17:38'),
(154, 41, 'login', 'a:2:{s:11:"customer_id";s:2:"41";s:4:"name";s:11:"Петр   ";}', '188.123.230.218', '2015-11-30 09:46:20'),
(155, 41, 'login', 'a:2:{s:11:"customer_id";s:2:"41";s:4:"name";s:11:"Петр   ";}', '188.123.230.218', '2015-12-02 07:53:03'),
(156, 0, 'order_guest', 'a:2:{s:4:"name";s:1:" ";s:8:"order_id";s:2:"98";}', '188.123.230.218', '2015-12-02 08:07:49'),
(157, 40, 'login', 'a:2:{s:11:"customer_id";s:2:"40";s:4:"name";s:32:"Валентин Расулов ";}', '95.134.49.182', '2015-12-02 08:45:11'),
(158, 0, 'order_guest', 'a:2:{s:4:"name";s:1:" ";s:8:"order_id";s:3:"107";}', '95.134.49.182', '2015-12-02 08:56:38'),
(159, 0, 'order_guest', 'a:2:{s:4:"name";s:1:" ";s:8:"order_id";s:3:"108";}', '95.134.49.182', '2015-12-02 09:03:32'),
(160, 0, 'order_guest', 'a:2:{s:4:"name";s:1:" ";s:8:"order_id";s:3:"109";}', '95.134.49.182', '2015-12-02 09:07:06'),
(161, 0, 'order_guest', 'a:2:{s:4:"name";s:1:" ";s:8:"order_id";s:3:"110";}', '95.134.49.182', '2015-12-02 09:10:18'),
(162, 42, 'login', 'a:2:{s:11:"customer_id";s:2:"42";s:4:"name";s:6:"Wendy ";}', '88.81.43.14', '2015-12-03 12:56:05'),
(163, 42, 'login', 'a:2:{s:11:"customer_id";s:2:"42";s:4:"name";s:6:"Wendy ";}', '88.81.43.14', '2015-12-05 01:08:04'),
(164, 43, 'register', 'a:2:{s:11:"customer_id";s:2:"43";s:4:"name";s:14:"Алексей";}', '91.228.179.121', '2016-04-21 13:02:10'),
(165, 44, 'register', 'a:2:{s:11:"customer_id";s:2:"44";s:4:"name";s:18:"Елизавета";}', '78.107.67.149', '2016-04-25 10:41:37'),
(166, 44, 'order_account', 'a:3:{s:11:"customer_id";s:2:"44";s:4:"name";s:20:"Елизавета  ";s:8:"order_id";s:3:"117";}', '78.107.67.149', '2016-04-25 10:47:23'),
(167, 41, 'forgotten', 'a:2:{s:11:"customer_id";s:2:"41";s:4:"name";s:11:"Петр   ";}', '78.107.67.149', '2016-04-25 11:55:54'),
(168, 41, 'login', 'a:2:{s:11:"customer_id";s:2:"41";s:4:"name";s:11:"Петр   ";}', '78.107.67.149', '2016-04-25 11:56:46'),
(169, 45, 'register', 'a:2:{s:11:"customer_id";s:2:"45";s:4:"name";s:14:"дмитрий";}', '78.107.67.149', '2016-04-25 15:03:45'),
(170, 46, 'register', 'a:2:{s:11:"customer_id";s:2:"46";s:4:"name";s:3:"111";}', '78.107.67.149', '2016-04-25 15:06:44'),
(171, 47, 'register', 'a:2:{s:11:"customer_id";s:2:"47";s:4:"name";s:6:"123456";}', '46.53.195.9', '2016-05-16 20:37:22'),
(172, 48, 'register', 'a:2:{s:11:"customer_id";s:2:"48";s:4:"name";s:20:"выафывафыв";}', '46.53.195.9', '2016-05-16 20:45:06'),
(173, 49, 'register', 'a:2:{s:11:"customer_id";s:2:"49";s:4:"name";s:11:"sdafsdfasdf";}', '46.53.195.9', '2016-05-16 20:47:57'),
(174, 50, 'register', 'a:2:{s:11:"customer_id";s:2:"50";s:4:"name";s:10:"sdafsdfsdf";}', '46.53.195.9', '2016-05-16 20:49:56'),
(175, 51, 'register', 'a:2:{s:11:"customer_id";s:2:"51";s:4:"name";s:6:"123456";}', '46.53.195.9', '2016-05-17 16:44:23'),
(176, 0, 'order_guest', 'a:2:{s:4:"name";s:1:" ";s:8:"order_id";s:3:"119";}', '46.53.195.9', '2016-05-17 17:16:29'),
(177, 52, 'register', 'a:2:{s:11:"customer_id";s:2:"52";s:4:"name";s:37:"asdfasdf asdfsadff asdfasdf asdfsadff";}', '46.53.195.9', '2016-05-17 18:31:35'),
(178, 52, 'order_account', 'a:3:{s:11:"customer_id";s:2:"52";s:4:"name";s:20:"asdfasdf asdfsadff  ";s:8:"order_id";s:3:"218";}', '46.53.195.9', '2016-05-17 18:31:35'),
(179, 53, 'register', 'a:2:{s:11:"customer_id";s:2:"53";s:4:"name";s:41:"sdafsdf sdafasdfasdf sdafsdf sdafasdfasdf";}', '46.53.195.9', '2016-05-17 20:23:59'),
(180, 53, 'order_account', 'a:3:{s:11:"customer_id";s:2:"53";s:4:"name";s:22:"sdafsdf sdafasdfasdf  ";s:8:"order_id";s:3:"236";}', '46.53.195.9', '2016-05-17 20:23:59'),
(181, 54, 'register', 'a:2:{s:11:"customer_id";s:2:"54";s:4:"name";s:39:"sadgfadfg asdfgasdf sadgfadfg asdfgasdf";}', '46.53.195.9', '2016-05-17 20:37:50'),
(182, 55, 'register', 'a:2:{s:11:"customer_id";s:2:"55";s:4:"name";s:37:"asdfsdfasdf asgdfg asdfsdfasdf asgdfg";}', '46.53.195.9', '2016-05-17 20:39:33'),
(183, 56, 'register', 'a:2:{s:11:"customer_id";s:2:"56";s:4:"name";s:35:"dsfgsdfg sdfhfdgh dsfgsdfg sdfhfdgh";}', '46.53.195.9', '2016-05-17 20:41:06'),
(184, 57, 'register', 'a:2:{s:11:"customer_id";s:2:"57";s:4:"name";s:39:"erqwerqwer wqerqwer erqwerqwer wqerqwer";}', '46.53.195.9', '2016-05-17 20:42:57'),
(185, 58, 'register', 'a:2:{s:11:"customer_id";s:2:"58";s:4:"name";s:31:"dfgsdfg sdfgsdf dfgsdfg sdfgsdf";}', '46.53.195.9', '2016-05-17 20:52:33'),
(186, 59, 'register', 'a:2:{s:11:"customer_id";s:2:"59";s:4:"name";s:35:"asdfasdf asdfasdf asdfasdf asdfasdf";}', '46.53.195.9', '2016-05-17 21:13:47'),
(187, 60, 'register', 'a:2:{s:11:"customer_id";s:2:"60";s:4:"name";s:29:"dsfgsd sdfghfg dsfgsd sdfghfg";}', '46.53.195.9', '2016-05-17 21:27:38'),
(188, 61, 'register', 'a:2:{s:11:"customer_id";s:2:"61";s:4:"name";s:33:"werqqwer qwerqwt werqqwer qwerqwt";}', '46.53.195.9', '2016-05-17 21:32:15'),
(189, 62, 'register', 'a:2:{s:11:"customer_id";s:2:"62";s:4:"name";s:35:"rtuyrtuy rtuyrtuy rtuyrtuy rtuyrtuy";}', '46.53.195.9', '2016-05-17 21:33:36'),
(190, 0, 'order_guest', 'a:2:{s:4:"name";s:1:" ";s:8:"order_id";s:3:"241";}', '91.228.179.121', '2016-05-20 17:45:01'),
(191, 63, 'register', 'a:2:{s:11:"customer_id";s:2:"63";s:4:"name";s:14:"Алексей";}', '91.228.179.121', '2016-05-20 17:50:30'),
(192, 64, 'register', 'a:2:{s:11:"customer_id";s:2:"64";s:4:"name";s:6:"retert";}', '46.53.195.9', '2016-05-20 17:57:11'),
(193, 64, 'login', 'a:2:{s:11:"customer_id";s:2:"64";s:4:"name";s:8:"retert  ";}', '46.53.195.9', '2016-05-20 18:00:52'),
(194, 65, 'register', 'a:2:{s:11:"customer_id";s:2:"65";s:4:"name";s:7:"dfsgdfg";}', '46.53.195.9', '2016-05-20 19:57:46'),
(195, 47, 'login', 'a:2:{s:11:"customer_id";s:2:"47";s:4:"name";s:8:"123456  ";}', '46.53.195.9', '2016-05-20 20:52:28'),
(196, 47, 'login', 'a:2:{s:11:"customer_id";s:2:"47";s:4:"name";s:8:"123456  ";}', '46.53.195.9', '2016-05-20 20:55:21'),
(197, 47, 'login', 'a:2:{s:11:"customer_id";s:2:"47";s:4:"name";s:8:"123456  ";}', '46.53.195.9', '2016-05-20 20:55:56'),
(198, 47, 'login', 'a:2:{s:11:"customer_id";s:2:"47";s:4:"name";s:8:"123456  ";}', '46.53.195.9', '2016-05-20 21:01:27'),
(199, 47, 'login', 'a:2:{s:11:"customer_id";s:2:"47";s:4:"name";s:8:"123456  ";}', '46.53.195.9', '2016-05-20 21:02:19'),
(200, 47, 'login', 'a:2:{s:11:"customer_id";s:2:"47";s:4:"name";s:8:"123456  ";}', '46.53.195.9', '2016-05-20 21:02:42'),
(201, 47, 'login', 'a:2:{s:11:"customer_id";s:2:"47";s:4:"name";s:8:"123456  ";}', '46.53.195.9', '2016-05-20 21:03:12'),
(202, 41, 'login', 'a:2:{s:11:"customer_id";s:2:"41";s:4:"name";s:11:"Петр   ";}', '188.123.230.218', '2016-05-24 14:43:46'),
(203, 66, 'register', 'a:2:{s:11:"customer_id";s:2:"66";s:4:"name";s:5:"Dfcz ";}', '188.123.230.218', '2016-05-25 12:04:39'),
(204, 0, 'order_guest', 'a:2:{s:4:"name";s:1:" ";s:8:"order_id";s:3:"242";}', '188.0.188.111', '2016-06-12 18:06:43'),
(205, 67, 'register', 'a:2:{s:11:"customer_id";s:2:"67";s:4:"name";s:14:"Дмитрий";}', '109.254.49.107', '2016-06-20 11:14:14'),
(206, 67, 'address_add', 'a:2:{s:11:"customer_id";s:2:"67";s:4:"name";s:16:"Дмитрий  ";}', '109.254.49.107', '2016-06-20 11:14:52'),
(207, 67, 'login', 'a:2:{s:11:"customer_id";s:2:"67";s:4:"name";s:28:"Дмитрий  Корный";}', '109.254.49.107', '2016-06-20 11:44:52'),
(208, 67, 'login', 'a:2:{s:11:"customer_id";s:2:"67";s:4:"name";s:28:"Дмитрий  Корный";}', '109.254.49.107', '2016-06-20 12:54:00'),
(209, 41, 'forgotten', 'a:2:{s:11:"customer_id";s:2:"41";s:4:"name";s:11:"Петр   ";}', '188.123.230.218', '2016-06-24 16:44:38'),
(210, 41, 'login', 'a:2:{s:11:"customer_id";s:2:"41";s:4:"name";s:11:"Петр   ";}', '188.123.230.218', '2016-06-24 16:45:01');

-- --------------------------------------------------------

--
-- Структура таблицы `ts_customer_ban_ip`
--

CREATE TABLE IF NOT EXISTS `ts_customer_ban_ip` (
  `customer_ban_ip_id` int(11) NOT NULL AUTO_INCREMENT,
  `ip` varchar(40) NOT NULL,
  PRIMARY KEY (`customer_ban_ip_id`),
  KEY `ip` (`ip`)
) ENGINE=MyISAM DEFAULT CHARSET=utf8;

-- --------------------------------------------------------

--
-- Структура таблицы `ts_customer_group`
--

CREATE TABLE IF NOT EXISTS `ts_customer_group` (
  `customer_group_id` int(11) NOT NULL AUTO_INCREMENT,
  `approval` int(1) NOT NULL,
  `sort_order` int(3) NOT NULL,
  PRIMARY KEY (`customer_group_id`)
) ENGINE=MyISAM AUTO_INCREMENT=3 DEFAULT CHARSET=utf8;

--
-- Дамп данных таблицы `ts_customer_group`
--

INSERT INTO `ts_customer_group` (`customer_group_id`, `approval`, `sort_order`) VALUES
(1, 0, 1),
(2, 0, 0);

-- --------------------------------------------------------

--
-- Структура таблицы `ts_customer_group_description`
--

CREATE TABLE IF NOT EXISTS `ts_customer_group_description` (
  `customer_group_id` int(11) NOT NULL,
  `language_id` int(11) NOT NULL,
  `name` varchar(32) NOT NULL,
  `description` text NOT NULL,
  PRIMARY KEY (`customer_group_id`,`language_id`)
) ENGINE=MyISAM DEFAULT CHARSET=utf8;

--
-- Дамп данных таблицы `ts_customer_group_description`
--

INSERT INTO `ts_customer_group_description` (`customer_group_id`, `language_id`, `name`, `description`) VALUES
(1, 2, 'Default', 'test'),
(2, 2, 'Ростов-на-Дону', 'Ростов-на-Дону');

-- --------------------------------------------------------

--
-- Структура таблицы `ts_customer_history`
--

CREATE TABLE IF NOT EXISTS `ts_customer_history` (
  `customer_history_id` int(11) NOT NULL AUTO_INCREMENT,
  `customer_id` int(11) NOT NULL,
  `comment` text NOT NULL,
  `date_added` datetime NOT NULL,
  PRIMARY KEY (`customer_history_id`)
) ENGINE=MyISAM DEFAULT CHARSET=utf8;

-- --------------------------------------------------------

--
-- Структура таблицы `ts_customer_ip`
--

CREATE TABLE IF NOT EXISTS `ts_customer_ip` (
  `customer_ip_id` int(11) NOT NULL AUTO_INCREMENT,
  `customer_id` int(11) NOT NULL,
  `ip` varchar(40) NOT NULL,
  `date_added` datetime NOT NULL,
  PRIMARY KEY (`customer_ip_id`),
  KEY `ip` (`ip`)
) ENGINE=MyISAM AUTO_INCREMENT=76 DEFAULT CHARSET=utf8;

--
-- Дамп данных таблицы `ts_customer_ip`
--

INSERT INTO `ts_customer_ip` (`customer_ip_id`, `customer_id`, `ip`, `date_added`) VALUES
(37, 42, '92.242.89.143', '2015-10-29 15:24:44'),
(38, 40, '95.134.75.144', '2015-10-31 01:56:40'),
(35, 40, '95.133.28.217', '2015-10-27 03:22:16'),
(36, 41, '188.123.230.218', '2015-10-28 05:07:20'),
(39, 40, '95.133.89.212', '2015-11-16 04:10:39'),
(40, 40, '95.133.103.109', '2015-11-17 15:52:52'),
(41, 40, '95.134.19.62', '2015-11-18 17:52:43'),
(42, 42, '92.242.90.194', '2015-11-23 17:44:05'),
(43, 42, '92.242.89.233', '2015-11-26 16:04:06'),
(44, 40, '95.134.61.62', '2015-11-30 05:14:52'),
(45, 40, '95.133.60.250', '2015-11-30 06:57:10'),
(46, 40, '95.134.20.105', '2015-12-01 03:28:51'),
(47, 40, '95.134.47.42', '2015-12-01 09:51:11'),
(48, 40, '95.134.49.182', '2015-12-01 21:48:31'),
(49, 42, '88.81.43.14', '2015-12-03 12:56:05'),
(50, 43, '91.228.179.121', '2016-04-21 13:02:12'),
(51, 44, '78.107.67.149', '2016-04-25 10:41:39'),
(52, 41, '78.107.67.149', '2016-04-25 11:56:48'),
(53, 45, '78.107.67.149', '2016-04-25 15:03:47'),
(54, 46, '78.107.67.149', '2016-04-25 15:06:46'),
(55, 47, '46.53.195.9', '2016-05-16 20:37:24'),
(56, 48, '46.53.195.9', '2016-05-16 20:45:08'),
(57, 49, '46.53.195.9', '2016-05-16 20:48:00'),
(58, 50, '46.53.195.9', '2016-05-16 20:50:01'),
(59, 51, '46.53.195.9', '2016-05-17 16:44:26'),
(60, 52, '46.53.195.9', '2016-05-17 18:31:35'),
(61, 53, '46.53.195.9', '2016-05-17 20:23:59'),
(62, 54, '46.53.195.9', '2016-05-17 20:37:50'),
(63, 55, '46.53.195.9', '2016-05-17 20:39:33'),
(64, 56, '46.53.195.9', '2016-05-17 20:41:06'),
(65, 57, '46.53.195.9', '2016-05-17 20:42:57'),
(66, 58, '46.53.195.9', '2016-05-17 20:52:33'),
(67, 59, '46.53.195.9', '2016-05-17 21:13:48'),
(68, 60, '46.53.195.9', '2016-05-17 21:27:38'),
(69, 61, '46.53.195.9', '2016-05-17 21:32:15'),
(70, 62, '46.53.195.9', '2016-05-17 21:33:36'),
(71, 63, '91.228.179.121', '2016-05-20 17:50:33'),
(72, 64, '46.53.195.9', '2016-05-20 17:57:14'),
(73, 65, '46.53.195.9', '2016-05-20 19:57:49'),
(74, 66, '188.123.230.218', '2016-05-25 12:04:42'),
(75, 67, '109.254.49.107', '2016-06-20 11:14:17');

-- --------------------------------------------------------

--
-- Структура таблицы `ts_customer_login`
--

CREATE TABLE IF NOT EXISTS `ts_customer_login` (
  `customer_login_id` int(11) NOT NULL AUTO_INCREMENT,
  `email` varchar(96) NOT NULL,
  `ip` varchar(40) NOT NULL,
  `total` int(4) NOT NULL,
  `date_added` datetime NOT NULL,
  `date_modified` datetime NOT NULL,
  PRIMARY KEY (`customer_login_id`),
  KEY `email` (`email`),
  KEY `ip` (`ip`)
) ENGINE=MyISAM AUTO_INCREMENT=48 DEFAULT CHARSET=utf8;

--
-- Дамп данных таблицы `ts_customer_login`
--

INSERT INTO `ts_customer_login` (`customer_login_id`, `email`, `ip`, `total`, `date_added`, `date_modified`) VALUES
(3, '', '95.134.3.141', 3, '2015-05-04 00:26:20', '2015-05-04 03:54:34'),
(4, '', '95.133.21.98', 1, '2015-05-06 04:33:17', '2015-05-06 04:33:17'),
(6, '', '91.195.137.200', 25, '2015-05-08 10:58:08', '2015-05-19 21:47:04'),
(12, '', '95.133.56.60', 2, '2015-05-20 09:50:28', '2015-05-20 09:50:38'),
(13, '', '95.133.57.96', 1, '2015-05-21 07:28:04', '2015-05-21 07:28:04'),
(14, '', '88.81.43.42', 2, '2015-05-28 14:02:20', '2015-05-28 14:02:25'),
(17, '', '95.133.51.105', 2, '2015-07-20 02:47:51', '2015-07-20 02:50:26'),
(18, 'valikras@i.ua', '95.133.51.105', 1, '2015-07-20 02:52:12', '2015-07-20 02:52:12'),
(30, 'artdevue', '95.134.78.127', 1, '2015-10-26 07:39:54', '2015-10-26 07:39:54'),
(21, '', '95.134.5.142', 16, '2015-10-17 03:54:25', '2015-10-17 04:29:02'),
(22, 'd', '95.134.5.142', 1, '2015-10-17 04:04:22', '2015-10-17 04:04:22'),
(29, 'admindip', '95.134.78.127', 1, '2015-10-26 00:49:32', '2015-10-26 00:49:32'),
(24, 'artdevue@yahoo.com', '95.134.5.142', 1, '2015-10-17 04:30:18', '2015-10-17 04:30:18'),
(25, 'job@artdevue.com', '95.134.5.142', 1, '2015-10-17 04:30:38', '2015-10-17 04:30:38'),
(26, '', '95.133.95.8', 2, '2015-10-18 02:02:07', '2015-10-18 02:02:22'),
(28, 'job@artdevue.com', '95.133.50.31', 1, '2015-10-24 23:39:54', '2015-10-24 23:39:54'),
(33, 'admindip', '91.228.179.121', 8, '2016-04-21 12:12:18', '2016-06-15 09:23:40'),
(34, 'admindip', '78.107.67.149', 1, '2016-04-25 11:55:20', '2016-04-25 11:55:20'),
(36, 'admindip', '77.51.90.85', 3, '2016-05-19 18:12:54', '2016-05-19 19:21:27'),
(37, 'admindip', '77.51.89.205', 1, '2016-05-19 22:50:45', '2016-05-19 22:50:45'),
(38, 'retp', '46.53.195.9', 1, '2016-05-20 18:00:35', '2016-05-20 18:00:35'),
(39, 'admindip', '46.53.195.9', 19, '2016-05-20 19:57:15', '2016-05-20 21:02:55'),
(40, '', '46.53.195.9', 57, '2016-05-20 20:44:57', '2016-05-20 20:47:40'),
(43, 'esarkisova77@gmail.com', '62.76.94.50', 1, '2016-06-17 18:30:37', '2016-06-17 18:30:37'),
(44, 'admindip', '78.111.187.46', 1, '2016-06-23 16:35:42', '2016-06-23 16:35:42'),
(45, 'elena', '78.111.187.46', 2, '2016-06-23 16:37:39', '2016-06-23 16:37:51'),
(46, 'admindip', '188.123.230.218', 2, '2016-06-24 16:43:12', '2016-06-24 16:44:23');

-- --------------------------------------------------------

--
-- Структура таблицы `ts_customer_online`
--

CREATE TABLE IF NOT EXISTS `ts_customer_online` (
  `ip` varchar(40) NOT NULL,
  `customer_id` int(11) NOT NULL,
  `url` text NOT NULL,
  `referer` text NOT NULL,
  `date_added` datetime NOT NULL,
  PRIMARY KEY (`ip`)
) ENGINE=MyISAM DEFAULT CHARSET=utf8;

--
-- Дамп данных таблицы `ts_customer_online`
--

INSERT INTO `ts_customer_online` (`ip`, `customer_id`, `url`, `referer`, `date_added`) VALUES
('176.195.121.100', 0, 'http://doctorsplus.ru/nabor-dlya-shuntirovaniya-likvora-lecheniya-i-gidroczefalii', 'http://yandex.ru/clck/jsredir?from=yandex.ru%3Bsearch%3Bweb%3B%3B&amp;text=&amp;etext=1101.s0XHodYzXA2-Ew52HLRIuZ3Jblq7ks9Qkl2CEv111Qng0Na766rpHOUD5ROl148h.57493a835d8e8edeb7d55eb4831c1e6ec6ece9dd&amp;uuid=&amp;state=_BLhILn4SxNIvvL0W45KSic66uCIg23qh8iRG98qeIXmeppkgUc0YGHEttDsYq_w3pSJtejupWg&amp;data=UlNrNmk5WktYejR0eWJFYk1LdmtxbDZjc3FDZGJidkJvTFR4UklpQVJQTE9iQmlnMEJKM2pBa3V3cUFUTmJmdDFFQUgySG4ya29wTURVUENEOWtyRW1iMlBtWFVNLXlmZ1VwREluZ203WWhEV3dzRFZ2Ujh6NTRSSFNTN0JnSDhnaDhnNTdRT3dqbE1FREhDTk8tNTU0NV85b0RYdU5henN0RVNlRVlzckFhZjUtUlE2T3V4NkE&amp;b64e=2&amp;sign=338e8bc03ea9720d171eb5257ff654f8&amp;keyno=0&amp;cst=AiuY0DBWFJ7IXge4WdYJQYP93Xfrtkba19t4dChKfSjebfeLKCTbz5Bf6cLksx8Ti6nAnbsPq-3gX02tsKt7CMrcnH1NnDO9uRGV4omACs-elo0kayRkWxqHNL5rqKiE5ddvOmajBt8k6jNwtasGh5V7ceaqoPPH&amp;ref=orjY4mGPRjk5boDnW0uvlrrd71vZw9kp5uQozpMtKCVLVIUOk4qiEOYOxo4oWC-TzxorSdkRKR8_FRVS7f_-wSsiX1m2gB-7qZaRQNL9UAqebcoNxtcmNQ&amp;l10n=ru&amp;cts=1467285504766&amp;mc=5.62870829784', '2016-06-30 14:40:47'),
('95.221.219.164', 0, 'http://doctorsplus.ru/material-rassasyivayushhijsya-andquotintersidandquot-interceed-tc7-v-up-10-sht', 'http://yandex.ru/clck/jsredir?from=yandex.ru%3Bsearch%3Bweb%3B%3B&amp;text=&amp;etext=1101.WJrlgnY6LM3hY5lO7Pk9TeImWxR2-FKNQKYL7qjDOv5DeBj4CUtKKS3Uo3KEiayY.59a7c57aa8cde6694576d18d57a80f2c5c120f86&amp;uuid=&amp;state=_BLhILn4SxNIvvL0W45KSic66uCIg23qh8iRG98qeIXmeppkgUc0YGv9iZwKiy-E54GYiollMFA&amp;data=UlNrNmk5WktYejR0eWJFYk1LdmtxbDZjc3FDZGJidkJvTFR4UklpQVJQSUhnaG42WGZaSEtkeHdLb1ZQeElubUFrYlpqY2lhaXhGdHFXVDY4UFFsSHBicUd6X2FSNFlwU1JjU0dINFNNeHJHQ2Y3bmpVOUM4LTdNT250T25NVHA3OEJaZDhwMHpqcXBqX3JZVXh2R09OLTBRbzNzVm9UdG9rUFg3a2NEZTdEY3U2d0JuUUdGRHo2X1BGY0diMjhUckJGSmZ1ZWFlcEU&amp;b64e=2&amp;sign=53e1ffb37640b0e688108d02b9bcf16d&amp;keyno=0&amp;cst=AiuY0DBWFJ7IXge4WdYJQa9gkHE_3kbiEXn4J-WgUQ4N2BYT0v4hyU1XaFYpf5Nh1O44r3GpxK647etGCxyllQ7zkVT-j16BCs87XJpFfjJuY79bUr4V2pP39YKOPpXklNUJ8FVvKED_F0TEKHQmwA&amp;ref=orjY4mGPRjk5boDnW0uvlrrd71vZw9kp5uQozpMtKCV2qIhvkaj8_bsboxQlxqQHghStNd6vpSB4Oooczqt4ShzNCrIQsSnZZCZSPttXyim-SrrnrtMmeg&amp;l10n=ru&amp;cts=1467285504767&amp;mc=6.90423122489', '2016-06-30 14:40:49'),
('109.173.22.148', 0, 'http://doctorsplus.ru/Integra-LifeSciences', 'http://yandex.ru/clck/jsredir?from=yandex.ru%3Bsearch%3Bweb%3B%3B&amp;text=&amp;etext=1101.r5iRC0Fo1DPgmnOyiyqbw6tGlW4M2mLu-0_BARmFF0JJX26vvBX_zmfTGWIyhcMO.11f87f0255344895d5e31d3299654c0abe45f281&amp;uuid=&amp;state=_BLhILn4SxNIvvL0W45KSic66uCIg23qh8iRG98qeIXmeppkgUc0YG-XUIUpxKrkaoPisARVvB8&amp;data=UlNrNmk5WktYejR0eWJFYk1LdmtxbDZjc3FDZGJidkJvTFR4UklpQVJQSlJRdkw2VTF6NmtkdkY3ZVQzeS1CRkh2UnpFOFAyaUdMclBQeWUtNG0wSWtPVXpVMy1MUUlZREVqQUFQVjZ4QzN6OVRNNXRzaGZFSFBJZjRmSGZwZUM&amp;b64e=2&amp;sign=09959e2999b7810e6351c2d3b33d5bbb&amp;keyno=0&amp;cst=AiuY0DBWFJ7IXge4WdYJQYP93XfrtkbaVQHx0QStzLNo4f495QiEN2fWi4y8FZDuGlSXPaOU_niGYDtzBma7R6ivzEoVa6Mt7ZLK1Ish1wUkLnsYidyli7NoXVLV-yTeC5IENJzRxRjTi5cFWWcB5A&amp;ref=orjY4mGPRjk5boDnW0uvlrrd71vZw9kp5uQozpMtKCXboeqr305aIMZtVvCL-WzQvFKEYOCxV7Xh22FmzpBxv1Jt4QF0DAac1j9dS8kgqQxcB_KGDQhXyw&amp;l10n=ru&amp;cts=1467285504767&amp;mc=3.69708178833', '2016-06-30 14:40:49'),
('91.78.222.207', 0, 'http://doctorsplus.ru/gel-rassasyivayushhijsya-protivospaechnyij-intercoat-v-shpricze', 'http://yandex.ru/clck/jsredir?from=yandex.ru%3Bsearch%3Bweb%3B%3B&amp;text=&amp;etext=1101.5s_TpZEACwzX3D0jTodAnIdqnk_H1MRygKdezvflQxrtWX8fGJDboR6WxwEIXjUy.ff5e5c11303b728c7cf6e68727f266cd9ca50d57&amp;uuid=&amp;state=_BLhILn4SxNIvvL0W45KSic66uCIg23qh8iRG98qeIXmeppkgUc0YG-XUIUpxKrkaoPisARVvB8&amp;data=UlNrNmk5WktYejR0eWJFYk1LdmtxbDZjc3FDZGJidkJvTFR4UklpQVJQSjVZSHNSLXowVXFzekhUUl9xQm9qYU95d0tsZ3BHVTZla3B6Tkc3ZU8xTVBpTmotWTNhWVFGbFYzcVAwd0E0MmpVOHNMZDZCYm1DVzg3RGtnZ3ptdHhpSTM2N2tJSlN4SWNiUks3aEFVT0VqdHN3b0w2cHJ1V20zcWxteFJFQW4ySDkzU0tsOWZTdlE&amp;b64e=2&amp;sign=ae35884d9154355f9f6ece6cd562e445&amp;keyno=0&amp;cst=AiuY0DBWFJ7IXge4WdYJQa9gkHE_3kbiU79Yb5hIsyQe7-yEfWNo1Zxu7O6EalRLuNCHYcJjsye6OY0b0U1a50C8Kc0cWN85lz9KuN3iiX42Lcwvad8NtxIRfyttcN4g_EiKnVwY2FpJT413QskrQ_eXxqYbaNdc&amp;ref=orjY4mGPRjk5boDnW0uvlrrd71vZw9kp5uQozpMtKCVwjJVQHb9Cs2pfwl_-XSYsSCNMWG3MxtF-LTjtHw1kEBpGsWpJMGImWXq7V-ZQhxlhgK8coDHStA&amp;l10n=ru&amp;cts=1467285504767&amp;mc=7.42561384021', '2016-06-30 14:40:47'),
('176.77.47.187', 0, 'http://doctorsplus.ru/material-gidrogelevyij-koleteks-gel-dnk-s-derinatom-i-koleteks-gel-dnk-l-s-derinatom-i-lidokainom', 'http://yandex.ru/clck/jsredir?from=yandex.ru%3Bsearch%3Bweb%3B%3B&amp;text=&amp;etext=1101.udx-0ivKLwEtIH3XT8chB7GEZlJ53e-NTZ3DR58BWCGMYKnZErx8JTJ9DYuq-kUm.a27568f675b09ccc84564c5330b942f42988b87a&amp;uuid=&amp;state=_BLhILn4SxNIvvL0W45KSic66uCIg23qh8iRG98qeIXmeppkgUc0YGHEttDsYq_w3pSJtejupWg&amp;data=UlNrNmk5WktYejR0eWJFYk1LdmtxbDZjc3FDZGJidkJvTFR4UklpQVJQSUhnaG42WGZaSEtlYUZYUDUzbVFHM2E2djJmSHdyQndjeFQxeEVqZUNTMWhuLWQ3LTVaSmxPZVNSdVBtZWh4VVdVaXB1RUNLWnV6emc2VkQwQWxqVHo1Y0l1ZTh4WkE4LVdmNHNIN3Z4SzlZR2hvd2F2eVIwLTBUdFNmeFdMUENzdTFwRk83ZTlYMTdCOHNqcFVldmtIOE54QkRxWVU0aUhobnBScl9qWXBqZGJyU0NHYVJidjlTUDctdmp4QWhrWQ&amp;b64e=2&amp;sign=531b3d9b75a0c87007d782adbbc3d2cc&amp;keyno=0&amp;cst=AiuY0DBWFJ7IXge4WdYJQXbYQp9t5VF6dtSizI70vAJV-7FE5fx7QDNOLJUfuhQKuk7W70L9OGu5RG4NIGgIg5CeSgw6QwXC4j8BXcYjn0UO5LCVBlMz6z6L7GGac01rwbbbwKo9upavsD4owMQudC0gjgqykVWC&amp;ref=orjY4mGPRjk5boDnW0uvlrrd71vZw9kp5uQozpMtKCV-bB70LKhDfKX8qsR9I-XjOTfRS9FOlmApb2rsYHopllOvubpoEdq-joplNV8jyniRKjz4pdTyFg&amp;l10n=ru&amp;cts=1467285504766&amp;mc=2.10397028774', '2016-06-30 14:40:46'),
('68.180.230.95', 0, 'http://doctorsplus.ru/robots.txt', '', '2016-06-30 15:31:23'),
('62.76.94.50', 0, 'http://doctorsplus.ru/products?page=14', 'http://doctorsplus.ru/products?page=15', '2016-06-30 15:09:30');

-- --------------------------------------------------------

--
-- Структура таблицы `ts_customer_reward`
--

CREATE TABLE IF NOT EXISTS `ts_customer_reward` (
  `customer_reward_id` int(11) NOT NULL AUTO_INCREMENT,
  `customer_id` int(11) NOT NULL DEFAULT '0',
  `order_id` int(11) NOT NULL DEFAULT '0',
  `description` text NOT NULL,
  `points` int(8) NOT NULL DEFAULT '0',
  `date_added` datetime NOT NULL,
  PRIMARY KEY (`customer_reward_id`)
) ENGINE=MyISAM DEFAULT CHARSET=utf8;

-- --------------------------------------------------------

--
-- Структура таблицы `ts_customer_transaction`
--

CREATE TABLE IF NOT EXISTS `ts_customer_transaction` (
  `customer_transaction_id` int(11) NOT NULL AUTO_INCREMENT,
  `customer_id` int(11) NOT NULL,
  `order_id` int(11) NOT NULL,
  `description` text NOT NULL,
  `amount` decimal(15,4) NOT NULL,
  `date_added` datetime NOT NULL,
  PRIMARY KEY (`customer_transaction_id`)
) ENGINE=MyISAM DEFAULT CHARSET=utf8;

-- --------------------------------------------------------

--
-- Структура таблицы `ts_custom_field`
--

CREATE TABLE IF NOT EXISTS `ts_custom_field` (
  `custom_field_id` int(11) NOT NULL AUTO_INCREMENT,
  `type` varchar(32) NOT NULL,
  `value` text NOT NULL,
  `location` varchar(7) NOT NULL,
  `status` tinyint(1) NOT NULL,
  `sort_order` int(3) NOT NULL,
  PRIMARY KEY (`custom_field_id`)
) ENGINE=MyISAM AUTO_INCREMENT=2 DEFAULT CHARSET=utf8;

--
-- Дамп данных таблицы `ts_custom_field`
--

INSERT INTO `ts_custom_field` (`custom_field_id`, `type`, `value`, `location`, `status`, `sort_order`) VALUES
(1, 'radio', 'Доставка по курьером или самовывоз', 'account', 1, 0);

-- --------------------------------------------------------

--
-- Структура таблицы `ts_custom_field_customer_group`
--

CREATE TABLE IF NOT EXISTS `ts_custom_field_customer_group` (
  `custom_field_id` int(11) NOT NULL,
  `customer_group_id` int(11) NOT NULL,
  `required` tinyint(1) NOT NULL,
  PRIMARY KEY (`custom_field_id`,`customer_group_id`)
) ENGINE=MyISAM DEFAULT CHARSET=utf8;

--
-- Дамп данных таблицы `ts_custom_field_customer_group`
--

INSERT INTO `ts_custom_field_customer_group` (`custom_field_id`, `customer_group_id`, `required`) VALUES
(1, 1, 1);

-- --------------------------------------------------------

--
-- Структура таблицы `ts_custom_field_description`
--

CREATE TABLE IF NOT EXISTS `ts_custom_field_description` (
  `custom_field_id` int(11) NOT NULL,
  `language_id` int(11) NOT NULL,
  `name` varchar(128) NOT NULL,
  PRIMARY KEY (`custom_field_id`,`language_id`)
) ENGINE=MyISAM DEFAULT CHARSET=utf8;

--
-- Дамп данных таблицы `ts_custom_field_description`
--

INSERT INTO `ts_custom_field_description` (`custom_field_id`, `language_id`, `name`) VALUES
(1, 2, 'Доставка рурьером');

-- --------------------------------------------------------

--
-- Структура таблицы `ts_custom_field_value`
--

CREATE TABLE IF NOT EXISTS `ts_custom_field_value` (
  `custom_field_value_id` int(11) NOT NULL AUTO_INCREMENT,
  `custom_field_id` int(11) NOT NULL,
  `sort_order` int(3) NOT NULL,
  PRIMARY KEY (`custom_field_value_id`)
) ENGINE=MyISAM AUTO_INCREMENT=3 DEFAULT CHARSET=utf8;

--
-- Дамп данных таблицы `ts_custom_field_value`
--

INSERT INTO `ts_custom_field_value` (`custom_field_value_id`, `custom_field_id`, `sort_order`) VALUES
(1, 1, 1),
(2, 1, 0);

-- --------------------------------------------------------

--
-- Структура таблицы `ts_custom_field_value_description`
--

CREATE TABLE IF NOT EXISTS `ts_custom_field_value_description` (
  `custom_field_value_id` int(11) NOT NULL,
  `language_id` int(11) NOT NULL,
  `custom_field_id` int(11) NOT NULL,
  `name` varchar(128) NOT NULL,
  PRIMARY KEY (`custom_field_value_id`,`language_id`)
) ENGINE=MyISAM DEFAULT CHARSET=utf8;

--
-- Дамп данных таблицы `ts_custom_field_value_description`
--

INSERT INTO `ts_custom_field_value_description` (`custom_field_value_id`, `language_id`, `custom_field_id`, `name`) VALUES
(1, 2, 1, 'Ростов'),
(2, 2, 1, 'Другие города');

-- --------------------------------------------------------

--
-- Структура таблицы `ts_download`
--

CREATE TABLE IF NOT EXISTS `ts_download` (
  `download_id` int(11) NOT NULL AUTO_INCREMENT,
  `filename` varchar(128) NOT NULL,
  `mask` varchar(128) NOT NULL,
  `date_added` datetime NOT NULL,
  PRIMARY KEY (`download_id`)
) ENGINE=MyISAM DEFAULT CHARSET=utf8;

-- --------------------------------------------------------

--
-- Структура таблицы `ts_download_description`
--

CREATE TABLE IF NOT EXISTS `ts_download_description` (
  `download_id` int(11) NOT NULL,
  `language_id` int(11) NOT NULL,
  `name` varchar(64) NOT NULL,
  PRIMARY KEY (`download_id`,`language_id`)
) ENGINE=MyISAM DEFAULT CHARSET=utf8;

-- --------------------------------------------------------

--
-- Структура таблицы `ts_event`
--

CREATE TABLE IF NOT EXISTS `ts_event` (
  `event_id` int(11) NOT NULL AUTO_INCREMENT,
  `code` varchar(32) NOT NULL,
  `trigger` text NOT NULL,
  `action` text NOT NULL,
  PRIMARY KEY (`event_id`)
) ENGINE=MyISAM DEFAULT CHARSET=utf8;

-- --------------------------------------------------------

--
-- Структура таблицы `ts_extension`
--

CREATE TABLE IF NOT EXISTS `ts_extension` (
  `extension_id` int(11) NOT NULL AUTO_INCREMENT,
  `type` varchar(32) NOT NULL,
  `code` varchar(32) NOT NULL,
  PRIMARY KEY (`extension_id`)
) ENGINE=MyISAM AUTO_INCREMENT=482 DEFAULT CHARSET=utf8;

--
-- Дамп данных таблицы `ts_extension`
--

INSERT INTO `ts_extension` (`extension_id`, `type`, `code`) VALUES
(23, 'payment', 'cod'),
(22, 'total', 'shipping'),
(57, 'total', 'sub_total'),
(58, 'total', 'tax'),
(59, 'total', 'total'),
(410, 'module', 'banner'),
(426, 'module', 'carousel'),
(390, 'total', 'credit'),
(387, 'shipping', 'flat'),
(349, 'total', 'handling'),
(350, 'total', 'low_order_fee'),
(389, 'total', 'coupon'),
(413, 'module', 'category'),
(408, 'module', 'account'),
(393, 'total', 'reward'),
(398, 'total', 'voucher'),
(407, 'payment', 'free_checkout'),
(427, 'module', 'featured'),
(443, 'module', 'html'),
(441, 'module', 'kuler_layer_slider'),
(440, 'module', 'thai_full'),
(442, 'module', 'kuler_layer_slider'),
(464, 'module', 'manufacturer_desc'),
(457, 'module', 'filter'),
(465, 'module', 'category_home'),
(466, 'module', 'category_slider'),
(467, 'module', 'items_menu'),
(468, 'module', 'information'),
(470, 'module', 'news'),
(471, 'module', 'newslettersubscribe'),
(473, 'module', 'faq'),
(474, 'module', 'posts'),
(475, 'shipping', 'pickup'),
(476, 'payment', 'cheque'),
(477, 'module', 'special'),
(478, 'module', 'action'),
(479, 'module', 'manufacturer_home'),
(480, 'shipping', 'free'),
(481, 'shipping', 'citylink');

-- --------------------------------------------------------

--
-- Структура таблицы `ts_faq`
--

CREATE TABLE IF NOT EXISTS `ts_faq` (
  `faq_id` int(11) NOT NULL AUTO_INCREMENT,
  `date_added` datetime NOT NULL,
  `status` tinyint(1) NOT NULL,
  PRIMARY KEY (`faq_id`)
) ENGINE=InnoDB AUTO_INCREMENT=4 DEFAULT CHARSET=utf8;

--
-- Дамп данных таблицы `ts_faq`
--

INSERT INTO `ts_faq` (`faq_id`, `date_added`, `status`) VALUES
(1, '2015-09-13 23:08:14', 1),
(2, '2015-09-13 23:08:50', 1),
(3, '2015-09-14 01:42:56', 1);

-- --------------------------------------------------------

--
-- Структура таблицы `ts_faq_description`
--

CREATE TABLE IF NOT EXISTS `ts_faq_description` (
  `faq_description_id` int(11) NOT NULL AUTO_INCREMENT,
  `faq_id` int(11) NOT NULL,
  `language_id` int(11) NOT NULL,
  `question` varchar(255) CHARACTER SET utf8 COLLATE utf8_bin NOT NULL,
  `answer` text CHARACTER SET utf8 COLLATE utf8_bin NOT NULL,
  PRIMARY KEY (`faq_description_id`)
) ENGINE=InnoDB AUTO_INCREMENT=4 DEFAULT CHARSET=utf8;

--
-- Дамп данных таблицы `ts_faq_description`
--

INSERT INTO `ts_faq_description` (`faq_description_id`, `faq_id`, `language_id`, `question`, `answer`) VALUES
(1, 1, 2, 'Как сделать заказ?', '&lt;p&gt;1-выбираем понравившийся артикул, выбираем нужный размер и нажимаем кнопку &quot;В корзину&quot;;&lt;/p&gt;\r\n                      &lt;p&gt;2-если хотим продолжить выбирать из других изделий, возвращаемся к другим разделам, если хотим приступить к оформлению заказа, жмем &quot;оформить/изменить&quot; в Корзине;&lt;/p&gt;\r\n                      &lt;p&gt;3-сверяемся с тем, что выбрали, если все в порядке, нажимаем &quot;Оформить заказ&quot;;&lt;/p&gt;\r\n                      &lt;p&gt;4-необходимо заполнить все поля, отмеченные красной звездочкой, если Вы желаете быть в курсе актуальных предложений о распродажах или поступлении новых моделей, ставим галочку рядом с &quot;Подписка на новости&quot;;&lt;/p&gt;\r\n                      &lt;p&gt;4-выбираем способ доставки;&lt;/p&gt;\r\n                      &lt;p&gt;5-если есть комментарии к заказу, их нужно вписать на этом этапе оформления заказа в поле &quot;Комментарии к заказу&quot;;&lt;/p&gt;\r\n                      &lt;p&gt;6-если все верно, жмем &quot;Оформить заказ&quot;. При этом Вам на электронную почту придет уведомление о сделанном заказе, его номер и т.д., а также, придет СМС уведомление на мобильный телефон;&lt;/p&gt;\r\n                      &lt;p&gt;7-следим за изменением статуса своего заказа, любая информация о смене его статуса, будет приходить к Вам на электронную почту.&lt;/p&gt;'),
(2, 2, 2, 'Как я могу оплатить заказ?', '&lt;p&gt;Эож ут пауло дытыррюизщэт, ут пожжэ лаборамюз вяш, констятюам адвыржаряюм ты прё. Ку диам фабулаз дытракжйт ючю. Нюлльа пльакырат хонэзтатёз эю векж, эю нык льюкяльиюч конкльюдатюрквюэ. Ад вирйз омнэжквюы ыпикурэи дуо, жят ты аэтырно лаборамюз. Хёз кэтэро элььэефэнд конжтетуто ты.&lt;/p&gt;\r\n                      &lt;p&gt;Придумайте уникальный идентификатор (логин), который вы будете использовать для авторизации на сайте Докторам и Пациентам Внимание! После регистрации изменить логин будет нельзя.&lt;/p&gt;'),
(3, 3, 2, 'Я из Украины, Казахстана (из любой страны помимо России), как я могу купить вещи?', '&lt;p&gt;Эож ут пауло дытыррюизщэт, ут пожжэ лаборамюз вяш, констятюам адвыржаряюм ты прё. Ку диам фабулаз дытракжйт ючю. Нюлльа пльакырат хонэзтатёз эю векж, эю нык льюкяльиюч конкльюдатюрквюэ. Ад вирйз омнэжквюы ыпикурэи дуо, жят ты аэтырно лаборамюз. Хёз кэтэро элььэефэнд конжтетуто ты.&lt;/p&gt;\r\n                      &lt;p&gt;Придумайте уникальный идентификатор (логин), который вы будете использовать для авторизации на сайте Докторам и Пациентам Внимание! После регистрации изменить логин будет нельзя.&lt;/p&gt;');

-- --------------------------------------------------------

--
-- Структура таблицы `ts_filter`
--

CREATE TABLE IF NOT EXISTS `ts_filter` (
  `filter_id` int(11) NOT NULL AUTO_INCREMENT,
  `filter_group_id` int(11) NOT NULL,
  `sort_order` int(3) NOT NULL,
  PRIMARY KEY (`filter_id`)
) ENGINE=MyISAM AUTO_INCREMENT=39 DEFAULT CHARSET=utf8;

--
-- Дамп данных таблицы `ts_filter`
--

INSERT INTO `ts_filter` (`filter_id`, `filter_group_id`, `sort_order`) VALUES
(1, 1, 1),
(2, 1, 2),
(3, 1, 3),
(4, 1, 4),
(5, 1, 5),
(6, 1, 6),
(7, 1, 7),
(8, 1, 8),
(9, 1, 9),
(10, 1, 10),
(37, 2, 0),
(35, 2, 0),
(33, 2, 0),
(32, 2, 0),
(17, 2, 5),
(11, 1, 11),
(16, 2, 4),
(15, 2, 3),
(14, 2, 2),
(13, 2, 1),
(18, 2, 6),
(19, 2, 7),
(20, 2, 8),
(21, 2, 9),
(22, 2, 10),
(23, 2, 11),
(24, 2, 12),
(25, 2, 13),
(26, 2, 14),
(27, 2, 15),
(28, 2, 16),
(29, 2, 17),
(30, 2, 18),
(31, 2, 19),
(34, 2, 0),
(36, 2, 0),
(38, 2, 0);

-- --------------------------------------------------------

--
-- Структура таблицы `ts_filter_description`
--

CREATE TABLE IF NOT EXISTS `ts_filter_description` (
  `filter_id` int(11) NOT NULL,
  `language_id` int(11) NOT NULL,
  `filter_group_id` int(11) NOT NULL,
  `name` varchar(64) NOT NULL,
  PRIMARY KEY (`filter_id`,`language_id`)
) ENGINE=MyISAM DEFAULT CHARSET=utf8;

--
-- Дамп данных таблицы `ts_filter_description`
--

INSERT INTO `ts_filter_description` (`filter_id`, `language_id`, `filter_group_id`, `name`) VALUES
(5, 2, 1, 'Средства ухода за стомой'),
(6, 2, 1, 'Травматология'),
(7, 2, 1, 'Товары для детей'),
(8, 2, 1, 'Уход за пациентом'),
(33, 2, 2, 'Колетекс'),
(32, 2, 2, 'Bella Happy'),
(17, 2, 2, 'Bard'),
(9, 2, 1, 'Урология'),
(10, 2, 1, 'Хирургия'),
(11, 2, 1, 'Другие продукты'),
(16, 2, 2, 'C-Airlaid'),
(4, 2, 1, 'Повязки для ран'),
(3, 2, 1, 'Онкология'),
(2, 2, 1, 'Нейрохирургия'),
(1, 2, 1, 'Гинекология'),
(15, 2, 2, 'Codman'),
(14, 2, 2, 'Convatec'),
(13, 2, 2, 'Conviden'),
(18, 2, 2, 'Ethicon'),
(19, 2, 2, 'Hartmann'),
(20, 2, 2, 'Integra'),
(21, 2, 2, 'Lohmann &amp; Rauscher'),
(22, 2, 2, 'Medtronic'),
(23, 2, 2, 'Molnlycke'),
(24, 2, 2, 'PHS'),
(25, 2, 2, 'Promedon'),
(26, 2, 2, 'Rusch'),
(27, 2, 2, 'Sage'),
(28, 2, 2, 'Seni'),
(29, 2, 2, 'Smith &amp; Nephew'),
(30, 2, 2, 'Urodex'),
(31, 2, 2, 'Линтекс'),
(34, 2, 2, 'Ergoforma'),
(36, 2, 2, 'Ontex'),
(35, 2, 2, 'Luxsan'),
(37, 2, 2, 'Johnson &amp; Johnson '),
(38, 2, 2, ' Kimberly-Clark ');

-- --------------------------------------------------------

--
-- Структура таблицы `ts_filter_group`
--

CREATE TABLE IF NOT EXISTS `ts_filter_group` (
  `filter_group_id` int(11) NOT NULL AUTO_INCREMENT,
  `sort_order` int(3) NOT NULL,
  PRIMARY KEY (`filter_group_id`)
) ENGINE=MyISAM AUTO_INCREMENT=3 DEFAULT CHARSET=utf8;

--
-- Дамп данных таблицы `ts_filter_group`
--

INSERT INTO `ts_filter_group` (`filter_group_id`, `sort_order`) VALUES
(1, 3),
(2, 5);

-- --------------------------------------------------------

--
-- Структура таблицы `ts_filter_group_description`
--

CREATE TABLE IF NOT EXISTS `ts_filter_group_description` (
  `filter_group_id` int(11) NOT NULL,
  `language_id` int(11) NOT NULL,
  `name` varchar(64) NOT NULL,
  PRIMARY KEY (`filter_group_id`,`language_id`)
) ENGINE=MyISAM DEFAULT CHARSET=utf8;

--
-- Дамп данных таблицы `ts_filter_group_description`
--

INSERT INTO `ts_filter_group_description` (`filter_group_id`, `language_id`, `name`) VALUES
(1, 2, 'Категории'),
(2, 2, 'Бренды');

-- --------------------------------------------------------

--
-- Структура таблицы `ts_geo_zone`
--

CREATE TABLE IF NOT EXISTS `ts_geo_zone` (
  `geo_zone_id` int(11) NOT NULL AUTO_INCREMENT,
  `name` varchar(32) NOT NULL,
  `description` varchar(255) NOT NULL,
  `date_modified` datetime NOT NULL,
  `date_added` datetime NOT NULL,
  PRIMARY KEY (`geo_zone_id`)
) ENGINE=MyISAM AUTO_INCREMENT=6 DEFAULT CHARSET=utf8;

--
-- Дамп данных таблицы `ts_geo_zone`
--

INSERT INTO `ts_geo_zone` (`geo_zone_id`, `name`, `description`, `date_modified`, `date_added`) VALUES
(3, 'UK VAT Zone', 'UK VAT', '2010-02-26 22:33:24', '2009-01-06 23:26:25'),
(4, 'Russia', 'Russia', '2016-06-20 13:16:27', '2009-06-23 01:14:53'),
(5, 'test', 'test', '0000-00-00 00:00:00', '2016-06-20 11:03:13');

-- --------------------------------------------------------

--
-- Структура таблицы `ts_information`
--

CREATE TABLE IF NOT EXISTS `ts_information` (
  `information_id` int(11) NOT NULL AUTO_INCREMENT,
  `bottom` int(1) NOT NULL DEFAULT '0',
  `menu` int(1) NOT NULL DEFAULT '0',
  `top_menu` int(1) NOT NULL DEFAULT '0',
  `sort_order` int(3) NOT NULL DEFAULT '0',
  `status` tinyint(1) NOT NULL DEFAULT '1',
  PRIMARY KEY (`information_id`),
  KEY `menu` (`menu`),
  KEY `bottom` (`bottom`),
  KEY `sort_order` (`sort_order`),
  KEY `status` (`status`),
  KEY `top_menu` (`top_menu`)
) ENGINE=MyISAM AUTO_INCREMENT=9 DEFAULT CHARSET=utf8;

--
-- Дамп данных таблицы `ts_information`
--

INSERT INTO `ts_information` (`information_id`, `bottom`, `menu`, `top_menu`, `sort_order`, `status`) VALUES
(3, 0, 0, 0, 20, 1),
(4, 1, 0, 1, 1, 1),
(5, 1, 1, 1, 3, 1),
(6, 1, 1, 1, 2, 1),
(7, 1, 1, 0, 6, 1),
(8, 0, 1, 0, 5, 1);

-- --------------------------------------------------------

--
-- Структура таблицы `ts_information_description`
--

CREATE TABLE IF NOT EXISTS `ts_information_description` (
  `information_id` int(11) NOT NULL,
  `language_id` int(11) NOT NULL,
  `title` varchar(64) NOT NULL,
  `short_description` text NOT NULL,
  `description` text NOT NULL,
  `meta_title` varchar(255) NOT NULL,
  `meta_description` varchar(255) NOT NULL,
  `meta_keyword` varchar(255) NOT NULL,
  PRIMARY KEY (`information_id`,`language_id`)
) ENGINE=MyISAM DEFAULT CHARSET=utf8;

--
-- Дамп данных таблицы `ts_information_description`
--

INSERT INTO `ts_information_description` (`information_id`, `language_id`, `title`, `short_description`, `description`, `meta_title`, `meta_description`, `meta_keyword`) VALUES
(4, 2, 'О магазине', '', '&lt;div class=&quot;b-img&quot;&gt;\r\n                &lt;img src=&quot;/image/catalog/about-pic.jpg&quot; alt=&quot;Оборудование для медицинских учреждений&quot;&gt;\r\n                &lt;div class=&quot;img-capture&quot;&gt;\r\n                  &lt;p class=&quot;big&quot;&gt;Оборудование для медицинских учреждений&lt;/p&gt;\r\n\r\n                  &lt;p class=&quot;mid&quot;&gt;с заботой о вас и ваших близких&lt;/p&gt;\r\n\r\n                &lt;/div&gt;\r\n\r\n              &lt;/div&gt;\r\n\r\n\r\n&lt;p&gt;Интернет-магазин товаров медицинского назначения «Докторам и пациентам» предлагает своим покупателям продукцию высшего качества от ведущих российских и зарубежных производителей. В ассортимент нашего магазина включены как широко востребованные, проверенные временем, известные продукты, эффективность которых была подтверждена многократными клиническими испытаниями, так и уникальные высокотехнологичные разработки последнего поколения, уже успевшие получить хорошие рекомендации и надежные отзывы в сфере лечения и реабилитации различных групп пациентов. Подлинность всей без исключения продукции подтверждена сертификатами качества.&lt;/p&gt;\r\n\r\n&lt;p style=&quot;margin: 0cm 0cm 0.0001pt;&quot;&gt;Тщательный отбор поставщиков и особые условия сотрудничества с ними позволяют сохранять привлекательные для покупателей конкурентоспособные цены, а также предоставлять нашим клиентам специальные скидочные и бонусные программы.&lt;/p&gt;\r\n\r\n&lt;p style=&quot;margin: 0cm 0cm 0.0001pt;&quot;&gt;Сотрудников магазина «Докторам и пациентам» объединяет стремление обеспечить сервис самого высокого качества и сделать процесс покупки максимально простым и комфортным, а пребывание в онлайн-магазине – полезным и приятным для каждого клиента.&lt;/p&gt;', 'О магазине', 'Интернет-магазин товаров медицинского назначения «Докторам и пациентам» предлагает своим покупателям продукцию высшего качества от ведущих российских и зарубежных производителей.', ''),
(5, 2, 'Возврат и обмен', '', '&lt;p&gt;Мы доставляем заказы в указанное вами место и время для того, чтобы вы могли с ними ознакомиться и принять решение о покупке. До принятия решения о покупке вы можете отказаться от всех или части зарезервированных товаров, не оплачивая при этом ни их стоимости, ни стоимости доставки (если отказались от всего заказа).&lt;/p&gt;\r\n              &lt;p&gt;Вы можете отказаться от всех или части зарезервированных товаров, не оплачивая при этом ни их стоимости, ни стоимости доставки.&lt;/p&gt;\r\n              &lt;p&gt;Используя для оплаты банковскую карту, вы также вправе отказаться от всего или части заказа. В этом случае в товарном чеке отмечается возврат товаров, от которых вы отказались, а с банковской карты списывается только та сумма, которая соответствует стоимости фактически полученных вами товаров.&lt;/p&gt;\r\n              &lt;p&gt;Возврат товаров после оплаты осуществляется на общих основаниях и регламентируется Законодательством РФ.&lt;/p&gt;\r\n              &lt;p&gt;Возврат оплаченных продовольственных товаров&lt;/p&gt;\r\n              &lt;p&gt;Покупатель может вернуть продовольственный товар только НЕНАДЛЕЖАЩЕГО качества. Товар ненадлежащего качества это – товар непригодный для использования по назначению, брак, товар с недостатком (недостаток – это нарушение обязательных требований к товару) или не соответствующий описанию на сайте, с истекшим сроком годности, товар доставленный клиенту с нарушенной упаковкой. Продовольственный товар НАДЛЕЖАЩЕГО качества НЕ ПОДЛЕЖИТ возврату или обмену.&lt;/p&gt;\r\n              &lt;p&gt;Возврат оплаченных непродовольственных товаров&lt;/p&gt;\r\n              &lt;p&gt;Покупатель может вернуть непродовольственный товар НАДЛЕЖАЩЕГО качества в течение 14 дней, не считая дня покупки, если указанный товар не подошел по форме, габаритам, фасону, расцветке, размеру или комплектации.&lt;/p&gt;\r\n              &lt;p&gt;Возврат непродовольственного товара надлежащего качества проводится, если указанный товар не был в употреблении, сохранены его товарный вид, потребительские свойства, фабричные ярлыки, а также имеется товарный или кассовый чек.&lt;/p&gt;\r\n              &lt;p&gt;Возврат непродовольственного товара производится с учетом ограничений, закрепленных Постановлением Правительства РФ от 19 января 1998 года № 55 (см. Перечень непродовольственных товаров надлежащего качества, не подлежащих возврату и обмену на аналогичный товар других размера, формы, габарита, фасона, расцветки и комплектации).&lt;/p&gt;\r\n              &lt;p&gt;Возврат оплаченных непродовольственных товаров&lt;/p&gt;\r\n              &lt;p&gt;Возмещение денежных средств за возвращенный товар осуществляется на основании письменного заявления покупателя с указанием фамилии, имени, отчества только при предъявлении в момент получения денежных средств документа, удостоверяющего личность (Паспорт) по расходно-кассовому ордеру с обязательным указанием фамилии, имени, отчества покупателя и его паспортных данных.&lt;/p&gt;\r\n              &lt;p&gt;Убедительно просим предварительно позвонить в компанию для уточнения всех вопросов, связанных с возвратом товара. Это позволит провести часть предварительной работы удаленно и сэкономить время на оформление документов.&lt;/p&gt;', 'Возврат и обмен товара в интернет-магазине «Докторам и Пациентам»', 'Подробные условия возврата и обмена товара в интернет-магазине «Докторам и Пациентам»', ''),
(8, 2, 'Как разместить заказ', '', '&lt;p&gt;Чтобы сделать заказ на сайте Doctorsplus.ru нужно:&lt;/p&gt;              &lt;p&gt;1. Найти в Каталоге необходимый товар.&lt;/p&gt;              &lt;p&gt;2. Указать количество.&lt;/p&gt;              &lt;p&gt;3. Нажать  «Добавить в корзину».              &lt;/p&gt;&lt;p&gt;4. Для добавления другого товара вы можете вернуться к покупкам (пункт «Вернуться к покупкам»), либо  перейти к оформлению заказа (внизу на  синей полосе надпись «Оформить заказ»).&lt;/p&gt;              &lt;p&gt;5. На странице оформления нужно: внести все данные (если Вы хотите получать рассылку, поставьте галочку в поле «Подписаться на новости и скидки»).&lt;/p&gt;              &lt;p&gt;6. Нажать  «Отправить заказ».&lt;/p&gt;', 'Оформление заказа', 'Чтобы сделать заказ на сайте Doctorsplus.ru нужно найти в Каталоге необходимый товар, указать количество, «Добавить в корзину», «Оформить заказ», «Отправить заказ».', ''),
(7, 2, 'Регистрация', '', '&lt;p&gt;Для доступа к Личному кабинету необходима учетная запись на сайте Doctorsplus.ru. Если у вас ее нет, выполните следующие действия:&lt;/p&gt;\r\n              &lt;p&gt;1. Откройте страницу регистрации.&lt;/p&gt;\r\n              &lt;p&gt;2. Укажите ваши имя и фамилию.&lt;/p&gt;\r\n              &lt;p&gt;3. Придумайте уникальный идентификатор (логин), который вы будете использовать для авторизации на сайте&amp;nbsp;Doctorsplus.ru. Внимание! После регистрации изменить логин будет нельзя.&lt;/p&gt;\r\n              &lt;p&gt;4. Придумайте и заполните пароль для доступа к учетной записи. Пароль должен быть надежным, чтобы злоумышленники не могли получить доступ к вашим личным данным.&lt;/p&gt;\r\n              &lt;p&gt;5. Укажите номер вашего мобильного телефона. По этому номеру вы сможете восстановить пароль и получать уведомления, а также сможете использовать его в качестве дополнительного логина. Если вы хотите добавить номер телефона позже, вы можете сделать это на странице Номера телефонов.&lt;/p&gt;\r\n              &lt;p&gt;6. Нажмите кнопку Зарегистрироваться.&lt;/p&gt;\r\n              После регистрации вам будет доступен Личный кабинет, где вы сможете в любой момент внести изменения в персональные данные, указать адрес доставки и отредактировать уже существующий список адресов.&lt;p&gt;&lt;/p&gt;', 'Регистрация на сайте Doctorsplus.ru', 'Откройте страницу регистрации. Укажите ваши имя и фамилию. Придумайте уникальный идентификатор (логин), который вы будете использовать для авторизации на сайте Doctorsplus.ru. Внимание! После регистрации изменить логин будет нельзя.', ''),
(3, 2, 'Политика конфиденциальности', '', '&lt;p&gt;\r\n	Privacy Policy&lt;/p&gt;\r\n', 'Политика конфиденциальности', '', ''),
(6, 2, 'Доставка и оплата', '', '&lt;div class=&quot;main-content delivery-help&quot;&gt;&lt;h3&gt;Способы доставки по Ростову-на-Дону&lt;/h3&gt;&lt;p&gt;Самовывоз в Ростове-на-Дону — Бесплатно!&lt;/p&gt;&lt;p&gt;С понедельника по пятницу с 10:00 до 19:00 вы можете произвести самовывоз: В нашем пункте выдачи товаров, находящемуся по адресу:&amp;nbsp;344011, г. Ростов-на-Дону, ул. Текучева, 125/200&amp;nbsp;- бесплатно. Перед приездом обязательно уточните наличие товара у менеджера.&lt;/p&gt;&lt;p&gt;Доставка курьером по Ростову-на-Дону&lt;/p&gt;&lt;p&gt;Доставка по городу Ростову-на-Дону производится курьером с понедельника по пятницу с 10:00 до 19:00. Стоимость доставки 500 рублей. Сроки: 1-2 дня.&lt;/p&gt;&lt;h3&gt;Способы доставки по другим городам России&lt;/h3&gt;&lt;p&gt;Почтовой службой &quot;Южный Экспресс&quot;.&lt;/p&gt;&lt;p&gt;Сроки и стоимость доставки по России обсуждаются с менеджером и зависят от тарифов почтовой службы.&lt;/p&gt;                            &lt;hr&gt;                            &lt;h3&gt;Способы оплаты в Ростове-на-Дону&lt;/h3&gt;&lt;p&gt;Наличными при доставке или самовывозе&lt;/p&gt;&lt;p&gt;Пластиковой картой Visa или Mastercard через платежную систему Сбербанка.&lt;/p&gt;&lt;pclass=&quot;pay-logo&quot;&gt;&lt;img src=&quot;/image/catalog/sber.jpg&quot; alt=&quot;Логотип Сбербанка&quot;&gt;&lt;/pclass=&quot;pay-logo&quot;&gt;&lt;h3&gt;Способы оплаты в других городах России&lt;/h3&gt;&lt;p&gt;Пластиковой картой Visa или Mastercard через платежную систему Сбербанка.&lt;/p&gt;&lt;pclass=&quot;pay-logo&quot;&gt;&lt;img src=&quot;/image/catalog/sber.jpg&quot; alt=&quot;Логотип Сбербанка&quot;&gt;&lt;/pclass=&quot;pay-logo&quot;&gt;&lt;h3&gt;Промо-коды&lt;/h3&gt;&lt;p&gt;В магазине при размещении заказа можно использовать промо код. Если у Вас есть промо код на скидку, введите его в поле для промо кода при оформлении заказа.&lt;/p&gt;&lt;/div&gt;', 'Доставка и оплата', 'С понедельника по пятницу с 10:00 до 19:00 вы можете произвести самовывоз или заказать доставку курьерской службой.', '');

-- --------------------------------------------------------

--
-- Структура таблицы `ts_information_to_layout`
--

CREATE TABLE IF NOT EXISTS `ts_information_to_layout` (
  `information_id` int(11) NOT NULL,
  `store_id` int(11) NOT NULL,
  `layout_id` int(11) NOT NULL,
  PRIMARY KEY (`information_id`,`store_id`)
) ENGINE=MyISAM DEFAULT CHARSET=utf8;

--
-- Дамп данных таблицы `ts_information_to_layout`
--

INSERT INTO `ts_information_to_layout` (`information_id`, `store_id`, `layout_id`) VALUES
(4, 0, 14),
(3, 0, 0),
(6, 0, 14),
(5, 0, 14),
(7, 0, 14),
(8, 0, 14);

-- --------------------------------------------------------

--
-- Структура таблицы `ts_information_to_store`
--

CREATE TABLE IF NOT EXISTS `ts_information_to_store` (
  `information_id` int(11) NOT NULL,
  `store_id` int(11) NOT NULL,
  PRIMARY KEY (`information_id`,`store_id`)
) ENGINE=MyISAM DEFAULT CHARSET=utf8;

--
-- Дамп данных таблицы `ts_information_to_store`
--

INSERT INTO `ts_information_to_store` (`information_id`, `store_id`) VALUES
(3, 0),
(4, 0),
(5, 0),
(6, 0),
(7, 0),
(8, 0);

-- --------------------------------------------------------

--
-- Структура таблицы `ts_language`
--

CREATE TABLE IF NOT EXISTS `ts_language` (
  `language_id` int(11) NOT NULL AUTO_INCREMENT,
  `name` varchar(32) NOT NULL,
  `code` varchar(5) NOT NULL,
  `locale` varchar(255) NOT NULL,
  `image` varchar(64) NOT NULL,
  `directory` varchar(32) NOT NULL,
  `sort_order` int(3) NOT NULL DEFAULT '0',
  `status` tinyint(1) NOT NULL,
  PRIMARY KEY (`language_id`),
  KEY `name` (`name`)
) ENGINE=MyISAM AUTO_INCREMENT=3 DEFAULT CHARSET=utf8;

--
-- Дамп данных таблицы `ts_language`
--

INSERT INTO `ts_language` (`language_id`, `name`, `code`, `locale`, `image`, `directory`, `sort_order`, `status`) VALUES
(2, 'Русский', 'ru', 'ru_RU.UTF-8,ru_RU,ru-gb,russian', 'ru.png', 'russian', 1, 1);

-- --------------------------------------------------------

--
-- Структура таблицы `ts_layout`
--

CREATE TABLE IF NOT EXISTS `ts_layout` (
  `layout_id` int(11) NOT NULL AUTO_INCREMENT,
  `name` varchar(64) NOT NULL,
  PRIMARY KEY (`layout_id`)
) ENGINE=MyISAM AUTO_INCREMENT=21 DEFAULT CHARSET=utf8;

--
-- Дамп данных таблицы `ts_layout`
--

INSERT INTO `ts_layout` (`layout_id`, `name`) VALUES
(1, 'Home'),
(2, 'Product'),
(3, 'Category'),
(4, 'Default'),
(5, 'Manufacturer'),
(6, 'Account'),
(7, 'Checkout'),
(8, 'Contact'),
(9, 'Sitemap'),
(10, 'Affiliate'),
(11, 'Information'),
(12, 'Compare'),
(13, 'Search'),
(14, 'Items'),
(15, 'CategoryAll'),
(16, 'faq'),
(17, 'Encyclopedia'),
(19, 'Action'),
(20, 'Brands');

-- --------------------------------------------------------

--
-- Структура таблицы `ts_layout_module`
--

CREATE TABLE IF NOT EXISTS `ts_layout_module` (
  `layout_module_id` int(11) NOT NULL AUTO_INCREMENT,
  `layout_id` int(11) NOT NULL,
  `code` varchar(64) NOT NULL,
  `position` varchar(14) NOT NULL,
  `sort_order` int(3) NOT NULL,
  PRIMARY KEY (`layout_module_id`)
) ENGINE=MyISAM AUTO_INCREMENT=498 DEFAULT CHARSET=utf8;

--
-- Дамп данных таблицы `ts_layout_module`
--

INSERT INTO `ts_layout_module` (`layout_module_id`, `layout_id`, `code`, `position`, `sort_order`) VALUES
(269, 9, 'category_slider', 'content_top', 1),
(311, 6, 'html.39', 'column_left', 2),
(489, 14, 'category_slider', 'content_top', 1),
(331, 1, 'manufacturer_home', 'content_bottom', 10),
(454, 15, 'html.35', 'content_bottom', 0),
(329, 1, 'banner.30', 'slider_right', 3),
(497, 20, 'html.40', 'column_left', 1),
(330, 1, 'category_slider', 'slider_left', 2),
(328, 1, 'newslettersubscribe.37', 'content_bottom', 8),
(270, 2, 'html.32', 'content_top', 0),
(459, 3, 'category', 'column_filter', 10),
(453, 15, 'filter', 'column_filter', 100),
(267, 13, 'category_slider', 'content_top', 1),
(279, 11, 'html.39', 'column_left', 120),
(290, 8, 'items_menu', 'column_left', 0),
(491, 14, 'items_menu', 'column_left', 100),
(266, 13, 'html.32', 'content_top', 0),
(268, 9, 'html.32', 'content_top', 0),
(312, 6, 'category_slider', 'content_top', 1),
(306, 10, 'account', 'column_right', 1),
(295, 7, 'html.32', 'content_top', 0),
(293, 12, 'html.32', 'content_top', 0),
(460, 3, 'filter', 'column_filter', 9),
(278, 11, 'html.32', 'content_top', 0),
(490, 14, 'html.32', 'content_top', 0),
(289, 8, 'html.34', 'content_bottom', 0),
(283, 16, 'html.32', 'content_top', 1),
(282, 16, 'items_menu', 'column_left', 1),
(281, 16, 'html.39', 'column_left', 2),
(285, 17, 'html.32', 'content_top', 0),
(310, 6, 'html.32', 'content_top', 0),
(309, 6, 'account', 'column_left', 1),
(271, 2, 'category_slider', 'content_top', 1),
(280, 11, 'category_slider', 'content_top', 1),
(284, 16, 'category_slider', 'content_top', 2),
(286, 17, 'category_slider', 'content_top', 1),
(493, 4, 'category_slider', 'content_top', 1),
(291, 8, 'html.32', 'content_top', 0),
(292, 8, 'category_slider', 'content_top', 1),
(294, 12, 'category_slider', 'content_top', 1),
(296, 7, 'category_slider', 'content_top', 1),
(451, 15, 'html.32', 'content_top', 0),
(307, 10, 'html.32', 'content_top', 0),
(308, 10, 'category_slider', 'content_top', 1),
(316, 19, 'category_slider', 'content_top', 1),
(315, 19, 'html.32', 'content_top', 0),
(327, 1, 'category_home', 'content_bottom', 7),
(326, 1, 'html.32', 'content_top', 1),
(325, 1, 'html.33', 'content_bottom', 11),
(458, 3, 'html.35', 'content_bottom', 0),
(457, 3, 'html.32', 'content_top', 0),
(456, 3, 'category_slider', 'content_top', 1),
(452, 15, 'category_slider', 'content_top', 1),
(455, 3, 'html.39', 'column_filter', 2),
(495, 5, 'html.32', 'content_top', 0),
(488, 14, 'action', 'column_left', 0),
(492, 4, 'html.32', 'content_top', 0);

-- --------------------------------------------------------

--
-- Структура таблицы `ts_layout_route`
--

CREATE TABLE IF NOT EXISTS `ts_layout_route` (
  `layout_route_id` int(11) NOT NULL AUTO_INCREMENT,
  `layout_id` int(11) NOT NULL,
  `store_id` int(11) NOT NULL,
  `route` varchar(255) NOT NULL,
  PRIMARY KEY (`layout_route_id`)
) ENGINE=MyISAM AUTO_INCREMENT=178 DEFAULT CHARSET=utf8;

--
-- Дамп данных таблицы `ts_layout_route`
--

INSERT INTO `ts_layout_route` (`layout_route_id`, `layout_id`, `store_id`, `route`) VALUES
(137, 6, 0, 'account/%'),
(136, 10, 0, 'affiliate/%'),
(163, 3, 0, 'product/category'),
(141, 1, 0, 'common/home'),
(125, 2, 0, 'product/product'),
(127, 11, 0, 'information/information'),
(133, 7, 0, 'checkout/%'),
(131, 8, 0, 'information/contact'),
(124, 9, 0, 'information/sitemap'),
(174, 4, 0, ''),
(175, 5, 0, 'product/manufacturer'),
(132, 12, 0, 'product/compare'),
(123, 13, 0, 'product/search'),
(162, 15, 0, 'product/category_all'),
(128, 16, 0, 'information/faq'),
(129, 17, 0, 'encyclopedia/%'),
(139, 19, 0, 'action/%'),
(177, 20, 0, 'product/manufacturer/%');

-- --------------------------------------------------------

--
-- Структура таблицы `ts_length_class`
--

CREATE TABLE IF NOT EXISTS `ts_length_class` (
  `length_class_id` int(11) NOT NULL AUTO_INCREMENT,
  `value` decimal(15,8) NOT NULL,
  PRIMARY KEY (`length_class_id`)
) ENGINE=MyISAM AUTO_INCREMENT=4 DEFAULT CHARSET=utf8;

--
-- Дамп данных таблицы `ts_length_class`
--

INSERT INTO `ts_length_class` (`length_class_id`, `value`) VALUES
(1, '1.00000000'),
(2, '10.00000000'),
(3, '0.39370000');

-- --------------------------------------------------------

--
-- Структура таблицы `ts_length_class_description`
--

CREATE TABLE IF NOT EXISTS `ts_length_class_description` (
  `length_class_id` int(11) NOT NULL AUTO_INCREMENT,
  `language_id` int(11) NOT NULL,
  `title` varchar(32) NOT NULL,
  `unit` varchar(4) NOT NULL,
  PRIMARY KEY (`length_class_id`,`language_id`)
) ENGINE=MyISAM AUTO_INCREMENT=4 DEFAULT CHARSET=utf8;

--
-- Дамп данных таблицы `ts_length_class_description`
--

INSERT INTO `ts_length_class_description` (`length_class_id`, `language_id`, `title`, `unit`) VALUES
(1, 2, 'Centimeter', 'cm'),
(2, 2, 'Millimeter', 'mm'),
(3, 2, 'Inch', 'in');

-- --------------------------------------------------------

--
-- Структура таблицы `ts_location`
--

CREATE TABLE IF NOT EXISTS `ts_location` (
  `location_id` int(11) NOT NULL AUTO_INCREMENT,
  `name` varchar(32) NOT NULL,
  `address` text NOT NULL,
  `telephone` varchar(32) NOT NULL,
  `fax` varchar(32) NOT NULL,
  `geocode` varchar(32) NOT NULL,
  `image` varchar(255) DEFAULT NULL,
  `open` text NOT NULL,
  `comment` text NOT NULL,
  PRIMARY KEY (`location_id`),
  KEY `name` (`name`)
) ENGINE=MyISAM DEFAULT CHARSET=utf8;

-- --------------------------------------------------------

--
-- Структура таблицы `ts_manufacturer`
--

CREATE TABLE IF NOT EXISTS `ts_manufacturer` (
  `manufacturer_id` int(11) NOT NULL AUTO_INCREMENT,
  `name` varchar(64) NOT NULL,
  `description` text NOT NULL,
  `image` varchar(255) DEFAULT NULL,
  `sort_order` int(3) NOT NULL,
  `home` tinyint(1) NOT NULL DEFAULT '0',
  PRIMARY KEY (`manufacturer_id`)
) ENGINE=MyISAM AUTO_INCREMENT=53 DEFAULT CHARSET=utf8;

--
-- Дамп данных таблицы `ts_manufacturer`
--

INSERT INTO `ts_manufacturer` (`manufacturer_id`, `name`, `description`, `image`, `sort_order`, `home`) VALUES
(14, 'C-Airlaid', '&lt;p&gt;ООО «Си Айрлайд» представляет собой производственный комплекс полного цикла, входящий в состав холдинга «ИНСИ» (Челябинск). «Си Айрлайд» – первое и единственное предприятие в России и странах бывшего СНГ, которое занимается производством и реализацией высокотехнологичного натурального нетканого материала по технологии «айрлайд» (airlaid). Деятельность компании осуществляется в четырех направлениях, включающих производство и продажу нетканого материала «айрлайд», изготовление airlaid-продукции для частных торговых компаний на контрактной основе; реализацию синтетических волокон собственной разработки; изготовление и продажу товаров народного потребления (средства гигиены, серии хозяйственных товаров, средств по уходу за автомобилем и товаров для животных); производство продукции медицинского назначения. Развитие последнего направления обеспечивается особым подразделением компании – «Си Айрлайд Медика». Компания владеет шестью торговыми марками и выпускает более 3000 наименований готовой продукции, большая часть которой входит в линейку товаров «Си Айрлайд Медика».&lt;br&gt;Особое внимание «Си Айрлайд» уделяет производству одноразовой медицинской одежды, как общего назначения, так и узкоспециализированной, белья и гигиенических средств, предназначенных для однократного применения. Изделия отличаются превосходным качеством при низкой, по сравнению с зарубежными аналогами, стоимостью, а также отличной вариабельностью за счет возможности программировать свойства материала, изменять виды шва, комплектацию и аксессуары. Продукция «Си Айрлайд» пользуется высоким спросом у широкого круга медицинских учреждений России, Белоруссии и стран ближнего зарубежья.&lt;br&gt;«Си Айрлайд» является членом Европейской Ассоциации производителей предметов гигиены и нетканых материалов (EDANA), продукция компании отмечена множеством престижных премий и международных дипломов.&lt;/p&gt;', 'catalog/BRAND LOGO/2.jpg', 5, 0),
(12, 'Codman', '&lt;p&gt;Sage Products, Inc., много лет специализирующиеся на производстве инновационной медицинской продукции, произвели настоящий прорыв в области профилактики хирургических инфекций, объединив ряд антибактериальных компонентов в одном удобном и выгодном по цене предложении. Буквально с апреля этого года этот комплекс доступен на рынке США.&lt;/p&gt;', 'catalog/BRAND LOGO/3.jpg', 2, 0),
(13, 'Convatec', '&lt;p&gt;Английская компания «ConvaTec» работает в сфере производства медицинской продукции и технологий без малого 30 лет и является одним из ведущих поставщиков продукции по комплексному уходу за стомой и средств для лечения ран. Также занимается производством средств для лечебного, профилактического и гигиенического ухода за кожей, разрабатывает различные изделия для использования в интенсивной терапии. Продукция компании пользуется высоким спросом более чем в 100 странах мира благодаря неукоснительному соблюдению высоких стандартов качества, доказанной клинической эффективности, инновационному подходу к решению самых деликатных медицинских проблем и внимательному отношению к потребностям пациентов.&lt;/p&gt;', 'catalog/BRAND LOGO/4.jpg', 3, 0),
(11, 'Covidien', '&lt;p&gt;Еще недавно представлявшая собой самостоятельную бизнес-единицу, компания Covidien в 2015 году стала частью концерна Medtronicplc., объединившись с компанией Medtronic – ведущим мировым поставщиком медицинских решений, услуг и технологий. Головной офис Medtronic-Covidien находится в Ирландии, представительская сеть охватывает 160 стран.&lt;br&gt;Чрезвычайно разнообразный и многопрофильный ассортимент Covidien включает в себя медицинское оборудование для оснащения больниц, в том числе комплексные системы для радиочастотной и микроволновой абляции, системы мониторинга глубины наркоза и вентиляции легких, устройства для перемещения пациентов; широкий спектр инструментов и устройств для всех областей хирургии; средства для предоперационной подготовки пациентов и обеспечения послеоперационного ухода; различные средства личной гигиены; компрессионный трикотаж для профилактики венозных заболеваний и многое другое.&lt;/p&gt;', 'catalog/BRAND LOGO/5.jpg', 4, 0),
(15, 'Bard', '&lt;p&gt;Sage Products, Inc., много лет специализирующиеся на производстве инновационной медицинской продукции, произвели настоящий прорыв в области профилактики хирургических инфекций, объединив ряд антибактериальных компонентов в одном удобном и выгодном по цене предложении. Буквально с апреля этого года этот комплекс доступен на рынке США.&lt;/p&gt;', 'catalog/BRAND LOGO/1.jpg', 1, 0),
(16, 'Ethicon Endo-SurgeryInc', '&lt;p&gt;Дочернее предприятие корпорации Johnson&amp;Johnson компания EthiconEndo-SurgeryInc. является одним из ведущих мировых разработчиков высокотехнологичной продукции для малоинвазивных и открытых хирургических вмешательств. EthiconEndo-Surgery была создана в 1992 году на базе подразделения Ethicon, входившего в состав Johnson&amp;Johnson с 1949 года и специализирующегося на производстве хирургических шовных материалов, инструментов и средств для закрытия ран. Уже в 1995 году EthiconEndo-Surgery заняла лидирующую позицию в таких областях медицинского производства, как разработка механических сшивающих аппаратов, производство электро-хирургических приборов и расходных материалов к ним, создание инструментария для проведения эндоскопических операций, и по сей день прочно удерживает звание лидера. Сегодня Ethicon осуществляет деятельность в 52 странах и насчитывает около 11 000 сотрудников. Штаб-квартира Ethicon находится в Сомервилле (штат Нью-Джерси, США).&lt;br&gt;\r\nEthiconEndo-Surgery работает в тесном сотрудничестве с передовыми научными учреждениями и клиниками многих стран мира, привлекает к участию в разработке новых продуктов и технологий хирургов и медперсонал, сотрудников сферы здравоохранения, инженеров, исследователей. Инновационная продукция компании широко востребована в общей и бариатрической хирургии, колопроктологии, урологии, гинекологии, пластической хирургии, ортопедии и онкохирургии.&lt;/p&gt;', 'catalog/BRAND LOGO/6.jpg', 6, 0),
(17, 'Hartmann Group (Paul Hartmann AG)', '&lt;p&gt;Немецкая корпорация HartmannGroup (PaulHartmannAG) входит в число ведущих поставщиков медицинской и гигиенической продукции. Компания специализируется на разработке и продаже высокоэффективных средств по лечению ран, уходу за пациентами, страдающими недержанием, гигиенической и антисептической продукции для кожи, а также очищающих и обеззараживающих средств для хирургов и операционных. Услуги и продукция HartmannGroup широко востребованы в лечебно-профилактических учреждениях, домах престарелых, хосписах; инновационные, надежные, качественные, простые и удобные в эксплуатации продукты PaulHartmann пользуются большим спросом у сотрудников социальных и патронажных служб и всех тех, кто осуществляет уход за больными на дому.&lt;br&gt;\r\nHartmannGroup имеет филиалы более чем в 30 странах мира, география дистрибуции охватывает около 100 стран. Первое российское представительство компании было открыто в Москве в начале 1990-х годов.&lt;/p&gt;', 'catalog/BRAND LOGO/7.jpg', 7, 0),
(18, 'Integra LifeSciences ', '&lt;p&gt;Созданная в 1989 году американская компания Integra LifeSciences сегодня является одним из мировых лидеров в разработке и производстве различных продуктов и инструментов медицинского назначения. Основной акцент в своей работе компания делает на развитие ортопедии и нейрохирургии. Так, ортопедическая продукция Integra включает в себя специализированные металлические имплантаты для восстановления травмированных конечностей (стоп и голеностопа, кисти и запястья), плеч, локтей, позвоночника, ортобиологическую продукцию для восстановления целостности костей, приспособления и имплантаты для регенерации кожи, продукцию для защиты и восстановления сухожилий и периферических нервов, заживления ран. &lt;/p&gt;&lt;p&gt;Нейрохирургам компания предлагает инновационные имплантаты для пластики твердой мозговой оболочки, ультразвуковые хирургические устройства для удаления тканей, системы стабилизации черепа и ретракции тканей мозга, приспособления для измерения различных параметров мозга, шунтирующие системы. В США Integra LifeSciences является ведущим поставщиком хирургических инструментов в больницы, хирургические центры, частные медицинские клиники, стоматологические кабинеты и ветеринарные клиники.&lt;/p&gt;', 'catalog/BRAND LOGO/8.jpg', 8, 1),
(19, 'Lohmann &amp; Rauscher', '&lt;p&gt;&lt;br&gt;&lt;/p&gt;', 'catalog/BRAND LOGO/9.jpg', 9, 1),
(20, 'Medtronic', '&lt;p&gt;&lt;br&gt;&lt;/p&gt;', 'catalog/BRAND LOGO/10.jpg', 10, 0),
(21, 'Molnlycke (MölnlyckeHealthCare)', '&lt;p&gt;Имя шведской компании Molnlycke (MölnlyckeHealthCare), основанной в 1849 году, хорошо известно в мире профессионального здравоохранения. Компания специализируется на производстве одноразовой хирургической продукции, перевязочных и фиксирующих материалов, медицинских устройств и средств для лечения ран, а также продукции по уходу за кожей. Высококачественный ассортимент MölnlyckeHealthCare включает как множество уникальных, созданных по запатентованным технологиям, инновационных эффективных решений, так и широкий спектр практических, надежных, проверенных временем продуктов. Преданная делу команда MölnlyckeHealthCare в составе 7 500 человек представляет компанию в 90 странах мира. Производство продукции осуществляется на заводах США, Таиланда, Малайзии и ряда европейских стран: Бельгии, Франции, Польши, Чехии, Финляндии и Великобритании.&lt;br&gt;&lt;/p&gt;', 'catalog/BRAND LOGO/11.jpg', 11, 1),
(22, 'PHS Medical', '&lt;p&gt;Немецкая компания PHS Medical была основана в 1996 году как узкоспециализированный производитель систем и инструментов для обеспечения венозного доступа. С 2000 года компания занимается разработкой и реализацией инновационных высококачественных порт-систем, отличающихся надежностью, эффективностью и сочетанием «цена-качество», признанным лучшим по рынку.&lt;/p&gt;', 'catalog/BRAND LOGO/12.jpg', 12, 1),
(23, 'Promedon', '&lt;p&gt;С 1985 года аргентинская компания Promedon разрабатывает и производит различные продукты медицинского назначения для хирургических нужд урологии, урогинекологии, колопроктологии, а также артроскопии, артропластики, нейрохирургии и хирургии позвоночника, восстановительной медицины. Продукция компании, представленная на сегодняшний день в 60 странах мира, пользуется заслуженным доверием у врачей и пациентов.&lt;br&gt;\r\nГоловной офис Promedon, производство и собственный высокотехнологичный научно-исследовательский центр компании находятся в Кордобе (Аргентина).&lt;/p&gt;', 'catalog/BRAND LOGO/13.jpg', 13, 1),
(24, 'Rusch', '&lt;p&gt;Основанная в 1885 году немецкая компания Rusch занимается производством широкого спектра инструментов одноразового и многократного применения, а также сопутствующих товаров медицинского назначения для различных процедур инвазивного и неинвазивного хирургического вмешательства. Ассортимент компании включает более 10000 наименований, широко использующихся в таких областях медицины, как анестезиология, урология, гастроэнтерология, реанимация, интенсивная терапия, отоларингология.&lt;br&gt;\r\nИспользование в производстве самых современных материалов, неуклонное следование высоким стандартам качества, сотрудничество с ведущими экспертами всех медицинских отраслей, инновационность решений, клинически доказанная эффективность и надежность продукции сделали компанию одним из лидеров рынка. С 1989 года Rusch вошла в состав крупнейшего международного концерна Teleflex, ведущего разработчика и поставщика медицинского оборудования, чья продукция представлена в 40 странах.&lt;/p&gt;', 'catalog/BRAND LOGO/14.jpg', 14, 0),
(25, 'Sage', '&lt;p&gt;Sage Products, Inc., много лет специализирующиеся на производстве инновационной медицинской продукции, произвели настоящий прорыв в области профилактики хирургических инфекций, объединив ряд антибактериальных компонентов в одном удобном и выгодном по цене предложении. Буквально с апреля этого года этот комплекс доступен на рынке США.&lt;/p&gt;', 'catalog/BRAND LOGO/17.jpg', 15, 0),
(26, 'Seni', '&lt;p&gt;&lt;br&gt;&lt;/p&gt;', 'catalog/BRAND LOGO/16.jpg', 16, 0),
(27, 'Smith &amp; Nephew', '&lt;p&gt;&lt;br&gt;&lt;/p&gt;', 'catalog/BRAND LOGO/18.jpg', 17, 1),
(28, 'Urodex', '&lt;p&gt;&lt;br&gt;&lt;/p&gt;', 'catalog/BRAND LOGO/15.jpg', 18, 0),
(29, 'Линтекс', '&lt;p&gt;Созданная в 1991 году компания «Линтекс» является одним из лидеров рынка производителей хирургических материалов и вспомогательных средств. Особое значение компания придает научно-исследовательской деятельности, поиску и разработке собственных инновационных решений. К настоящему времени «Линтекс» владеет 26 патентами РФ на изобретения, по результатам научных исследований было защищено двадцать кандидатских и три докторских диссертации.&lt;br&gt; \r\nПродукция «Линтекс» включает высокоэффективные полимерные сетчатые эндопротезы для хирургического лечения и коррекции различных заболеваний: грыж живота (герниопластики), стрессового недержания мочи у женщин и мужчин, пролапсов органов малого таза. Дополняют ассортимент современные шовные материалы, средства для профилактики послеоперационного спаечного процесса и лечения «спаечной болезни», биологически активные раневые покрытия и другие хирургические материалы. Вся продукция соответствует российским и европейским требованиям по безопасности, имеет регистрационные удостоверения и сертификаты.&lt;/p&gt;', 'catalog/BRAND LOGO/20.jpg', 19, 0),
(31, 'Колетекс', '&lt;p&gt;Группа компаний «Колетекс», объединяющая в свое составе ООО «НПО Текстильпрогресс», ООО «Колетекс» и ООО «Тексаль», занимается научной разработкой, производством и продажей изделий медицинского и косметического назначения в общей сложности более 20 лет. Собственная научно-исследовательская лаборатория «Колетекс» осуществляет разработки совместно с учеными РАН и РАМН при сохранении тесного сотрудничества с врачами ведущих клиник страны. Уникальность продукции и технологий ГК «Колетекс» отмечена многочисленными патентами, эффективность изделий неоднократно подтверждена клиническими испытаниями и длительным опытом практического применения. Продукция ГК «Колетекс» успешно используется в онкологии, хирургии, урологии, офтальмологии, физиотерапии. &lt;/p&gt;', 'catalog/BRAND LOGO/NEW 1.jpg', 0, 1),
(32, 'ЗАО «МедСил»', '&lt;p&gt;ЗАО «МедСил» - ведущий российский производитель медицинских изделий из силиконовой резины.  В основе успеха компании лежит более чем 40-летний опыт в данной области - до 1992 г. в составе Особого конструкторского бюро кабельной промышленности. При разработке новой продукции «МедСил» тесно сотрудничает с лидирующими российскими медицинскими, химическими и другими учреждениями и предприятиями, совместно с которыми уже разработано более 100 изобретений, опубликовано свыше 150 печатных работ.  В разные годы были созданы и внедрены в серийное производство такие продукты, как:&lt;/p&gt;&lt;p&gt;&lt;/p&gt;&lt;ul&gt;&lt;li&gt;первые отечественные имплантируемые провода-электроды для электростимуляторов сердечной деятельности;&lt;br&gt;&lt;/li&gt;&lt;li&gt;модель искусственного сердца, доведенная до стадии экспериментов на животных;&lt;br&gt;&lt;/li&gt;&lt;li&gt;первые отечественные многоканальные трубки и дренажи из силиконовой резины;&lt;br&gt;&lt;/li&gt;&lt;li&gt;имплантируемые системы для лечения гидроцефалии;&lt;br&gt;&lt;/li&gt;&lt;li&gt;силиконовые имплантаты для глазной хирургии для склеропластики;&lt;br&gt;&lt;/li&gt;&lt;li&gt;ларингеальные силиконовые маски;&lt;br&gt;&lt;/li&gt;&lt;li&gt;подключичные катетеры.&lt;br&gt;&lt;/li&gt;&lt;/ul&gt;&lt;p&gt;&lt;/p&gt;&lt;p&gt;Товары медицинского назначения, выпущенные под руководством компании, рекомендованы к применению Министерством здравоохранения РФ. На сегодняшний день широкий спектр продукции ЗАО «МедСил» успешно применяется в медицинских учреждениях по всей России.&lt;/p&gt;', 'catalog/BRAND LOGO/Medsil.jpg', 0, 0),
(40, 'Ontex', 'Компания Ontex является ведущим европейским производителем средств личной гигиены одноразового использования. Продукция компании ценится за высокое качество, надежность и эффективность, поставляется более чем в 100 стран, где представлена марками основных розничных сетей и собственными брендами Ontex – Euron и HelenHarper. Ассортимент Ontex включает впитывающие изделия для детей и взрослых (пеленки, подгузники, одноразовые трусики и простыни), товары для женской гигиены (абсорбирующие прокладки на грудь, послеродовые и урологические прокладки), а также очищающие влажные салфетки для ухода за чувствительной кожей.  ', 'catalog/BRAND LOGO/ontex.png', 0, 1),
(41, 'Kimberly-Clark', 'Основоположник стандартов разработки баллонных гастростомических трубок для энтерального питания, Kimberly-Clark Health Care – специализированное подразделение корпорации Kimberly-Clark – продолжает следовать намеченному курсу, удерживая абсолютное лидерство в этой области и занимая ведущие позиции в других сферах своей деятельности. Помимо своих знаменитых трубок Mic, Kimberly-Clark Health Care производит высококачественные средства гигиены для женщин и детей, средства по уходу за пациентами, страдающими недержанием, а также широкий спектр тканых и нетканых изделий для использования в клиниках, как то: процедурные и хирургические маски и перчатки, халаты для медперсонала, простыни для пациентов.', 'catalog/BRAND LOGO/Kimberly-Clark.png', 0, 1),
(34, 'Элепс', '&lt;p&gt;Основанная в 1991 году на заре развития отечественной эндохирургии компания «Элепс» сегодня считается безусловным лидером в производстве эндохирургического оборудования – оптики, приборов, инструментов, а также средств для их стерилизации и дезинфекции. Своим клиентам «Элепс» предлагает функционально полные эндовидеохирургические комплексы для различных областей хирургии.&lt;br&gt;Широкий спектр оборудования позволяет подобрать оптимальный вариант комплектации. Оптика и приборы успешно используются в Индии, Италии, Германии, Турции, Великобритании, Гонконге и странах ближнего зарубежья и составляют достойную конкуренцию продукции ведущих зарубежных производителей.&lt;br&gt;&lt;/p&gt;', 'catalog/BRAND LOGO/eleps.png', 0, 0),
(42, 'Johnson&amp;Johnson', '&lt;p&gt;Американская многопрофильная корпорация Johnson&amp;amp;Johnson является одним из крупнейших мировых производителей медицинской, гигиенической и косметической продукции. Более ста лет компания разрабатывает и реализует различные виды медицинского оборудования, инструментов и расходных материалов для оснащения больниц, диагностические приборы, широкий спектр лекарственных препаратов, изделия для поддержания гигиены и сохранения здоровья. В состав корпорации входит порядка 250 компаний, расположенных в 57 странах мира, с общим числом сотрудников, превышающим 125 000 человек. Компании Johnson&amp;amp;Johnson принадлежат десятки проверенных временем и длительным опытом применения, надежных, качественных, широко востребованных брендов как в потребительском, так и в специализированном медицинском секторе. Продукция Johnson&amp;amp;Johnson продается более чем в 175 странах.&lt;/p&gt;', 'catalog/BRAND LOGO/Johnson-and-Johnson.png', 0, 1),
(43, 'Luxsan', '&lt;p&gt;Продукция марки высококачественных гигиенических впитывающих изделий Luxsan производится ООО «Интертекс» по лицензии западных компаний с 2011 года и объединяет четыре направления: линию гигиены для взрослых, женскую линию, детские впитывающие изделия и широкую линейку гигиенических продуктов для домашних питомцев, включающую  подгузники, коврики, влажные салфетки и самофиксирующиеся бинты с горькой пропиткой.&lt;/p&gt;', 'catalog/BRAND LOGO/Luxsan.png', 0, 1),
(44, 'B. Braun', '&lt;p&gt;Крупнейший мировой поставщик в сфере здравоохранения, группа B. Braun осуществляет свою деятельность в четырех направлениях: оснащение клиник и больниц, производство продуктов и услуг для хирургии, обеспечение надлежащего ухода за пациентами, в том числе на дому, и разработка экстракорпоральных методов лечения. Развитием каждого отдельно взятого направления занимается специализированное подразделение компании.&lt;/p&gt;', 'catalog/BRAND LOGO/B-Braun.gif', 0, 1),
(45, 'Bella', '&lt;p&gt;Под маркой Bella Baby Happy представлена продукция для ежедневного ухода за маленькими детьми, включающая несколько линий гигиенических и косметических средств. Владелец марки – польская компания TZMO S.A. (Торуньский Завод перевязочных материалов) – является одним из ведущих европейских производителей и поставщиком изделий медицинского и гигиенического назначения на глобальный рынок. Собственный научно-исследовательский центр компании,Tricomed, сотрудничает с передовыми научными институтами и исследовательскими лабораториями, принимает активное участие в решении вопросов в области медицинской инженерии, биотехнологии и косметологии; на счету Центра – множество престижных премий и несколько десятков патентов на изобретения.&lt;/p&gt;', 'catalog/BRAND LOGO/Bella.png', 0, 1),
(46, 'Ergoforma', '&lt;p&gt;Основанная в 1964 году итальянская компания Calze Olona S.r.l. специализируется на производстве медицинского трикотажа с градуированной компрессией, разработанного для профилактики и лечения варикозных болезней вен нижних конечностей. Ассортимент изделий включает колготки (в том числе для беременных), чулки длиной до бедра, мужские и женские чулки-гольфы с компрессионными значениями от 7-9 мм рт. ст. до 30 мм рт. ст. Компрессионный трикотаж Calze Olona показан как при первых признаках нарушений венозного кровообращения, так и на более поздних стадиях заболевания в качестве дополнительного средства, сопровождающего медикаментозную терапию.&lt;br&gt;В России продукция Calze Olona известна под торговой маркой Ergoforma.&lt;/p&gt;', 'catalog/BRAND LOGO/Ergoforma.png', 0, 1),
(47, 'Мит', '&lt;p&gt;С 1992 года ООО «Минимально инвазивные технологии» осуществляет разработку, изготовление и реализацию инструментов и оборудования, предназначенных для выполнения малоинвазивных хирургических операций при использовании рентген-, эндо-, видео- и ультразвуковых методов контроля. Целью ООО «МИТ» является создание и внедрение новых разновидностей высокотехнологичного медицинского инструментария, способных максимально облегчить работу врачей и состояние пациентов. В поиске эффективных решений компания сотрудничает с ведущими специалистами различных областей медицины, принимает активное участие в специализированных выставках и конференциях как регионального, так и международного уровня, поддерживая высокий уровень осведомленности о современном развитии медицинской сферы и обеспечивая себе постоянное движение вперед. Некоторые модели одноразовых инструментов, выпущенных под руководством ООО «МИТ», представляют собой уникальные приборы, которые не имеют аналогов в России и за рубежом, две разработки компании – мобильный дистанционный литотриптер и эндоурологический комплекс – были удостоены ряда престижных наград.&lt;/p&gt;', 'catalog/BRAND LOGO/mit.jpg', 0, 0),
(48, 'Woo Young Medical', '&lt;p&gt;Со времени своего основания в 1996 году корейская компания Woo Young Medical специализируется на разработке, производстве и продаже одноразовых эластомерныхинфузионных помп и инфузионных насосов. Woo Young Medical является абсолютным лидером рынка инфузионных устройств в Корее и владеет весомой долей общемирового рынка с показателем в 15%. Компания успешно экспортирует свою продукцию в США, Канаду, ряд европейских стран, Турцию, Китай, Японию, страны Ближнего Востока, Бразилию, Аргентину, а сейчас и в Россию.&lt;/p&gt;', 'catalog/BRAND LOGO/WooYoungMedical.png', 0, 0),
(49, 'CeloNovaBiosciences', '&lt;p&gt;CeloNovaBiosciences, Inc. — частная компания со штаб-квартирой в Сан-Антонио, штат Техас, региональными представительствами во Франции, Великобритании, Австрии и Нидерландах и широкой дистрибуторской сетью, охватывающей более 50 стран. CeloNovaBiosciences специализируется на разработке и производстве передовых высокоэффективных продуктов для эмболизации сосудистого русла различных размеров и типов. Созданные на основе революционной запатентованной компанией технологии особого полимерного покрытия Polyzene-F сферические калиброванные частицы Embozene (Эмбозин) успешно применяются в интервенционной радиологии, эндоваскулярной и интервенционной кардиологии.&lt;/p&gt;', 'catalog/BRAND LOGO/CeloNovaBiosciences.jpg', 0, 0),
(50, 'Тривес', '&lt;p&gt;Петербургская компания «Тривес» занимается разработкой и реализацией ортопедической, реабилитационной и лечебно-профилактической продукции с 1992 года, ежегодно совершенствуя и расширяя свой ассортимент. В настоящее время компания выпускает широкий спектр ортопедических товаров, включающих ортопедические изделия для позвоночника и суставов, специальную обувь, стельки и приспособления для стопы, ортопедические подушки, различные виды бандажей. Реабилитационные продукты «Тривес» представлены несколькими видами домашних тренажеров, вспомогательными средствами передвижения, приспособлениями для осуществления манипуляций с предметами при ограниченной подвижности рук; противопролежневыми матрасами. Компания также производит ряд устройств медицинского назначения – компрессионные ингаляторы, термометры, механические тонометры, - изготовляет анти-варикозный трикотаж и термобелье. Все без исключения изделия разрабатываются из высококачественных безопасных материалов в тесном взаимодействии с практикующими врачами.Компания «Тривес» сотрудничает с ведущими национальными дистрибуторами, крупными компаниями-оптовиками, ортопедическими салонами, магазинами медтехники и фарацевтическими сетями. Имеет сеть действующих представительств на территории Белоруссии, Украины, Казахстана, и Узбекистана.&lt;/p&gt;', 'catalog/BRAND LOGO/trives.jpg', 0, 0),
(51, 'Scar Heal', '&lt;p&gt;Компания Scar Heal Inc. была основана в 1988 году.  Основное направление деятельности - разработка и производство средств для &quot;нехирургической&quot; терапии и  профилактики всех видов рубцов и шрамов. Штаб квартира компании находится в городе Ларго (Largo) на западе штата Флорида (США), на побережье Мексиканского залива.&lt;/p&gt;', 'catalog/BRAND LOGO/Scar-Heal.png', 0, 0),
(52, 'Urotech', '&lt;p&gt;За 25 лет своего существования немецкая компания Urotech успела завоевать звание передового производителя в области урологии и эндоурологии и прочно удерживает лидерские позиции, ежегодно выпуская на рынок новые высокотехнологичные продукты как для внутрибольничного, так и частного применения. Мочеточниковые стенты и нефростомические катетеры производства Urotech имеют особое покрытие из  фосфорилхолина, которое в значительной степени снижает риски осложнений, связанных с использованием таким имплантатов, продлевают срок службы изделий и увеличивают комфорт для пациентов. Основой для успешной производственной и предпринимательской деятельности Urotech является введенная компанией многоступенчатая система управления качеством продукции. Сырье и компоненты внимательно исследуются на соответствие стандартам качества перед запуском производства, каждое готовое изделие подвергается строгому технологическому контролю и тщательному финальному тестированию.&lt;/p&gt;', 'catalog/BRAND LOGO/Urotech.jpg', 0, 0);

-- --------------------------------------------------------

--
-- Структура таблицы `ts_manufacturer_description`
--

CREATE TABLE IF NOT EXISTS `ts_manufacturer_description` (
  `manufacturer_id` int(11) NOT NULL,
  `language_id` int(11) NOT NULL,
  `meta_title` varchar(255) NOT NULL,
  `meta_h1` varchar(255) NOT NULL,
  `meta_description` varchar(255) NOT NULL,
  `meta_keyword` varchar(255) NOT NULL,
  PRIMARY KEY (`manufacturer_id`,`language_id`)
) ENGINE=MyISAM DEFAULT CHARSET=utf8;

--
-- Дамп данных таблицы `ts_manufacturer_description`
--

INSERT INTO `ts_manufacturer_description` (`manufacturer_id`, `language_id`, `meta_title`, `meta_h1`, `meta_description`, `meta_keyword`) VALUES
(15, 2, 'Тест Title', 'Тест H1', 'Тест Description', 'ТестKeywords'),
(12, 2, '', '', '', ''),
(13, 2, '', '', '«ConvaTec» работает в сфере производства медицинской продукции и технологий без малого 30 лет и является одним из ведущих поставщиков продукции по комплексному уходу за стомой и средств для лечения ран.', ''),
(11, 2, '', '', 'Covidien в 2015 году стала частью концерна Medtronicplc., объединившись с компанией Medtronic – ведущим мировым поставщиком медицинских решений, услуг и технологий. Головной офис Medtronic-Covidien находится в Ирландии, представительская сеть охватывает 1', ''),
(16, 2, '', '', 'EthiconEndo-SurgeryInc. является одним из ведущих мировых разработчиков высокотехнологичной продукции для малоинвазивных и открытых хирургических вмешательств. EthiconEndo-Surgery была создана в 1992 году на базе подразделения Ethicon, входившего в состав', ''),
(17, 2, '', '', 'Немецкая корпорация HartmannGroup (PaulHartmannAG) входит в число ведущих поставщиков медицинской и гигиенической продукции.', ''),
(18, 2, '', '', '', ''),
(19, 2, '', '', '', ''),
(20, 2, '', '', '', ''),
(21, 2, '', '', 'Компания Molnlycke специализируется на производстве одноразовой хирургической продукции, перевязочных и фиксирующих материалов, медицинских устройств и средств для лечения ран, а также продукции по уходу за кожей.', ''),
(22, 2, '', '', 'Немецкая компания PHS Medical была основана в 1996 году как узкоспециализированный производитель систем и инструментов для обеспечения венозного доступа.', ''),
(23, 2, '', '', 'Promedon разрабатывает и производит различные продукты медицинского назначения для хирургических нужд урологии, урогинекологии, колопроктологии, а также артроскопии, артропластики, нейрохирургии и хирургии позвоночника, восстановительной медицины.', ''),
(24, 2, '', '', 'Rusch занимается производством широкого спектра инструментов одноразового и многократного применения, а также сопутствующих товаров медицинского назначения для различных процедур инвазивного и неинвазивного хирургического вмешательства.', ''),
(25, 2, '', '', 'Sage Products, Inc., много лет специализирующиеся на производстве инновационной медицинской продукции, произвели настоящий прорыв в области профилактики хирургических инфекций, объединив ряд антибактериальных компонентов в одном удобном и выгодном по цене', ''),
(26, 2, '', '', '', ''),
(27, 2, '', '', '', ''),
(28, 2, '', '', '', ''),
(29, 2, '', '', 'Линтекс является одним из лидеров рынка производителей хирургических материалов и вспомогательных средств. Особое значение компания придает научно-исследовательской деятельности, поиску и разработке собственных инновационных решений.', ''),
(32, 2, '', '', 'ЗАО «МедСил» - ведущий российский производитель медицинских изделий из силиконовой резины. В основе успеха компании лежит более чем 40-летний опыт в данной области - до 1992 г. в составе Особого конструкторского бюро кабельной промышленности.', ''),
(40, 2, '', '', 'Компания Ontex является ведущим европейским производителем средств личной гигиены одноразового использования. Продукция компании ценится за высокое качество, надежность и эффективность, поставляется более чем в 100 стран, где представлена марками основных', ''),
(34, 2, '', '', 'Основанная в 1991 году на заре развития отечественной эндохирургии компания «Элепс» сегодня считается безусловным лидером в производстве эндохирургического оборудования – оптики, приборов, инструментов, а также средств для их стерилизации и дезинфекции.', ''),
(43, 2, '', '', 'Продукция марки высококачественных гигиенических впитывающих изделий Luxsan производится ООО «Интертекс» по лицензии западных компаний с 2011 года и объединяет четыре направления: линию гигиены для взрослых, женскую линию, детские впитывающие изделия и ши', ''),
(47, 2, 'МИТ: ООО «Минимально инвазивные технологии»', '', 'С 1992 года ООО «Минимально инвазивные технологии» осуществляет разработку, изготовление и реализацию инструментов и оборудования, предназначенных для выполнения малоинвазивных хирургических операций при использовании рентген-, эндо-, видео- и ультразвуко', ''),
(42, 2, '', '', 'Американская многопрофильная корпорация Johnson&amp;Johnson является одним из крупнейших мировых производителей медицинской, гигиенической и косметической продукции.', ''),
(14, 2, '', '', '«Си Айрлайд» – первое и единственное предприятие в России и странах бывшего СНГ, которое занимается производством и реализацией высокотехнологичного натурального нетканого материала по технологии «айрлайд» (airlaid).', ''),
(31, 2, '', '', 'Группа компаний «Колетекс», объединяющая в свое составе ООО «НПО Текстильпрогресс», ООО «Колетекс» и ООО «Тексаль», занимается научной разработкой, производством и продажей изделий медицинского и косметического назначения в общей сложности более 20 лет.', ''),
(41, 2, 'Kimberly-Clark Health Care', '', 'Основоположник стандартов разработки баллонных гастростомических трубок для энтерального питания, Kimberly-Clark Health Care – специализированное подразделение корпорации Kimberly-Clark – продолжает следовать намеченному курсу, удерживая абсолютное лидерс', ''),
(44, 2, '', '', 'Крупнейший мировой поставщик в сфере здравоохранения, группа B. Braun осуществляет свою деятельность в четырех направлениях: оснащение клиник и больниц, производство продуктов и услуг для хирургии, обеспечение надлежащего ухода за пациентами...', ''),
(45, 2, '', '', 'Под маркой Bella Baby Happy представлена продукция для ежедневного ухода за маленькими детьми, включающая несколько линий гигиенических и косметических средств. Владелец марки – польская компания TZMO S.A. (Торуньский Завод перевязочных материалов) – явля', ''),
(46, 2, '', '', 'Основанная в 1964 году итальянская компания Calze Olona S.r.l. специализируется на производстве медицинского трикотажа с градуированной компрессией, разработанного для профилактики и лечения варикозных болезней вен нижних конечностей. Ассортимент изделий ', ''),
(48, 2, '', '', 'Со времени своего основания в 1996 году корейская компания Woo Young Medical специализируется на разработке, производстве и продаже одноразовых эластомерныхинфузионных помп и инфузионных насосов. ', ''),
(49, 2, 'CeloNovaBiosciences, Inc', '', 'CeloNovaBiosciences, Inc. — частная компания со штаб-квартирой в Сан-Антонио, штат Техас, региональными представительствами во Франции, Великобритании, Австрии и Нидерландах и широкой дистрибуторской сетью, охватывающей более 50 стран. ', ''),
(50, 2, '', '', 'Петербургская компания «Тривес» занимается разработкой и реализацией ортопедической, реабилитационной и лечебно-профилактической продукции с 1992 года, ежегодно совершенствуя и расширяя свой ассортимент. ', ''),
(51, 2, '', '', 'Компания Scar Heal Inc. была основана в 1988 году. Основное направление деятельности - разработка и производство средств для &quot;нехирургической&quot; терапии и профилактики всех видов рубцов и шрамов. ', ''),
(52, 2, '', '', 'За 25 лет своего существования немецкая компания Urotech успела завоевать звание передового производителя в области урологии и эндоурологии и прочно удерживает лидерские позиции, ежегодно выпуская на рынок новые высокотехнологичные продукты как для внутри', '');

-- --------------------------------------------------------

--
-- Структура таблицы `ts_manufacturer_to_store`
--

CREATE TABLE IF NOT EXISTS `ts_manufacturer_to_store` (
  `manufacturer_id` int(11) NOT NULL,
  `store_id` int(11) NOT NULL,
  PRIMARY KEY (`manufacturer_id`,`store_id`)
) ENGINE=MyISAM DEFAULT CHARSET=utf8;

--
-- Дамп данных таблицы `ts_manufacturer_to_store`
--

INSERT INTO `ts_manufacturer_to_store` (`manufacturer_id`, `store_id`) VALUES
(11, 0),
(13, 0),
(14, 0),
(16, 0),
(17, 0),
(18, 0),
(19, 0),
(21, 0),
(22, 0),
(23, 0),
(24, 0),
(25, 0),
(27, 0),
(29, 0),
(31, 0),
(32, 0),
(34, 0),
(40, 0),
(41, 0),
(42, 0),
(43, 0),
(44, 0),
(45, 0),
(46, 0),
(47, 0),
(48, 0),
(49, 0),
(50, 0),
(51, 0),
(52, 0);

-- --------------------------------------------------------

--
-- Структура таблицы `ts_marketing`
--

CREATE TABLE IF NOT EXISTS `ts_marketing` (
  `marketing_id` int(11) NOT NULL AUTO_INCREMENT,
  `name` varchar(32) NOT NULL,
  `description` text NOT NULL,
  `code` varchar(64) NOT NULL,
  `clicks` int(5) NOT NULL DEFAULT '0',
  `date_added` datetime NOT NULL,
  PRIMARY KEY (`marketing_id`)
) ENGINE=MyISAM DEFAULT CHARSET=utf8;

-- --------------------------------------------------------

--
-- Структура таблицы `ts_modification`
--

CREATE TABLE IF NOT EXISTS `ts_modification` (
  `modification_id` int(11) NOT NULL AUTO_INCREMENT,
  `name` varchar(64) NOT NULL,
  `code` varchar(64) NOT NULL,
  `author` varchar(64) NOT NULL,
  `version` varchar(32) NOT NULL,
  `link` varchar(255) NOT NULL,
  `xml` text NOT NULL,
  `status` tinyint(1) NOT NULL,
  `date_added` datetime NOT NULL,
  PRIMARY KEY (`modification_id`)
) ENGINE=MyISAM DEFAULT CHARSET=utf8;

-- --------------------------------------------------------

--
-- Структура таблицы `ts_module`
--

CREATE TABLE IF NOT EXISTS `ts_module` (
  `module_id` int(11) NOT NULL AUTO_INCREMENT,
  `name` varchar(64) NOT NULL,
  `code` varchar(32) NOT NULL,
  `setting` text NOT NULL,
  PRIMARY KEY (`module_id`)
) ENGINE=MyISAM AUTO_INCREMENT=41 DEFAULT CHARSET=utf8;

--
-- Дамп данных таблицы `ts_module`
--

INSERT INTO `ts_module` (`module_id`, `name`, `code`, `setting`) VALUES
(30, 'Banner - Home', 'banner', 'a:5:{s:4:"name";s:13:"Banner - Home";s:9:"banner_id";s:1:"9";s:5:"width";s:3:"862";s:6:"height";s:3:"390";s:6:"status";s:1:"1";}'),
(29, 'Home Page', 'carousel', 'a:5:{s:4:"name";s:20:"Carousel - Home Page";s:9:"banner_id";s:1:"8";s:5:"width";s:3:"130";s:6:"height";s:3:"100";s:6:"status";s:1:"1";}'),
(28, 'Home Page', 'featured', 'a:6:{s:4:"name";s:20:"Featured - Home Page";s:7:"product";a:4:{i:0;s:2:"43";i:1;s:2:"40";i:2;s:2:"42";i:3;s:2:"30";}s:5:"limit";s:1:"4";s:5:"width";s:3:"200";s:6:"height";s:3:"200";s:6:"status";s:1:"1";}'),
(32, 'Page top Line', 'html', 'a:3:{s:4:"name";s:13:"Page top Line";s:18:"module_description";a:1:{i:2;a:2:{s:5:"title";s:0:"";s:11:"description";s:1010:"&lt;div class=&quot;b-info&quot;&gt;    \r\n   &lt;div class=&quot;wrap&quot;&gt;        \r\n         &lt;ul&gt;\r\n\r\n            &lt;li class=&quot;info-tip__toogle&quot;&gt;&lt;span class=&quot;info__pay&quot;&gt;&lt;a href=&quot;/shipping&quot;&gt;Любые формы оплаты&lt;/a&gt;&lt;/span&gt;&lt;/li&gt;\r\n\r\n            &lt;li class=&quot;info-tip__toogle&quot;&gt;&lt;span class=&quot;info__ship&quot;&gt;&lt;a href=&quot;/shipping&quot;&gt;Доставка по России&lt;/a&gt;&lt;/span&gt;&lt;/li&gt;\r\n\r\n            &lt;li class=&quot;info-tip__toogle&quot;&gt;&lt;span class=&quot;info__sale&quot;&gt;&lt;a href=&quot;/shipping&quot;&gt;Накопительные скидки&lt;/a&gt;&lt;/span&gt;&lt;/li&gt;\r\n\r\n            &lt;li class=&quot;hidden-xs info-tip__toogle&quot;&gt;&lt;span class=&quot;info__promo&quot;&gt;&lt;a href=&quot;/shipping&quot;&gt;Принимаем промо коды&lt;/a&gt;&lt;/span&gt;&lt;/li&gt;\r\n\r\n        &lt;/ul&gt;\r\n\r\n    &lt;/div&gt;\r\n\r\n&lt;/div&gt;";}}s:6:"status";s:1:"1";}'),
(40, 'Бренды слева', 'html', 'a:3:{s:4:"name";s:23:"Бренды слева";s:18:"module_description";a:1:{i:2;a:2:{s:5:"title";s:12:"Бренды";s:11:"description";s:3676:"&lt;ul&gt;\r\n\r\n                &lt;li&gt;&lt;a href=&quot;http://doctorsplus.ru/Kimberly-Clark&quot;&gt;Kimberly-Clark&lt;/a&gt;&lt;/li&gt;\r\n\r\n                &lt;li&gt;&lt;a href=&quot;http://doctorsplus.ru/B-Braun&quot;&gt;B. Braun&lt;/a&gt;&lt;/li&gt;\r\n\r\n                &lt;li&gt;&lt;a href=&quot;http://doctorsplus.ru/Bella&quot;&gt;Bella&lt;/a&gt;&lt;/li&gt;\r\n\r\n				&lt;li&gt;&lt;a href=&quot;http://doctorsplus.ru/C-Airlaid&quot; target=&quot;_blank&quot;&gt;C-Airlaid&lt;/a&gt;&lt;/li&gt;\r\n\r\n				\r\n				&lt;li&gt;&lt;a href=&quot;http://doctorsplus.ru/CeloNovaBiosciences&quot;&gt;CeloNovaBiosciences&lt;/a&gt;&lt;/li&gt;\r\n\r\n                &lt;li&gt;&lt;a href=&quot;http://doctorsplus.ru/Convatec&quot; target=&quot;_blank&quot;&gt;Convatec&lt;/a&gt;&lt;/li&gt;\r\n\r\n                &lt;li&gt;&lt;a href=&quot;http://doctorsplus.ru/Covidien&quot; target=&quot;_blank&quot;&gt;Covidien&lt;/a&gt;&lt;/li&gt;\r\n\r\n				&lt;li&gt;&lt;a href=&quot;http://doctorsplus.ru/Ergoforma&quot;&gt;Ergoforma&lt;/a&gt;&lt;/li&gt;\r\n\r\n				\r\n				&lt;li&gt;&lt;a href=&quot;http://doctorsplus.ru/Ethicon-Endo-SurgeryInc&quot; target=&quot;&quot;&gt;Ethicon&lt;/a&gt;&lt;/li&gt;\r\n\r\n                &lt;li&gt;&lt;a href=&quot;http://doctorsplus.ru/Hartmann-Group-Paul-Hartmann-AG&quot; target=&quot;&quot;&gt;Hartmann&lt;/a&gt;&lt;/li&gt;\r\n\r\n                &lt;li&gt;&lt;a href=&quot;http://doctorsplus.ru/Integra-LifeSciences&quot;&gt;Integra LifeSciences&lt;/a&gt;&lt;/li&gt;\r\n\r\n				&lt;li&gt;&lt;a href=&quot;http://doctorsplus.ru/Johnson-and-Johnson&quot;&gt;Johnson&amp;amp;Johnson&lt;/a&gt;&lt;/li&gt;\r\n\r\n				\r\n				&lt;li&gt;&lt;a href=&quot;http://doctorsplus.ru/Luxsan&quot;&gt;Luxsan&lt;/a&gt;&lt;/li&gt;\r\n\r\n                &lt;li&gt;&lt;a href=&quot;http://doctorsplus.ru/Molnlycke&quot; target=&quot;&quot;&gt;Molnlycke&lt;/a&gt;&lt;/li&gt;\r\n\r\n                &lt;li&gt;&lt;a href=&quot;http://doctorsplus.ru/ontex&quot;&gt;Ontex&lt;/a&gt;&lt;/li&gt;\r\n\r\n				&lt;li&gt;&lt;a href=&quot;http://doctorsplus.ru/PHS-Medical&quot; target=&quot;&quot;&gt;PHS&lt;/a&gt;&lt;/li&gt;\r\n\r\n				\r\n				&lt;li&gt;&lt;a href=&quot;http://doctorsplus.ru/Promedon&quot; target=&quot;&quot;&gt;Promedon&lt;/a&gt;&lt;/li&gt;\r\n\r\n                &lt;li&gt;&lt;a href=&quot;http://doctorsplus.ru/Rusch&quot; target=&quot;&quot;&gt;Rusch&lt;/a&gt;&lt;/li&gt;\r\n\r\n                &lt;li&gt;&lt;a href=&quot;http://doctorsplus.ru/sage&quot; target=&quot;&quot;&gt;Sage&lt;/a&gt;&lt;/li&gt;\r\n\r\n				&lt;li&gt;&lt;a href=&quot;http://doctorsplus.ru/Scar-Heal&quot;&gt;Scar Heal&lt;/a&gt;&lt;/li&gt;\r\n\r\n				\r\n				&lt;li&gt;&lt;a href=&quot;http://doctorsplus.ru/Smith-and-Nephew&quot; target=&quot;&quot;&gt;Smith &amp;amp; Nephew&lt;/a&gt;&lt;/li&gt;\r\n\r\n                &lt;li&gt;&lt;a href=&quot;http://doctorsplus.ru/Urotech&quot;&gt;Urotech&lt;/a&gt;&lt;/li&gt;\r\n\r\n                &lt;li&gt;&lt;a href=&quot;http://doctorsplus.ru/WooYoungMedical&quot;&gt;Woo Young Medical&lt;/a&gt;&lt;/li&gt;\r\n\r\n				&lt;li&gt;&lt;a href=&quot;http://doctorsplus.ru/zao-medsil&quot;&gt;ЗАО «МедСил»&lt;/a&gt;&lt;/li&gt;\r\n\r\n				\r\n				&lt;li&gt;&lt;a href=&quot;http://doctorsplus.ru/koleteks&quot;&gt;Колетекс&lt;/a&gt;&lt;/li&gt;\r\n\r\n                &lt;li&gt;&lt;a href=&quot;http://doctorsplus.ru/Lintex&quot; target=&quot;&quot;&gt;Линтекс&lt;/a&gt;&lt;/li&gt;\r\n\r\n                &lt;li&gt;&lt;a href=&quot;http://doctorsplus.ru/mit&quot;&gt;Мит&lt;/a&gt;&lt;/li&gt;\r\n\r\n				\r\n				&lt;li&gt;&lt;a href=&quot;http://doctorsplus.ru/trives&quot;&gt;Тривес&lt;/a&gt;&lt;/li&gt;\r\n\r\n				&lt;li&gt;&lt;a href=&quot;http://doctorsplus.ru/eleps&quot;&gt;Элепс&lt;/a&gt;&lt;/li&gt;\r\n\r\n&lt;/ul&gt;";}}s:6:"status";s:1:"1";}'),
(33, 'Текст на главной', 'html', 'a:3:{s:4:"name";s:30:"Текст на главной";s:18:"module_description";a:1:{i:2;a:2:{s:5:"title";s:0:"";s:11:"description";s:3082:"&lt;!------------------------ page --&gt;  &lt;div id=&quot;page&quot; class=&quot;mainpage&quot;&gt;    &lt;div class=&quot;wrap&quot;&gt;        &lt;!-- content --&gt;      &lt;div class=&quot;page-content&quot;&gt;        &lt;div class=&quot;seotext shadow-text&quot;&gt;          &lt;h1&gt;Интернет-магазин медицинских материалов «Докторам и Пациентам»&lt;/h1&gt;          &lt;p&gt;&lt;span style=&quot;text-align: justify;&quot;&gt;Интернет-магазин товаров медицинского назначения «Докторам и пациентам» предлагает своим покупателям продукцию высшего качества от ведущих российских и зарубежных производителей. В ассортимент нашего магазина включены как широко востребованные, проверенные временем, известные продукты, эффективность которых была подтверждена многократными клиническими испытаниями, так и уникальные высокотехнологичные разработки последнего поколения, уже успевшие получить хорошие рекомендации и надежные отзывы в сфере лечения и реабилитации различных групп пациентов. Подлинность всей без исключения продукции подтверждена сертификатами качества.&lt;/span&gt;&lt;br&gt;&lt;/p&gt;          &lt;a href=&quot;#&quot; class=&quot;text-open&quot;&gt;Читать дальше&lt;/a&gt;          &lt;div class=&quot;hidden-text&quot;&gt;            &lt;p style=&quot;margin: 0cm 0cm 0.0001pt;&quot;&gt;Тщательный отбор поставщиков и особые условия сотрудничества с ними позволяют сохранять привлекательные для покупателей конкурентоспособные цены, а также предоставлять нашим клиентам специальные скидочные и бонусные программы.&lt;/p&gt;&lt;p style=&quot;margin: 0cm 0cm 0.0001pt;&quot;&gt;Сотрудников магазина «Докторам и пациентам» объединяет стремление обеспечить сервис самого высокого качества и сделать процесс покупки максимально простым и комфортным, а пребывание в онлайн-магазине – полезным и приятным для каждого клиента.&lt;/p&gt;          &lt;/div&gt;          &lt;span class=&quot;shadow-white&quot;&gt;&lt;/span&gt;        &lt;/div&gt;      &lt;/div&gt;    &lt;/div&gt;&lt;!-- //wrap --&gt;  &lt;/div&gt;&lt;!-- //page --&gt;";}}s:6:"status";s:1:"1";}'),
(34, 'Контакты', 'html', 'a:3:{s:4:"name";s:16:"Контакты";s:18:"module_description";a:1:{i:2;a:2:{s:5:"title";s:0:"";s:11:"description";s:340:"&lt;h5&gt;Адрес&lt;/h5&gt;&lt;p&gt;Офис продаж: 344011, г. Ростов-на-Дону, ул. Текучева, 125/200&lt;/p&gt;&lt;p&gt;Телефон:&amp;nbsp;&lt;a href=&quot;tel:+78632009130&quot;&gt;+7 (863) 200-91-30&lt;/a&gt;&lt;/p&gt;&lt;p&gt;Email: info@doctorsplus.ru&lt;/p&gt;&lt;p&gt;Skype: contact-dp&lt;/p&gt;";}}s:6:"status";s:1:"1";}'),
(35, 'Докторам и Пациентам', 'html', 'a:3:{s:4:"name";s:38:"Докторам и Пациентам";s:18:"module_description";a:1:{i:2;a:2:{s:5:"title";s:0:"";s:11:"description";s:4616:"&lt;div class=&quot;seotext shadow-text&quot;&gt;              &lt;h1&gt;Интернет-магазин Докторам и Пациентам&lt;/h1&gt;              &lt;p&gt;Эож ут пауло дытыррюизщэт, ут пожжэ лаборамюз вяш, констятюам адвыржаряюм ты прё. Ку диам фабулаз дытракжйт ючю. Нюлльа пльакырат хонэзтатёз эю векж, эю нык льюкяльиюч конкльюдатюрквюэ. Ад вирйз омнэжквюы ыпикурэи дуо, жят ты аэтырно лаборамюз. Хёз кэтэро элььэефэнд конжтетуто ты.&lt;/p&gt;              &lt;p&gt;Вэл опортэат кончэтытюр йн, ед дэльэнйт вэрйтюж ратионебюж кюм. Ельлюд аппэтырэ ад хаж. Нэ кюм лобортис патриоквюы, жэмпэр трактатоз хэндрэрет пэр ад. Кюм эа фиэрэнт пхаэдрум квюаэчтио. Ыт квуым омйттам аккузата ыам, ыюм экз пожжэ декта факэтэ.&lt;/p&gt;              &lt;p&gt;Традиционно, тайская кухня сочетает в себе 5 основных вкусов: сладкий, соленый, кислый, острый и горький. И порой в одном блюде гармонично уживаются  ни все. Каждому из них, конечно, соответствует какой-то характерный продукт.  Так, сладость тайским блюдам придают сахарный тростник, кокосовое молоко или зрелый ананас; за кислое отвечают лайм, лимон, незрелые манго или ананас.&lt;/p&gt;              &lt;p&gt;Интересной особенностью является то, что во время приготовления все ингредиенты подвергаются тепловой обработке очень короткое время. Часто тайцы предпочитают готовить свои блюда на пару, добавляя в них кокосовое молоко или оборачивая банановыми или лотосовыми листьями, предварительно лишь минимально обжаривая. Непосредственно жарку используют для приготовления лишь некоторых блюд, например жареный рис, жареная вермишель и некоторые другие. &lt;/p&gt;              &lt;a href=&quot;#&quot; class=&quot;text-open&quot;&gt;Читать дальше&lt;/a&gt;              &lt;div class=&quot;hidden-text&quot;&gt;                &lt;p&gt;Традиционно, тайская кухня сочетает в себе 5 основных вкусов: сладкий, соленый, кислый, острый и горький. И порой в одном блюде гармонично уживаются  ни все. Каждому из них, конечно, соответствует какой-то характерный продукт.  Так, сладость тайским блюдам придают сахарный тростник, кокосовое молоко или зрелый ананас; за кислое отвечают лайм, лимон, незрелые манго или ананас.&lt;/p&gt;                &lt;p&gt;Интересной особенностью является то, что во время приготовления все ингредиенты подвергаются тепловой обработке очень короткое время. Часто тайцы предпочитают готовить свои блюда на пару, добавляя в них кокосовое молоко или оборачивая банановыми или лотосовыми листьями, предварительно лишь минимально обжаривая. Непосредственно жарку используют для приготовления лишь некоторых блюд, например жареный рис, жареная вермишель и некоторые другие. &lt;/p&gt;              &lt;/div&gt;              &lt;span class=&quot;shadow-white&quot;&gt;&lt;/span&gt;            &lt;/div&gt;";}}s:6:"status";s:1:"0";}'),
(36, 'Слайдер главная', 'kuler_layer_slider', 'a:3:{s:9:"slider_id";s:1:"1";s:4:"name";s:29:"Слайдер главная";s:6:"status";i:1;}'),
(37, 'Подписка', 'newslettersubscribe', 'a:7:{s:4:"name";s:16:"Подписка";s:6:"status";s:1:"1";s:5:"title";a:1:{i:2;s:74:"Подпишитесь на скидки и новинки товаров:";}s:9:"sub_title";a:1:{i:2;s:22:"Подписаться";}s:18:"option_unsubscribe";s:1:"1";s:31:"newslettersubscribe_mail_status";s:1:"1";s:30:"newslettersubscribe_registered";s:1:"1";}'),
(39, 'banner left', 'html', 'a:3:{s:4:"name";s:11:"banner left";s:18:"module_description";a:1:{i:2;a:2:{s:5:"title";s:0:"";s:11:"description";s:211:"&lt;div class=&quot;aside-box&quot;&gt;              &lt;div class=&quot;mod-img&quot;&gt;&lt;img src=&quot;/image/catalog/temp/banner.jpg&quot; alt=&quot;banner.jpg&quot;&gt;&lt;/div&gt;            &lt;/div&gt;";}}s:6:"status";s:1:"0";}');

-- --------------------------------------------------------

--
-- Структура таблицы `ts_news`
--

CREATE TABLE IF NOT EXISTS `ts_news` (
  `news_id` int(11) NOT NULL AUTO_INCREMENT,
  `nc_id` int(11) NOT NULL,
  `alias` varchar(255) NOT NULL,
  `image` varchar(255) NOT NULL,
  `date_added` datetime NOT NULL,
  `status` tinyint(1) NOT NULL,
  PRIMARY KEY (`news_id`),
  KEY `alias` (`alias`),
  KEY `status` (`status`),
  KEY `nc_id` (`nc_id`)
) ENGINE=InnoDB AUTO_INCREMENT=16 DEFAULT CHARSET=utf8;

--
-- Дамп данных таблицы `ts_news`
--

INSERT INTO `ts_news` (`news_id`, `nc_id`, `alias`, `image`, `date_added`, `status`) VALUES
(1, 1, 'vsya-polza-kokosovoj-vody.html', 'catalog/temp/blog3.jpg', '2015-05-04 06:46:48', 0),
(2, 2, 'skidka-20-na-risovoe-moloko.html', 'catalog/temp/blog2.jpg', '2015-05-05 01:03:23', 0),
(3, 1, 'instrumentyi-nejroxirurga-ot-slozhnogo-oborudovaniya-do-vazhnyix-melochej.html', 'catalog/encyclopedia/blog1.jpg', '2015-05-05 17:08:42', 0),
(4, 2, 'uxod-za-paczientom.html', 'catalog/temp/blog3.jpg', '2015-09-15 00:50:16', 0),
(5, 1, 'sovetyi.html', 'catalog/temp/blog1.jpg', '2015-09-15 00:55:33', 0),
(6, 4, 'endoskopicheskaya-operacziya.html.html', '', '2016-05-29 19:04:22', 0),
(8, 5, 'Endoscopicheskie-operacii', 'catalog/ эндо/laparoskopi-ameliyatı.jpg', '2016-06-03 16:40:19', 1),
(11, 5, 'test', '', '2016-06-03 17:12:02', 0),
(12, 3, 'Uhod_za_lejachim_bolnym_praktichnye_novinki', 'catalog/ за пациентами/pravila_uhoda-01.jpg', '2016-06-03 23:29:30', 1),
(13, 6, 'Nederjanie_mochi_u_jenshin_prichiny_i_lechenie', 'catalog/ гинекология/ новое/_мочи_у_женщин_Общая.png', '2016-06-03 23:37:45', 1),
(14, 7, 'Enteralnoe-pitanie', 'catalog/ энтеральное/smes.jpg', '2016-06-03 23:44:51', 1),
(15, 8, 'Sovremennye_ustroistva_dlia_lechenia_onkobolnyh', 'catalog/ онкология/pompa_microinfuz.jpg', '2016-06-03 23:58:18', 1);

-- --------------------------------------------------------

--
-- Структура таблицы `ts_news_category`
--

CREATE TABLE IF NOT EXISTS `ts_news_category` (
  `news_cat_id` int(11) NOT NULL AUTO_INCREMENT,
  `alias` varchar(255) NOT NULL,
  `sort_order` int(11) NOT NULL DEFAULT '0',
  `status` tinyint(1) NOT NULL DEFAULT '0',
  PRIMARY KEY (`news_cat_id`),
  KEY `alias` (`alias`),
  KEY `sort_order` (`sort_order`),
  KEY `status` (`status`)
) ENGINE=InnoDB AUTO_INCREMENT=9 DEFAULT CHARSET=utf8;

--
-- Дамп данных таблицы `ts_news_category`
--

INSERT INTO `ts_news_category` (`news_cat_id`, `alias`, `sort_order`, `status`) VALUES
(1, 'linteks', 0, 1),
(2, 'obuchenie', 3, 1),
(3, 'uhod-za-patsientom', 1, 1),
(4, 'hirurgiya', 2, 1),
(5, 'Endoscopia', 0, 1),
(6, 'Urologia', 0, 1),
(7, 'Enteralnoe_pitanie', 0, 1),
(8, 'Onkologia', 0, 1);

-- --------------------------------------------------------

--
-- Структура таблицы `ts_news_category_description`
--

CREATE TABLE IF NOT EXISTS `ts_news_category_description` (
  `ncd_id` int(11) NOT NULL AUTO_INCREMENT,
  `news_cat_id` int(11) NOT NULL,
  `title` varchar(255) NOT NULL,
  `meta_description` text NOT NULL,
  `language_id` int(11) NOT NULL DEFAULT '0',
  PRIMARY KEY (`ncd_id`),
  KEY `news_cat_id` (`news_cat_id`)
) ENGINE=InnoDB AUTO_INCREMENT=16 DEFAULT CHARSET=utf8;

--
-- Дамп данных таблицы `ts_news_category_description`
--

INSERT INTO `ts_news_category_description` (`ncd_id`, `news_cat_id`, `title`, `meta_description`, `language_id`) VALUES
(6, 2, 'Обучение', 'В этом посте вы найдёте образовательные сайты и онлайн-курсы для обучения различным навыкам и дисциплинам.', 2),
(7, 1, 'Линтекс', '', 2),
(10, 4, 'Хирургия', '', 2),
(11, 3, 'Уход за пациентом', '', 2),
(12, 5, 'Эндоскопия', 'Эндоскопические операции, инструменты и методы', 2),
(13, 6, 'Урология', 'Урологические приспособления и операции', 2),
(14, 7, 'Энтеральное питание', 'Энтеральное питание, питательные смеси разного назначения', 2),
(15, 8, 'Онкология', 'Инновации, применяемые при лечении онкологических заболеваний ', 2);

-- --------------------------------------------------------

--
-- Структура таблицы `ts_news_description`
--

CREATE TABLE IF NOT EXISTS `ts_news_description` (
  `news_description_id` int(11) NOT NULL AUTO_INCREMENT,
  `news_id` int(11) NOT NULL,
  `language_id` int(11) NOT NULL,
  `title` varchar(255) NOT NULL,
  `image_title` varchar(255) NOT NULL,
  `period` varchar(255) NOT NULL,
  `description` text NOT NULL,
  `meta_description` text NOT NULL,
  `short_description` text NOT NULL,
  PRIMARY KEY (`news_description_id`)
) ENGINE=InnoDB AUTO_INCREMENT=100 DEFAULT CHARSET=utf8;

--
-- Дамп данных таблицы `ts_news_description`
--

INSERT INTO `ts_news_description` (`news_description_id`, `news_id`, `language_id`, `title`, `image_title`, `period`, `description`, `meta_description`, `short_description`) VALUES
(53, 7, 2, 'Эндоскопическая операция', '', '', '&lt;p class=&quot;MsoNormal&quot; style=&quot;margin-bottom: 20px; max-height: 99999px; position: relative; color: rgb(0, 0, 0); font-family: Arial, sans-serif; font-size: 13px; line-height: 20.8px;&quot;&gt;&lt;span style=&quot;font-weight: bold;&quot;&gt;Эндоскопическая операция&lt;/span&gt;&amp;nbsp;— это хирургическое вмешательство при минимально-возможном разрезе (минимальная инвазия). При этом сама операция проходит при помощи эндоскопа и камеры, которая и является «глазами» хирурга во время операции.&lt;o:p&gt;&lt;/o:p&gt;&lt;/p&gt;&lt;p class=&quot;MsoNormal&quot; style=&quot;margin-bottom: 20px; max-height: 99999px; position: relative; color: rgb(0, 0, 0); font-family: Arial, sans-serif; font-size: 13px; line-height: 20.8px;&quot;&gt;Первые эндоскопические операции начинались проводиться ещё в 1980-х годах: в 1987 была успешно проведена эндоскопическая операция по удалению желчного пузыря . Развитие технологий и медицины позволили сделать эндоскопические вмешательства более точными и широкопрофильным, а также менее травматичными.&lt;o:p&gt;&lt;/o:p&gt;&lt;/p&gt;&lt;p class=&quot;MsoNormal&quot; style=&quot;margin-bottom: 20px; max-height: 99999px; position: relative; color: rgb(0, 0, 0); font-family: Arial, sans-serif; font-size: 13px; line-height: 20.8px;&quot;&gt;В чём состоят преимущества эндоскопических операций перед традиционным хирургическим вмешательством?&lt;o:p&gt;&lt;/o:p&gt;&lt;/p&gt;&lt;p class=&quot;MsoNormal&quot; style=&quot;margin-bottom: 20px; max-height: 99999px; position: relative; color: rgb(0, 0, 0); font-family: Arial, sans-serif; font-size: 13px; line-height: 20.8px;&quot;&gt;Минимальное травмирование тканей позволяет не оставлять наружных шрамов на теле.&lt;o:p&gt;&lt;/o:p&gt;&lt;/p&gt;&lt;p class=&quot;MsoNormal&quot; style=&quot;margin-bottom: 20px; max-height: 99999px; position: relative; color: rgb(0, 0, 0); font-family: Arial, sans-serif; font-size: 13px; line-height: 20.8px;&quot;&gt;Благодаря малому разрезу срок восстановления после операции значительно сокращается: к примеру, при удалении желчного пузыря обычным методом пациент проводит в клинике в среднем 6-7 дней, а при эндоскопическом пациента выписывают на следующий день (при отсутствии осложнений).&lt;o:p&gt;&lt;/o:p&gt;&lt;/p&gt;&lt;p class=&quot;MsoNormal&quot; style=&quot;margin-bottom: 20px; max-height: 99999px; position: relative; color: rgb(0, 0, 0); font-family: Arial, sans-serif; font-size: 13px; line-height: 20.8px;&quot;&gt;Минимизируется воспалительные процессы и ускоряется заживление раны.&lt;o:p&gt;&lt;/o:p&gt;&lt;/p&gt;&lt;p class=&quot;MsoNormal&quot; style=&quot;margin-bottom: 20px; max-height: 99999px; position: relative; color: rgb(0, 0, 0); font-family: Arial, sans-serif; font-size: 13px; line-height: 20.8px;&quot;&gt;Из-за малых размеров разреза эндоскопические операции требуют высокого уровня квалификации хирурга, являясь более сложными технически. Также времени на эндоскопическое вмешательство потребуется больше, чем на операцию открытым способом.&lt;o:p&gt;&lt;/o:p&gt;&lt;/p&gt;&lt;p class=&quot;MsoNormal&quot; style=&quot;margin-bottom: 20px; max-height: 99999px; position: relative; color: rgb(0, 0, 0); font-family: Arial, sans-serif; font-size: 13px; line-height: 20.8px;&quot;&gt;Суть и сфера применения эндоскопических операций&lt;o:p&gt;&lt;/o:p&gt;&lt;/p&gt;&lt;p class=&quot;MsoNormal&quot; style=&quot;margin-bottom: 20px; max-height: 99999px; position: relative; color: rgb(0, 0, 0); font-family: Arial, sans-serif; font-size: 13px; line-height: 20.8px;&quot;&gt;Эндоскопические вмешательства проводятся при помощи эндоскопа — длинной трубки, на конце которой находится лампа и камера. Один надрез на теле пациента делается для введения эндоскопа, и при необходимости один или несколько — для введения хирургических инструментов к месту проведения операции. Изображение с эндоскопа передаётся на монитор, благодаря чему хирург может следить за своими действиями. Размер надреза, как правило, находится в пределах 0,8-2 см.&lt;o:p&gt;&lt;/o:p&gt;&lt;/p&gt;&lt;p class=&quot;MsoNormal&quot; style=&quot;margin-bottom: 20px; max-height: 99999px; position: relative; color: rgb(0, 0, 0); font-family: Arial, sans-serif; font-size: 13px; line-height: 20.8px;&quot;&gt;Эндоскопические вмешательства применяются для удаления аппендикса, желчного пузыря, а также для гинекологических (для операций и диагностики бесплодия), урологических вмешательств, операций на сердце, в гастроэнтерологии и невралгии. Уровень развития эндоскопической хирургии позволяет использовать её для лечения онкологии, хотя метод применяется осторожно.&lt;o:p&gt;&lt;/o:p&gt;&lt;/p&gt;&lt;p class=&quot;MsoNormal&quot; style=&quot;margin-bottom: 20px; max-height: 99999px; position: relative; color: rgb(0, 0, 0); font-family: Arial, sans-serif; font-size: 13px; line-height: 20.8px;&quot;&gt;Инструменты для проведения эндоскопических операций&lt;o:p&gt;&lt;/o:p&gt;&lt;/p&gt;&lt;p class=&quot;MsoNormal&quot; style=&quot;margin-bottom: 20px; max-height: 99999px; position: relative; color: rgb(0, 0, 0); font-family: Arial, sans-serif; font-size: 13px; line-height: 20.8px;&quot;&gt;Ассортимент инструментария для эндоскопических операций сегодня достаточно широк. Тип инструментов и их размеры зависят от характера хирургического вмешательства.&lt;o:p&gt;&lt;/o:p&gt;&lt;/p&gt;&lt;p class=&quot;MsoNormal&quot; style=&quot;margin-bottom: 20px; max-height: 99999px; position: relative; color: rgb(0, 0, 0); font-family: Arial, sans-serif; font-size: 13px; line-height: 20.8px;&quot;&gt;Компания JOHNSON &amp;amp; JOHNSON (ДЖОНСОН И ДЖОНСОН) предлагает следующие виды инструментов для эндоскопической хирургии:&lt;o:p&gt;&lt;/o:p&gt;&lt;/p&gt;&lt;p class=&quot;MsoNormal&quot; style=&quot;margin-bottom: 20px; max-height: 99999px; position: relative; color: rgb(0, 0, 0); font-family: Arial, sans-serif; font-size: 13px; line-height: 20.8px;&quot;&gt;Ножницы.&lt;o:p&gt;&lt;/o:p&gt;&lt;/p&gt;&lt;p class=&quot;MsoNormal&quot; style=&quot;margin-bottom: 20px; max-height: 99999px; position: relative; color: rgb(0, 0, 0); font-family: Arial, sans-serif; font-size: 13px; line-height: 20.8px;&quot;&gt;Диссектор изогнутый с монополярной коагуляцией.&lt;o:p&gt;&lt;/o:p&gt;&lt;/p&gt;&lt;p class=&quot;MsoNormal&quot; style=&quot;margin-bottom: 20px; max-height: 99999px; position: relative; color: rgb(0, 0, 0); font-family: Arial, sans-serif; font-size: 13px; line-height: 20.8px;&quot;&gt;Граспер.&lt;o:p&gt;&lt;/o:p&gt;&lt;/p&gt;&lt;p class=&quot;MsoNormal&quot; style=&quot;margin-bottom: 20px; max-height: 99999px; position: relative; color: rgb(0, 0, 0); font-family: Arial, sans-serif; font-size: 13px; line-height: 20.8px;&quot;&gt;Зажимы Бэбкокка.&lt;o:p&gt;&lt;/o:p&gt;&lt;/p&gt;&lt;p class=&quot;MsoNormal&quot; style=&quot;margin-bottom: 20px; max-height: 99999px; position: relative; color: rgb(0, 0, 0); font-family: Arial, sans-serif; font-size: 13px; line-height: 20.8px;&quot;&gt;Эндоскопический держатель головки циркулярного аппарата.&lt;o:p&gt;&lt;/o:p&gt;&lt;/p&gt;&lt;p class=&quot;MsoNormal&quot; style=&quot;margin-bottom: 20px; max-height: 99999px; position: relative; color: rgb(0, 0, 0); font-family: Arial, sans-serif; font-size: 13px; line-height: 20.8px;&quot;&gt;Лапароскопы.&lt;o:p&gt;&lt;/o:p&gt;&lt;/p&gt;&lt;p class=&quot;MsoNormal&quot; style=&quot;margin-bottom: 20px; max-height: 99999px; position: relative; color: rgb(0, 0, 0); font-family: Arial, sans-serif; font-size: 13px; line-height: 20.8px;&quot;&gt;Наборы канюль.&lt;o:p&gt;&lt;/o:p&gt;&lt;/p&gt;&lt;p class=&quot;MsoNormal&quot; style=&quot;margin-bottom: 20px; max-height: 99999px; position: relative; color: rgb(0, 0, 0); font-family: Arial, sans-serif; font-size: 13px; line-height: 20.8px;&quot;&gt;Инструменты для наложения непрерывного шва.&lt;o:p&gt;&lt;/o:p&gt;&lt;/p&gt;&lt;p class=&quot;MsoNormal&quot; style=&quot;margin-bottom: 20px; max-height: 99999px; position: relative; color: rgb(0, 0, 0); font-family: Arial, sans-serif; font-size: 13px; line-height: 20.8px;&quot;&gt;Трёхбраншевые зажимы для сведения края раны.&lt;o:p&gt;&lt;/o:p&gt;&lt;/p&gt;&lt;p class=&quot;MsoNormal&quot; style=&quot;margin-bottom: 20px; max-height: 99999px; position: relative; color: rgb(0, 0, 0); font-family: Arial, sans-serif; font-size: 13px; line-height: 20.8px;&quot;&gt;Устройство для наложения компрессионных анастомозов Асманова.&lt;o:p&gt;&lt;/o:p&gt;&lt;/p&gt;&lt;p class=&quot;MsoNormal&quot; style=&quot;margin-bottom: 20px; max-height: 99999px; position: relative; color: rgb(0, 0, 0); font-family: Arial, sans-serif; font-size: 13px; line-height: 20.8px;&quot;&gt;Другие специальные инструменты.&lt;o:p&gt;&lt;/o:p&gt;&lt;/p&gt;&lt;p class=&quot;MsoNormal&quot; style=&quot;margin-bottom: 20px; max-height: 99999px; position: relative; color: rgb(0, 0, 0); font-family: Arial, sans-serif; font-size: 13px; line-height: 20.8px;&quot;&gt;Все типы инструментов снабжены электроизолирующей оболочкой, удобной эргономичной ручкой и опцией вращения на 360 градусов.&lt;/p&gt;', '', ''),
(56, 6, 2, 'Эндоскопическая операция', '', '', '&lt;p class=&quot;MsoNormal&quot;&gt;&lt;span style=&quot;font-weight: bold;&quot;&gt;Эндоскопическая операция&lt;/span&gt; — это хирургическое вмешательство\r\nпри минимально-возможном разрезе (минимальная инвазия). При этом сама операция\r\nпроходит при помощи эндоскопа и камеры, которая и является «глазами» хирурга во\r\nвремя операции. &lt;o:p&gt;&lt;/o:p&gt;&lt;/p&gt;\r\n\r\n&lt;p class=&quot;MsoNormal&quot;&gt;Первые эндоскопические операции начинались проводиться ещё в\r\n1980-х годах: в 1987 была успешно проведена эндоскопическая операция по\r\nудалению желчного пузыря . Развитие технологий и медицины позволили сделать\r\nэндоскопические вмешательства более точными и широкопрофильным, а также менее\r\nтравматичными. &lt;o:p&gt;&lt;/o:p&gt;&lt;/p&gt;\r\n\r\n&lt;p class=&quot;MsoNormal&quot;&gt;В чём состоят преимущества эндоскопических операций перед\r\nтрадиционным хирургическим вмешательством?&lt;o:p&gt;&lt;/o:p&gt;&lt;/p&gt;\r\n\r\n&lt;p class=&quot;MsoNormal&quot;&gt;Минимальное травмирование тканей позволяет не оставлять\r\nнаружных шрамов на теле.&lt;o:p&gt;&lt;/o:p&gt;&lt;/p&gt;\r\n\r\n&lt;p class=&quot;MsoNormal&quot;&gt;Благодаря малому разрезу срок восстановления после операции\r\nзначительно сокращается: к примеру, при удалении желчного пузыря обычным\r\nметодом пациент проводит в клинике в среднем 6-7 дней, а при эндоскопическом\r\nпациента выписывают на следующий день (при отсутствии осложнений).&lt;o:p&gt;&lt;/o:p&gt;&lt;/p&gt;\r\n\r\n&lt;p class=&quot;MsoNormal&quot;&gt;Минимизируется воспалительные процессы и ускоряется\r\nзаживление раны.&lt;o:p&gt;&lt;/o:p&gt;&lt;/p&gt;\r\n\r\n&lt;p class=&quot;MsoNormal&quot;&gt;Из-за малых размеров разреза эндоскопические операции\r\nтребуют высокого уровня квалификации хирурга, являясь более сложными\r\nтехнически. Также времени на эндоскопическое вмешательство потребуется больше,\r\nчем на операцию открытым способом. &lt;o:p&gt;&lt;/o:p&gt;&lt;/p&gt;\r\n\r\n&lt;p class=&quot;MsoNormal&quot;&gt;Суть и сфера применения эндоскопических операций&lt;o:p&gt;&lt;/o:p&gt;&lt;/p&gt;\r\n\r\n&lt;p class=&quot;MsoNormal&quot;&gt;Эндоскопические вмешательства проводятся при помощи\r\nэндоскопа — длинной трубки, на конце которой находится лампа и камера. Один\r\nнадрез на теле пациента делается для введения эндоскопа, и при необходимости\r\nодин или несколько — для введения хирургических инструментов к месту проведения\r\nоперации. Изображение с эндоскопа передаётся на монитор, благодаря чему хирург\r\nможет следить за своими действиями. Размер надреза, как правило, находится в\r\nпределах 0,8-2 см.&lt;o:p&gt;&lt;/o:p&gt;&lt;/p&gt;\r\n\r\n&lt;p class=&quot;MsoNormal&quot;&gt;Эндоскопические вмешательства применяются для удаления\r\nаппендикса, желчного пузыря, а также для гинекологических (для операций и\r\nдиагностики бесплодия), урологических вмешательств, операций на сердце, в\r\nгастроэнтерологии и невралгии. Уровень развития эндоскопической хирургии\r\nпозволяет использовать её для лечения онкологии, хотя метод применяется\r\nосторожно.&lt;o:p&gt;&lt;/o:p&gt;&lt;/p&gt;\r\n\r\n&lt;p class=&quot;MsoNormal&quot;&gt;Инструменты для проведения эндоскопических операций&lt;o:p&gt;&lt;/o:p&gt;&lt;/p&gt;\r\n\r\n&lt;p class=&quot;MsoNormal&quot;&gt;Ассортимент инструментария для эндоскопических операций сегодня\r\nдостаточно широк. Тип инструментов и их размеры зависят от характера\r\nхирургического вмешательства. &lt;o:p&gt;&lt;/o:p&gt;&lt;/p&gt;\r\n\r\n&lt;p class=&quot;MsoNormal&quot;&gt;Компания JOHNSON &amp;amp; JOHNSON (ДЖОНСОН И ДЖОНСОН)\r\nпредлагает следующие виды инструментов для эндоскопической хирургии:&lt;o:p&gt;&lt;/o:p&gt;&lt;/p&gt;\r\n\r\n&lt;p class=&quot;MsoNormal&quot;&gt;Ножницы.&lt;o:p&gt;&lt;/o:p&gt;&lt;/p&gt;\r\n\r\n&lt;p class=&quot;MsoNormal&quot;&gt;Диссектор изогнутый с монополярной коагуляцией.&lt;o:p&gt;&lt;/o:p&gt;&lt;/p&gt;\r\n\r\n&lt;p class=&quot;MsoNormal&quot;&gt;Граспер.&lt;o:p&gt;&lt;/o:p&gt;&lt;/p&gt;\r\n\r\n&lt;p class=&quot;MsoNormal&quot;&gt;Зажимы Бэбкокка.&lt;o:p&gt;&lt;/o:p&gt;&lt;/p&gt;\r\n\r\n&lt;p class=&quot;MsoNormal&quot;&gt;Эндоскопический держатель головки циркулярного аппарата.&lt;o:p&gt;&lt;/o:p&gt;&lt;/p&gt;\r\n\r\n&lt;p class=&quot;MsoNormal&quot;&gt;Лапароскопы.&lt;o:p&gt;&lt;/o:p&gt;&lt;/p&gt;\r\n\r\n&lt;p class=&quot;MsoNormal&quot;&gt;Наборы канюль.&lt;o:p&gt;&lt;/o:p&gt;&lt;/p&gt;\r\n\r\n&lt;p class=&quot;MsoNormal&quot;&gt;Инструменты для наложения непрерывного шва.&lt;o:p&gt;&lt;/o:p&gt;&lt;/p&gt;\r\n\r\n&lt;p class=&quot;MsoNormal&quot;&gt;Трёхбраншевые зажимы для сведения края раны.&lt;o:p&gt;&lt;/o:p&gt;&lt;/p&gt;\r\n\r\n&lt;p class=&quot;MsoNormal&quot;&gt;Устройство для наложения компрессионных анастомозов\r\nАсманова.&lt;o:p&gt;&lt;/o:p&gt;&lt;/p&gt;\r\n\r\n&lt;p class=&quot;MsoNormal&quot;&gt;Другие специальные инструменты.&lt;o:p&gt;&lt;/o:p&gt;&lt;/p&gt;\r\n\r\n&lt;p class=&quot;MsoNormal&quot;&gt;Все типы инструментов снабжены электроизолирующей оболочкой,\r\nудобной эргономичной ручкой и опцией вращения на 360 градусов.&lt;/p&gt;', 'Эндоскопическая операция', ''),
(57, 9, 2, 'вапвыапвап', '', '', '&lt;p&gt;&lt;br&gt;&lt;/p&gt;', '', ''),
(58, 10, 2, 'dfgsdfgdsfg', '', '', '&lt;p&gt;&lt;br&gt;&lt;/p&gt;', '', ''),
(59, 11, 2, 'тест', '', '', '&lt;p&gt;&lt;br&gt;&lt;/p&gt;', '', ''),
(66, 4, 2, 'Уход за пациентом', '', '', '&lt;p&gt;Несмотря на современное развитие медицины и появление новейших технологий в хирургии и фармацевтике, значение ухода за телом больного остается очень важным. Надлежащий уход за больными может не только ускорить процесс его выздоровления, но и поможет избежать возможных осложнений, возникающих при тяжелых заболеваниях. И наоборот, плохая организация этого ухода, при которой не соблюдаются все предписания врача и нарушается режим дня больного, может замедлить процесс его выздоровления и даже ухудшить его состояние.&lt;/p&gt;&lt;p&gt;Для организации правильного ухода за телом больного необходимо, чтобы сиделка имела не только специальные знания и опыт, но и обладала определенными морально-психологическими качествами, поскольку настроение больного и его желание выздороветь играют большую роль в процессе выздоровления. Однако сохранять хорошее настроение и оптимизм во время болезни еще труднее, чем в обычной жизни, поэтому одной из важных обязанностей сиделки является создание спокойной и благожелательной атмосферы вокруг больного всеми возможными способами. В создании атмосферы комфорта вокруг больного должны участвовать и все предметы, его окружающие: мебель, освещение, постельное белье, средства гигиены (клеенки, судно, пеленки и памперсы). Следить за сохранением комфортных условий также должна сиделка. Важны для выздоровления больного и те гигиенические условия, в которых он находится, тот режим дня, который лучше всего подходит при его заболевании, и организация их также является обязанностью сиделки. Как правило, в них входит и кормление больного с соблюдением рекомендованной диеты и особенностей питания, предписанных врачом.&lt;/p&gt;', 'Нейрохирургия - важнейшее направление медицины, основоположником которого в России считается Н. Н. Бурденко. Основными целями и задачами данной медицинской специальности является постановка диагноза и лечение заболеваний нервной системы. В сферу деятельности нейрохирурга входит оперативное и консервативное лечение заболеваний мозга (головного, спинного), позвоночника, устранение повреждений периферических нервов.', ''),
(67, 2, 2, 'Скидка 20% на рисовое молоко', '', '', '&lt;p&gt;Ни для кого не секрет, что для того, чтобы спорт приносил пользу – необходимо пить много жидкости. Вместе с физической нагрузкой наше тело покидает не только лишний жир, но и драгоценная вода вместе с солями и минералами. И если вовремя не возместить эту утрату, то вместо пользы, любое занятие станет лишь очередным ударом по здоровью. Для того, чтобы возместить эти потери, современная спортивная индустрия придумала множество специальных напитков: с витаминами, электролитами, аминокислотами и т.д. Но еще задолго до эпохи научного прогресса природа предлагала своим детям идеальный способ утолить жажду – кокосовую воду. Этот напиток содержит огромное количество минералов, витаминов и микроэлементов и по своим полезным свойства оставляет далеко позади все, что на текущий момент придумал человек. &lt;/p&gt;            &lt;p&gt;Вот лишь некоторые факты о кокосовой воде, которые помогут Вам сделать правильный выбор:&lt;/p&gt;            &lt;p&gt;1) Кокосовая вода полностью натуральный и безвредный продукт. В ней нет САХАРА,  сахарозаменителей,  консервантов, красителей, подсластителей и прочих добавок.&lt;/p&gt;            &lt;p&gt;2) Кокосовая вода имеет приятный и нежный вкус.&lt;/p&gt;            &lt;p&gt;3) Крайне низкая калорийность кокосовой воды (14  кКал на 100 г.) позволит вам держать свой вес под контролем.&lt;/p&gt;            &lt;p&gt;4) Содержание солей и минералов в кокосовой воде полностью повторяет плазму человеческой крови. Таким образом, это один из лучших электролитических напитков в мире.&lt;/p&gt;            &lt;p&gt;5) Кокосовая вода естественным образом ускоряет обмен веществ, усиливая действие любой тренировки на похудение.&lt;/p&gt;            &lt;p&gt;6) Восстанавливает и укрепляет сердечно-сосудистую систему, делая тренировку безопасной и ускоряя рост выносливости.&lt;/p&gt;            &lt;p&gt;7) Содержит лауриновую кислоту, которая усиливает иммунитет и защищает от риска подхватить инфекцию  на выходе из спортзала.&lt;/p&gt;            &lt;p&gt;8) Выводит токсины, возвращая молодость и здоровье.&lt;/p&gt;            &lt;p&gt;9) За счет увеличения водяного давления в коже и соединительной ткани, кокосовая вода делает кожу упругой, защищает от старения и сглаживает мелкие морщинки.&lt;/p&gt;            &lt;p&gt;10) Значительно усиливает регенеративные свойства человека, ускоряя рост мышечной ткани и сокращая время, необходимое для восстановления.&lt;/p&gt;', 'Нейрохирургия - важнейшее направление медицины, основоположником которого в России считается Н. Н. Бурденко. Основными целями и задачами данной медицинской специальности является постановка диагноза и лечение заболеваний нервной системы. В сферу деятельности нейрохирурга входит оперативное и консервативное лечение заболеваний мозга (головного, спинного), позвоночника, устранение повреждений периферических нервов.', ''),
(68, 5, 2, 'Советы', '', '', '&lt;p&gt;На первоначальном этапе своего существования являлись классовым органом, призванным выражать интересы пролетариата[2]. Советская форма государственного устройства явилась практическим воплощением марксистской теории о построении коммунизма путём установления власти диктатуры пролетариата, отличающейся от господствовавшей в капиталистическом обществе власти буржуазной демократии тем, что непролетарские классы отсекались от управления государством[1]:116.&lt;/p&gt;&lt;p&gt;&lt;br&gt;&lt;/p&gt;&lt;p&gt;В странах с советской системой правления советы формально считались полновластными органами на своей территории, одновременно являясь представительно-законодательными, распорядительными и контрольными органами. Свои полномочия они выполняли непосредственно или через создаваемые ими государственные органы, все административные и судебные органы в государстве были подотчётны соответствующим советам. Советы составляли единую систему представительных органов власти, принципиальная разница между советами низшего и высшего уровней отсутствовала. Советы были связаны наказами избирателей и могли быть отозваны ими в любое время. Нижестоящие советы были подконтрольны вышестоящим. По мнению либералов, депутаты советов работали на непрофессиональной основе. На практике советы обычно исполняли решения правящей партии[3].&lt;/p&gt;', 'Нейрохирургия - важнейшее направление медицины, основоположником которого в России считается Н. Н. Бурденко. Основными целями и задачами данной медицинской специальности является постановка диагноза и лечение заболеваний нервной системы. В сферу деятельности нейрохирурга входит оперативное и консервативное лечение заболеваний мозга (головного, спинного), позвоночника, устранение повреждений периферических нервов.', ''),
(69, 3, 2, 'Инструменты нейрохирурга: от сложного оборудования до важных мелочей', '', '', '&lt;p&gt;Нейрохирургия - важнейшее направление медицины, основоположником которого в России считается Н. Н. Бурденко. Основными целями и задачами данной медицинской специальности является постановка диагноза и лечение заболеваний нервной системы. В сферу деятельности нейрохирурга входит оперативное и &lt;/p&gt;\r\n                &lt;p&gt;Нейрохирургия - важнейшее направление медицины, основоположником которого в России считается Н. Н. Бурденко. Основными целями и задачами данной медицинской специальности является постановка диагноза и лечение заболеваний нервной системы. В сферу деятельности нейрохирурга входит оперативное и консервативное лечение заболеваний мозга (головного, спинного), позвоночника, устранение повреждений периферических нервов.&lt;/p&gt;\r\n                &lt;p&gt;Перечень медицинских показаний к нейрохирургическому вмешательству весьма разнообразен. Он включает в себя многие врожденные и приобретенные заболевания и травмы, в частности:&lt;/p&gt;\r\n                &lt;p&gt;травмы головы и позвоночника,&lt;br&gt;\r\n                дискогенные радикулиты,&lt;br&gt;\r\n                доброкачественные и злокачественные опухоли,&lt;br&gt;\r\n                тромбозы артерий,&lt;br&gt;\r\n                аневризмы сосудов головного мозга,&lt;br&gt;\r\n                эпилепсию,&lt;br&gt;\r\n                болезнь Паркинсона.&lt;br&gt;\r\n                Нейрохирурги плотно сотрудничают с неврологами, онкологами, травматологами, флебологами, эндокринологами, нефрологами.&lt;/p&gt;\r\n                &lt;p&gt;Операционные микроскопы&lt;/p&gt;\r\n                &lt;p&gt;Нейрохирургические микроскопы предназначены для открытых операций на спинном и головном мозге. Универсальные операционные микроскопы OPMI Vario 700 и OPMI Pentero 900 марки ZEISS меняют конфигурацию, оптимально подстраиваясь под решение конкретных задач.&lt;/p&gt;\r\n                &lt;p&gt;Преимущества нейрохирургических микроскопов OPMI:&lt;/p&gt;\r\n                &lt;p&gt;не имеют аналогов в мире;&lt;br&gt;\r\n                простой и доступный интерфейс;&lt;br&gt;\r\n                широкий спектр возможностей для лечебной и научной деятельности;&lt;br&gt;\r\n                лазерная система автофокусировки;&lt;br&gt;\r\n                высококлассная оптика;&lt;br&gt;\r\n                русскоязычная программа управления.&lt;br&gt;\r\n                Микроскоп OPMI Vario 700 оснащен автоматической системой Video SpeedFocus, формирующей изображения в самом высоком качестве. Мощности в 180 и 300 Вт достаточно для освещения наиболее удаленных операционных полей.&lt;/p&gt;\r\n                &lt;p&gt;Микроскоп OPMI Pentero 900 снабжен различными инновационными системами и программами, позволяющими, в частности, легко и быстро удалять воздух из-под стерильного чехла, производить анализ скорости кровотока, а также &lt;/p&gt;', 'Нейрохирургия - важнейшее направление медицины, основоположником которого в России считается Н. Н. Бурденко. Основными целями и задачами данной медицинской специальности является постановка диагноза и лечение заболеваний нервной системы. В сферу деятельности нейрохирурга входит оперативное и консервативное лечение заболеваний мозга (головного, спинного), позвоночника, устранение повреждений периферических нервов.', ''),
(70, 1, 2, 'Вся польза кокосовой воды', '', '', '&lt;p&gt;Ни для кого не секрет, что для того, чтобы спорт приносил пользу – необходимо пить много жидкости. Вместе с физической нагрузкой наше тело покидает не только лишний жир, но и драгоценная вода вместе с солями и минералами. И если вовремя не возместить эту утрату, то вместо пользы, любое занятие станет лишь очередным ударом по здоровью. Для того, чтобы возместить эти потери, современная спортивная индустрия придумала множество специальных напитков: с витаминами, электролитами, аминокислотами и т.д. Но еще задолго до эпохи научного прогресса природа предлагала своим детям идеальный способ утолить жажду – кокосовую воду. Этот напиток содержит огромное количество минералов, витаминов и микроэлементов и по своим полезным свойства оставляет далеко позади все, что на текущий момент придумал человек. &lt;/p&gt;            &lt;p class=&quot;content-img&quot;&gt;&lt;br&gt;&lt;/p&gt;            &lt;p&gt;Вот лишь некоторые факты о кокосовой воде, которые помогут Вам сделать правильный выбор:&lt;/p&gt;            &lt;p&gt;1) Кокосовая вода полностью натуральный и безвредный продукт. В ней нет САХАРА,  сахарозаменителей,  консервантов, красителей, подсластителей и прочих добавок.&lt;/p&gt;            &lt;p&gt;2) Кокосовая вода имеет приятный и нежный вкус.&lt;/p&gt;            &lt;p&gt;3) Крайне низкая калорийность кокосовой воды (14  кКал на 100 г.) позволит вам держать свой вес под контролем.&lt;/p&gt;            &lt;p&gt;4) Содержание солей и минералов в кокосовой воде полностью повторяет плазму человеческой крови. Таким образом, это один из лучших электролитических напитков в мире.&lt;/p&gt;            &lt;p&gt;5) Кокосовая вода естественным образом ускоряет обмен веществ, усиливая действие любой тренировки на похудение.&lt;/p&gt;            &lt;p&gt;6) Восстанавливает и укрепляет сердечно-сосудистую систему, делая тренировку безопасной и ускоряя рост выносливости.&lt;/p&gt;            &lt;p&gt;7) Содержит лауриновую кислоту, которая усиливает иммунитет и защищает от риска подхватить инфекцию  на выходе из спортзала.&lt;/p&gt;            &lt;p&gt;8) Выводит токсины, возвращая молодость и здоровье.&lt;/p&gt;            &lt;p&gt;9) За счет увеличения водяного давления в коже и соединительной ткани, кокосовая вода делает кожу упругой, защищает от старения и сглаживает мелкие морщинки.&lt;/p&gt;            &lt;p&gt;10) Значительно усиливает регенеративные свойства человека, ускоряя рост мышечной ткани и сокращая время, необходимое для восстановления.&lt;/p&gt;', 'Нейрохирургия - важнейшее направление медицины, основоположником которого в России считается Н. Н. Бурденко. Основными целями и задачами данной медицинской специальности является постановка диагноза и лечение заболеваний нервной системы. В сферу деятельности нейрохирурга входит оперативное и консервативное лечение заболеваний мозга (головного, спинного), позвоночника, устранение повреждений периферических нервов.', ''),
(82, 13, 2, 'Недержание мочи у женщин. Причины и лечение', '', '', '&lt;p class=&quot;MsoNormal&quot;&gt;С проблемой недержания мочи сталкиваются не только пожилые,\r\nно и совсем молодые женщины. Симптомы сложно пропустить, хотя редко кто сразу\r\nобращается с этой проблемой к врачу: моча изначально непроизвольно подтекает во\r\nвремя чихания, поднятия тяжестей, смеха или других факторов, вызывающих\r\nвнезапное сокращение мышц. В дальнейшем недержание может усугубиться: возникают\r\nнепреодолимые позывы, стрессовое недержание мочи и т.п. Не смотря на\r\nделикатность вопроса, следует обратиться к гинекологу, как только появились\r\nзаметные признаки: как и любая проблема, недержание тем легче лечится, чем\r\nраньше было начато лечение.&lt;b&gt;&lt;o:p&gt;&lt;/o:p&gt;&lt;/b&gt;&lt;/p&gt;&lt;p class=&quot;MsoNormal&quot;&gt;&lt;b&gt;Какие причины\r\nспособны вызвать недержание мочи у женщин?&lt;o:p&gt;&lt;/o:p&gt;&lt;/b&gt;&lt;/p&gt;&lt;ul style=&quot;margin-top:0cm&quot; type=&quot;disc&quot;&gt;\r\n &lt;li class=&quot;MsoNormal&quot;&gt;Беременность\r\n     и роды. Недержание в разной степени наблюдается у 70%&amp;nbsp; беременных. Тяжёлые роды с разрывами или\r\n     разрезом промежности ведут к нарушению функционирования сфинктеров.&lt;/li&gt;\r\n &lt;li class=&quot;MsoNormal&quot;&gt;Превышение\r\n     нормы веса. &lt;/li&gt;\r\n &lt;li class=&quot;MsoNormal&quot;&gt;Старость,\r\n     пожилой возраст.&lt;/li&gt;\r\n &lt;li class=&quot;MsoNormal&quot;&gt;Камни\r\n     в мочевом пузыре и мочевых протоках.&lt;/li&gt;\r\n &lt;li class=&quot;MsoNormal&quot;&gt;Хронические\r\n     инфекции мочеполовой системы.&lt;/li&gt;\r\n &lt;li class=&quot;MsoNormal&quot;&gt;Аномалии\r\n     развития органов малого таза.&lt;/li&gt;\r\n &lt;li class=&quot;MsoNormal&quot;&gt;Сахарный\r\n     диабет.&lt;/li&gt;\r\n &lt;li class=&quot;MsoNormal&quot;&gt;Склероз.&lt;/li&gt;\r\n &lt;li class=&quot;MsoNormal&quot;&gt;Онкология\r\n     мочевого пузыря.&lt;/li&gt;\r\n &lt;li class=&quot;MsoNormal&quot;&gt;Болезни\r\n     Паркинсона и Альцгеймера — как сопутствующий фактор.&lt;/li&gt;\r\n &lt;li class=&quot;MsoNormal&quot;&gt;Перенесенный\r\n     инсульт.&lt;/li&gt;\r\n &lt;li class=&quot;MsoNormal&quot;&gt;Неправильное\r\n     питание с употреблением большого количества алкоголя, табака, кофе и\r\n     газированной воды.&lt;/li&gt;\r\n&lt;/ul&gt;&lt;p class=&quot;MsoNormal&quot;&gt;Часто недержание мочи может быть наследственным фактором и\r\nпроявляться у близких родственников.&lt;/p&gt;&lt;p class=&quot;MsoNormal&quot;&gt;&lt;b&gt;Виды недержания мочи&lt;o:p&gt;&lt;/o:p&gt;&lt;/b&gt;&lt;/p&gt;&lt;p class=&quot;MsoNormal&quot;&gt;Недержание мочи может носить разный характер: не всегда\r\nтечение болезни одинаково. Выделяют несколько типов недержания мочи у женщин:&lt;/p&gt;&lt;ul style=&quot;margin-top:0cm&quot; type=&quot;disc&quot;&gt;\r\n &lt;li class=&quot;MsoNormal&quot;&gt;&lt;b&gt;&lt;i&gt;Стрессовое&lt;/i&gt;&lt;/b&gt;\r\n     — связано с нарушением состояния сфинктеров в области малого таза. Чаще\r\n     всего проявляется при тяжёлых физических нагрузках, беременности, родах.\r\n     Непреодолимых позывов к мочеиспусканию не ощущается, моча подтекает\r\n     непреднамеренно.&lt;/li&gt;\r\n &lt;li class=&quot;MsoNormal&quot;&gt;&lt;b&gt;&lt;i&gt;Императивное&lt;/i&gt;&lt;/b&gt;\r\n     — гиперактивный мочевой пузырь. Позывы к мочеиспусканию возникают\r\n     внезапно, непреодолимо и без полного заполнения мочевого пузыря, как в\r\n     норме. Усугублять состояние могут внешние раздражители: звук льющейся\r\n     воды, громкий крик, яркий свет.&lt;/li&gt;\r\n &lt;li class=&quot;MsoNormal&quot;&gt;&lt;b&gt;&lt;i&gt;Ятрогенное&lt;/i&gt;&lt;/b&gt;\r\n     — недержание, вызванное приёмом некоторых лекарственных препаратов. В этот\r\n     список входят любые мочегонные препараты,&amp;nbsp;\r\n     седативные препараты, антидепрессанты, препараты с содержанием\r\n     женского гормона эстрогена, некоторые препараты для лечения бронхов и\r\n     подагры.&lt;/li&gt;\r\n &lt;li class=&quot;MsoNormal&quot;&gt;&lt;b&gt;&lt;i&gt;Ночное&lt;/i&gt;&lt;/b&gt;\r\n     — непроизвольное мочеиспускание во время сна. Причиной могут быть\r\n     возрастные, гормональные изменения организма, разрывы промежности при\r\n     родах, воспалительные процессы.&lt;/li&gt;\r\n &lt;li class=&quot;MsoNormal&quot;&gt;&lt;b&gt;&lt;i&gt;Смешанные\r\n     виды&lt;/i&gt;&lt;/b&gt; — имеющие несколько предпосылок одновременно, требующие\r\n     комплексного подхода.&lt;/li&gt;\r\n&lt;/ul&gt;&lt;p class=&quot;MsoNormal&quot;&gt;&lt;b&gt;Недержание мочи — что\r\nделать?&lt;o:p&gt;&lt;/o:p&gt;&lt;/b&gt;&lt;/p&gt;&lt;p class=&quot;MsoNormal&quot;&gt;Сама по себе проблема не проходит. Заметив у себя признаки,\r\nстоит проконсультироваться с врачом-гинекологом, точно описав свои ощущения.\r\nПоможет составить полную картину &lt;i&gt;дневник\r\nмочеиспусканий&lt;/i&gt;, куда в течение недели следует вносить количество\r\nмочеиспусканий (сколько раз в день), количество непреодолимых позывов,\r\nобстоятельства, в которых произошло непроизвольное мочеиспускание (сидя, во\r\nвремя кашля, во время пробежки, во время полового акта и т.п.), ночные позывы. &lt;/p&gt;&lt;p class=&quot;MsoNormal&quot;&gt;Для более точной диагностики врачи используют тест-прокладки\r\n(&lt;span lang=&quot;EN-US&quot;&gt;PAD&lt;/span&gt;-тестирование),\r\nнаружный осмотр (для исключения других заболеваний), УЗИ, анализ мочи и другие\r\nметоды.&lt;/p&gt;&lt;p class=&quot;MsoNormal&quot;&gt;&lt;b&gt;Методы лечения\r\nнедержания мочи&lt;o:p&gt;&lt;/o:p&gt;&lt;/b&gt;&lt;/p&gt;&lt;p class=&quot;MsoNormal&quot;&gt;Все методы лечения можно разделить на группы:&lt;/p&gt;&lt;ul style=&quot;margin-top:0cm&quot; type=&quot;disc&quot;&gt;\r\n &lt;li class=&quot;MsoNormal&quot;&gt;Профилактические\r\n     — направлены на нормализацию веса, оздоровление режима питания и\r\n     укрепление интимных мышц (упражнение Кегеля и другие).&lt;/li&gt;\r\n &lt;li class=&quot;MsoNormal&quot;&gt;Медикаментозные\r\n     — тип препаратов подбирается в прямой зависимости от причины недержания:\r\n     нарушение тонуса сфинктеров, гиперактивность мочевого пузыря и т.п.&lt;/li&gt;\r\n &lt;li class=&quot;MsoNormal&quot;&gt;Оперативные\r\n     — включают инъекции объёмообразующих препаратов (при этом просвет уретры\r\n     сужается, что позволяет повысить эффективность работы сфинктеров),\r\n     лапароскопические кольпосуспензии (подвешивание тканей вокруг уретры к\r\n     паховым связкам с целью смещения органов в нормальное положение),\r\n     кольпорафию (ушивание влагалища при пролапсе органов таза) и слинговые\r\n     операции, использующие инновационные технологии &lt;span lang=&quot;EN-US&quot;&gt;TVT&lt;/span&gt;&lt;span lang=&quot;EN-US&quot;&gt; &lt;/span&gt;и &lt;span lang=&quot;EN-US&quot;&gt;TVT&lt;/span&gt;-О.&lt;/li&gt;\r\n&lt;/ul&gt;&lt;p class=&quot;MsoNormal&quot;&gt;&lt;b&gt;Инновационные\r\nтехнологии в борьбе с недержанием мочи&lt;o:p&gt;&lt;/o:p&gt;&lt;/b&gt;&lt;/p&gt;&lt;p class=&quot;MsoNormal&quot;&gt;Среди оперативных методик лечения недержания технологии &lt;span lang=&quot;EN-US&quot;&gt;TVT&lt;/span&gt;&lt;span lang=&quot;EN-US&quot;&gt; &lt;/span&gt;и\r\n&lt;span lang=&quot;EN-US&quot;&gt;TVT&lt;/span&gt;-О (так называемые\r\n«слинговые» операции) используются широко и работают эффективно. Выбор методики\r\nкоррекции зависит от показаний и индивидуальных особенностей пациентки.\r\nЭффективность при правильно проведенной операции и отсутствии противопоказаний\r\nсоставляет до 95%. &lt;/p&gt;&lt;p class=&quot;MsoNormal&quot;&gt;&lt;b&gt;&lt;i&gt;Устройство ТВТ О/TVT Obturator Ethicon Endo&lt;/i&gt;&lt;/b&gt; (свободная\r\nсинтетическая петля с перфораторами) — применяется как лонно-уретральная петля,\r\nустанавливаемая в целях контроля мочеиспускания у женщин с гипермобильностью\r\nмочевого пузыря или снижением тонуса сфинктеров. Само устройство представляет\r\nсобой биоинертную синтетическую ленту для протезирования повреждённых мышечных\r\nфасций урогенитальной области. Лента проводится под уретральным каналом, поддерживая\r\nего и обеспечивая компрессию мочеиспускательного канала. Операция малотравматична,\r\nпроводится под местным наркозом в течение менее 40 минут. Уже на следующие\r\nсутки пациентка может быть выписана.&lt;/p&gt;&lt;p class=&quot;MsoNormal&quot;&gt;Система для коррекции стрессового недержания мочи у женщин &lt;b&gt;&lt;i&gt;GYNECARE\r\nTVT ABBREVO&lt;/i&gt;&lt;/b&gt; — имплантант, состоящий из фрагмента полипропиленовой\r\nсетки, заключённый в прозрачный чехол и удерживаемый двумя проводниками.\r\nПрименяется в качестве лонно-уретральной петли для лечения стрессового\r\nнедержания мочи у женщин. Принцип работы сопоставим с TVT Obturator Ethicon\r\nEndo, но петля меньшего размера (&lt;st1:metricconverter productid=&quot;12 см&quot; w:st=&quot;on&quot;&gt;12\r\n см&lt;/st1:metricconverter&gt; против 18-&lt;st1:metricconverter productid=&quot;19 см&quot; w:st=&quot;on&quot;&gt;19 см&lt;/st1:metricconverter&gt;). &lt;/p&gt;&lt;p class=&quot;MsoNormal&quot;&gt;Система для коррекции стрессового недержания мочи у женщин &lt;b&gt;&lt;i&gt;GYNECARE\r\nTVT EXACT&lt;/i&gt;&lt;/b&gt; — операция по коррекции положения мочевого пузыря с\r\nиспользованием имплантанта в виде цельной полипропиленовой сетки, а не ленты.\r\nОперация малоинвазивная, процесс восстановления быстрый (полное восстановление\r\nзанимает до 2 недель) и безболезненный.&lt;/p&gt;&lt;p class=&quot;MsoNormal&quot;&gt;Все &lt;span lang=&quot;EN-US&quot;&gt;TVT&lt;/span&gt;\r\nвмешательства нельзя проводить при беременности, инфекционном и воспалительном\r\nпериоде.&lt;/p&gt;&lt;p class=&quot;MsoNormal&quot; style=&quot;margin-left:18.0pt&quot;&gt;&lt;o:p&gt;&amp;nbsp;&lt;/o:p&gt;&lt;/p&gt;&lt;p&gt;\r\n\r\n\r\n\r\n\r\n\r\n\r\n\r\n\r\n\r\n\r\n\r\n\r\n\r\n\r\n\r\n\r\n\r\n\r\n\r\n\r\n\r\n\r\n\r\n\r\n\r\n\r\n\r\n\r\n\r\n\r\n\r\n\r\n\r\n\r\n\r\n\r\n\r\n\r\n\r\n&lt;/p&gt;&lt;p class=&quot;MsoNormal&quot;&gt;&amp;nbsp;&lt;/p&gt;', 'В зависимости от стадии заболевания при женском недержании мочи используются разные средства: от медикаментозных и физиологических до хирургии', ''),
(90, 12, 2, 'Уход за лежачим больным. Практичные новинки', '', '', '&lt;p class=&quot;MsoNormal&quot;&gt;В силу тяжёлых заболеваний или несчастного случая некоторые\r\nпациенты не могут самостоятельно передвигаться. «Движение — это жизнь», поэтому\r\nдаже временное отсутствие движения порождает много сопутствующих &lt;b&gt;проблем со всеми системами организма&lt;/b&gt;:&lt;/p&gt;&lt;ul style=&quot;margin-top:0cm&quot; type=&quot;disc&quot;&gt;\r\n &lt;li class=&quot;MsoNormal&quot;&gt;С\r\n     кожей — проявляются из-за сдавливания, раздражения и потения: пролежни,\r\n     потёртости, расчёсы, чрезмерная сухость или жирность кожи. &lt;/li&gt;\r\n &lt;li class=&quot;MsoNormal&quot;&gt;С\r\n     сосудами: сдавливание сосудов, снижение скорости кровотока, снижение\r\n     тонуса сосудов, образование тромбов, отёчность.&lt;/li&gt;\r\n &lt;li class=&quot;MsoNormal&quot;&gt;С\r\n     органами дыхания: застойные явления в лёгких, образование мокрот.&lt;/li&gt;\r\n &lt;li class=&quot;MsoNormal&quot;&gt;С\r\n     желудочно-кишечным трактом: трудности в дефекации, нарушение тонуса\r\n     кишечника.&lt;/li&gt;\r\n &lt;li class=&quot;MsoNormal&quot;&gt;С\r\n     мочевыделительной системой: задержка части мочи в лоханке, что влечёт\r\n     инфицирование, а затем образование камней в почках. Совместно с\r\n     сосудистыми проблемами — снижение тонуса сфинктеров и недержание мочи.&lt;/li&gt;\r\n &lt;li class=&quot;MsoNormal&quot;&gt;С\r\n     мышечной тканью: отсутствие движения провоцирует атрофию мышц (при полной\r\n     неподвижности потеря &amp;nbsp;мышечной массы\r\n     может составлять до 3% в сутки, и уже через месяц больной не сможет\r\n     передвигаться самостоятельно).&lt;/li&gt;\r\n &lt;li class=&quot;MsoNormal&quot;&gt;С\r\n     суставами: из-за длительного отсутствия движения развивается\r\n     тугоподвижность суставов, укорочение сухожилий (контрактуры) и полное\r\n     сращение суставной щели (анкилоз).&lt;/li&gt;\r\n &lt;li class=&quot;MsoNormal&quot;&gt;Со\r\n     скелетом: из-за нарушений в обмене веществ развивается остеопороз — кости\r\n     становятся хрупкими, снижается выработка тромбоцитов (разжижение крови). &lt;/li&gt;\r\n&lt;/ul&gt;&lt;h2&gt;Уход за пациентом&lt;/h2&gt;&lt;p class=&quot;MsoNormal&quot;&gt;Уход за лежачим больным представляет собой определённые\r\nтрудности: даже принятие обычной ванны для неподвижного человека большой массы —\r\nпочти невыполнимая задача. В условиях ограниченной подвижности и\r\nпсихологического дискомфорта важно максимально деликатно ухаживать за\r\nпациентом. Поэтому использование индивидуальных средств гигиены и инновационных\r\nудобных разработок оценят те, кому приходится ухаживать за лежачим больным.&lt;/p&gt;&lt;h2&gt;Какие средства\r\nприменяются для ухода за лежачими больными:&lt;/h2&gt;&lt;h3&gt;Подгузники&lt;/h3&gt;&lt;p class=&quot;MsoNormal&quot;&gt;Подгузники — незаменимы при уходе за лежачими больными и\r\nпожилыми людьми, плохо контролирующими дефекацию или выделение мочи. Бывают дневные\r\nи ночные (большего объёма), а по креплению — традиционные и поясные, которые\r\nоставляют открытыми участки в области бёдер, снижает риск пролежней и облегчает\r\nпроцессы смены подгузника.&lt;/p&gt;&lt;h3&gt;Салфетки &lt;/h3&gt;&lt;p class=&quot;MsoNormal&quot;&gt;Универсальное гигиеническое средство. Влажные гигиенические\r\nсалфетки с нейтральным уровнем &lt;span lang=&quot;EN-US&quot;&gt;PH&lt;/span&gt;\r\n(салфетки &lt;span lang=&quot;EN-US&quot;&gt;Sage&lt;/span&gt;) используются\r\nпри смене подгузников, освежающем очищении кожи лица и любой другой части тела.\r\nСалфетки для интимной гигиены позволяют освежить зону промежности.&lt;/p&gt;&lt;h3&gt;Одноразовые пенообразующие губки &lt;/h3&gt;&lt;p class=&quot;MsoNormal&quot;&gt;Средство позволяет совершить гигиенические процедуры без\r\nпринятия ванны в течение 10-15 минут. Пенообразующая губка выполняется из\r\nволокнистого полиэстера, а сама пена быстро распадается, не высушивая кожу\r\nбольного.&lt;/p&gt;&lt;h3&gt;Одноразовые шапочки для мытья головы&lt;/h3&gt;&lt;p class=&quot;MsoNormal&quot;&gt;Шапочки позволяют вымыть волосы пациенту, не вставая с\r\nпостели, без применения большого количества воды. Такая шапочка одержит шампунь\r\nи бальзам для ухода за волосами. Не требует смывания. С особой благодарностью\r\nотзываются о ней те, кому приходится ухаживать за больным самостоятельно в\r\nдомашних условиях. &lt;/p&gt;&lt;h3&gt;Очищающая пена &lt;span lang=&quot;EN-US&quot;&gt;Sage&lt;/span&gt;&lt;/h3&gt;&lt;p class=&quot;MsoNormal&quot;&gt;Используется для сильно загрязнённой каловыми массами кожи\r\nпри смене подгузника. Пена не требует применения воды, не раздражает и борется\r\nс неприятным запахом, освежая кожу.&lt;span lang=&quot;EN-US&quot;&gt;&lt;o:p&gt;&lt;/o:p&gt;&lt;/span&gt;&lt;/p&gt;&lt;h3&gt;Тонизирующие жидкости&lt;/h3&gt;&lt;p class=&quot;MsoNormal&quot;&gt;Позволяют улучшить состояние сосудов, кровоток и обменные\r\nпроцессы в коже. Может применяться по всему телу. Это огромная помощь к ручному\r\nмассажу.&lt;/p&gt;&lt;h3&gt;Резиновые ванночки для мытья в постели&lt;/h3&gt;&lt;p class=&quot;MsoNormal&quot;&gt;Это надувная ванночка, которую можно легко подложить под\r\nголову или другую часть тела больного и совершить гигиенические процедуры. Воду\r\nчерез отверстие можно слить в ведро или ванну.&lt;/p&gt;&lt;p class=&quot;MsoNormal&quot;&gt;&lt;o:p&gt;&amp;nbsp;&lt;/o:p&gt;&lt;/p&gt;&lt;p&gt;\r\n\r\n\r\n\r\n\r\n\r\n\r\n\r\n\r\n\r\n\r\n\r\n\r\n\r\n\r\n\r\n\r\n\r\n\r\n\r\n\r\n\r\n\r\n\r\n\r\n\r\n\r\n\r\n\r\n\r\n\r\n\r\n\r\n\r\n\r\n\r\n\r\n\r\n\r\n\r\n&lt;/p&gt;&lt;p class=&quot;MsoNormal&quot;&gt;&lt;o:p&gt;&amp;nbsp;&lt;/o:p&gt;&lt;/p&gt;', 'Современные медицинские  средства делают удобным уход за лежачим больным и повышают комфорт пациента ', '');
INSERT INTO `ts_news_description` (`news_description_id`, `news_id`, `language_id`, `title`, `image_title`, `period`, `description`, `meta_description`, `short_description`) VALUES
(91, 8, 2, 'Эндоскопические операции', '', '', '&lt;p class=&quot;MsoNormal&quot;&gt;&lt;span style=&quot;font-weight: bold; font-style: italic;&quot;&gt;Эндоскопическая операция&lt;/span&gt; — это хирургическое вмешательство\r\nпри минимально-возможном разрезе (минимальная инвазия). При этом сама операция\r\nпроходит при помощи эндоскопа и камеры, которая и является «глазами» хирурга во\r\nвремя операции.&lt;br&gt;&lt;/p&gt;&lt;p class=&quot;MsoNormal&quot;&gt;Первые эндоскопические операции начинались проводиться ещё в\r\n1980-х годах: в 1987 была успешно проведена эндоскопическая операция по\r\nудалению желчного пузыря.&amp;nbsp; Развитие\r\nтехнологий и медицины позволило сделать эндоскопические вмешательства более\r\nточными и широкопрофильными, а также менее травматичными. &lt;/p&gt;&lt;h2&gt;В чём состоят преимущества эндоскопических операций перед\r\nтрадиционным хирургическим вмешательством?&lt;/h2&gt;&lt;p class=&quot;ListParagraphCxSpFirst&quot; style=&quot;text-indent:-18.0pt;mso-list:l2 level1 lfo1&quot;&gt;&lt;!--[if !supportLists]--&gt;&lt;span style=&quot;font-family:Symbol;mso-fareast-font-family:Symbol;mso-bidi-font-family:\r\nSymbol&quot;&gt;·&lt;span style=&quot;font-stretch: normal; font-size: 7pt; line-height: normal; font-family: \'Times New Roman\';&quot;&gt;&amp;nbsp;&amp;nbsp;&amp;nbsp;&amp;nbsp;&amp;nbsp;&amp;nbsp;&amp;nbsp;&amp;nbsp;\r\n&lt;/span&gt;&lt;/span&gt;&lt;!--[endif]--&gt;Минимальное травмирование тканей позволяет не\r\nоставлять наружных шрамов на теле.&lt;/p&gt;&lt;p class=&quot;ListParagraphCxSpMiddle&quot; style=&quot;text-indent:-18.0pt;mso-list:l2 level1 lfo1&quot;&gt;&lt;!--[if !supportLists]--&gt;&lt;span style=&quot;font-family:Symbol;mso-fareast-font-family:Symbol;mso-bidi-font-family:\r\nSymbol&quot;&gt;·&lt;span style=&quot;font-stretch: normal; font-size: 7pt; line-height: normal; font-family: \'Times New Roman\';&quot;&gt;&amp;nbsp;&amp;nbsp;&amp;nbsp;&amp;nbsp;&amp;nbsp;&amp;nbsp;&amp;nbsp;&amp;nbsp;\r\n&lt;/span&gt;&lt;/span&gt;&lt;!--[endif]--&gt;Благодаря малому разрезу, срок восстановления\r\nпосле операции значительно сокращается: к примеру, при удалении желчного пузыря\r\nобычным методом пациент проводит в клинике в среднем 6-7 дней, а при\r\nэндоскопическом пациента выписывают на следующий день (при отсутствии\r\nосложнений).&lt;/p&gt;&lt;p class=&quot;ListParagraphCxSpLast&quot; style=&quot;text-indent:-18.0pt;mso-list:l2 level1 lfo1&quot;&gt;&lt;!--[if !supportLists]--&gt;&lt;span style=&quot;font-family:Symbol;mso-fareast-font-family:Symbol;mso-bidi-font-family:\r\nSymbol&quot;&gt;·&lt;span style=&quot;font-stretch: normal; font-size: 7pt; line-height: normal; font-family: \'Times New Roman\';&quot;&gt;&amp;nbsp;&amp;nbsp;&amp;nbsp;&amp;nbsp;&amp;nbsp;&amp;nbsp;&amp;nbsp;&amp;nbsp;\r\n&lt;/span&gt;&lt;/span&gt;&lt;!--[endif]--&gt;Минимизируются воспалительные процессы, и\r\nускоряется заживление раны.&lt;/p&gt;&lt;p class=&quot;MsoNormal&quot;&gt;Из-за малых размеров разреза эндоскопические операции\r\nтребуют высокого уровня квалификации хирурга, являясь более сложными\r\nтехнически. Также времени на эндоскопическое вмешательство потребуется больше,\r\nчем на операцию открытым способом. &lt;/p&gt;&lt;h2&gt;Суть и сфера применения эндоскопических операций&lt;/h2&gt;&lt;p class=&quot;MsoNormal&quot;&gt;Эндоскопические вмешательства проводятся при помощи\r\nэндоскопа — длинной трубки, на конце которой находится лампа и камера. Один\r\nнадрез на теле пациента делается для введения эндоскопа, и при необходимости\r\nодин или несколько — для введения хирургических инструментов к месту проведения\r\nоперации. Изображение с эндоскопа передаётся на монитор, благодаря чему хирург\r\nможет следить за своими действиями. &lt;/p&gt;&lt;p class=&quot;MsoNormal&quot;&gt;Эндоскопические вмешательства применяются для удаления\r\nаппендикса, желчного пузыря, а также для гинекологических (для операций и\r\nдиагностики бесплодия), урологических вмешательств, операций на сердце, в\r\nгастроэнтерологии и невралгии. &lt;/p&gt;&lt;h2&gt;Инструменты для проведения эндоскопических операций&lt;/h2&gt;&lt;p class=&quot;MsoNormal&quot;&gt;Современная промышленность предоставляет широкий выбор\r\nэндоскопических инструментов, которые увеличивают точность операции,\r\nминимизируют травмирование тканей, помогают хирургу выполнить необходимые\r\nманипуляции быстро и уверенно. &lt;/p&gt;&lt;p class=&quot;MsoNormal&quot;&gt;Компания &lt;span lang=&quot;EN-US&quot;&gt;Ethicon&lt;/span&gt;\r\n,мировой лидер по производству эндоскопических инструментов, предлагает\r\nмножество изобретений и новинок, которые широко применяются в современной\r\nмедицины:&lt;/p&gt;&lt;ul style=&quot;margin-top:0cm&quot; type=&quot;disc&quot;&gt;\r\n &lt;li class=&quot;MsoNormal&quot;&gt;Троакары\r\n     с лезвием и без. Первый инструмент делает малотравматичные\r\n     быстрозаживающие надрезы 4-&lt;st1:metricconverter productid=&quot;10 мм&quot; w:st=&quot;on&quot;&gt;10\r\n      мм&lt;/st1:metricconverter&gt;, а второй обеспечивает раздвижение тканей и\r\n     введение первого инструмента в брюшную полость.&lt;/li&gt;\r\n &lt;li class=&quot;MsoNormal&quot;&gt;Клипсы\r\n     — используются для легирования сосудов. Образуют замкнутый контур,\r\n     рассасывание которого начитается на&amp;nbsp;\r\n     60-й день после операции и заканчивается в течение 6 месяцев.&lt;/li&gt;\r\n &lt;li class=&quot;MsoNormal&quot;&gt;Клипаппликатор\r\n     — приспособление для наложения клипсы на сосуды.&lt;/li&gt;\r\n &lt;li class=&quot;MsoNormal&quot;&gt;Сшивающие\r\n     аппараты — предназначены для закрытия хирургической раны путём наложения\r\n     медицинских скобок.&lt;/li&gt;\r\n &lt;li class=&quot;MsoNormal&quot;&gt;Ультразвуковые\r\n     скальпели — инструментарий для точных надрезов малого размера.&lt;/li&gt;\r\n &lt;li class=&quot;MsoNormal&quot;&gt;Медицинское\r\n     вспомогательное оборудование: кожный клей, хирургические нити и сетки.&lt;/li&gt;\r\n&lt;/ul&gt;&lt;h3&gt;Инструменты для проведения эндоскопических вмешательств ENDOPATH:\r\n&lt;/h3&gt;&lt;p&gt;\r\n\r\n\r\n\r\n\r\n\r\n\r\n\r\n\r\n\r\n\r\n\r\n\r\n\r\n\r\n\r\n\r\n\r\n\r\n\r\n\r\n\r\n\r\n\r\n\r\n\r\n\r\n\r\n\r\n\r\n&lt;/p&gt;&lt;ul style=&quot;margin-top:0cm&quot; type=&quot;disc&quot;&gt;\r\n &lt;li class=&quot;MsoNormal&quot;&gt;Зажимы\r\n     и грасперы Бэбкока с храповым механизмом. Граспер и зажимы Бэбкока имеют\r\n     храповый механизм, обеспечивающий фиксацию захваченных тканей с\r\n     необходимой степенью компрессии и в требуемом положении.&lt;/li&gt;\r\n &lt;li class=&quot;MsoNormal&quot;&gt;Диссекторы.\r\n     Изогнутый диссектор с монополярной коагуляцией. Широкое раскрытие браншей диссектора\r\n     позволяет осуществлять адекватный захват тканей и снижает их\r\n     травмирование. Диссектор снабжен клеммой для подключения к монополярному\r\n     коагулятору.&lt;/li&gt;\r\n&lt;/ul&gt;', 'Эндоскопические операции - прогрессивная форма хирургических вмешательств, которая легче переносится пациентом и позволяет ускорить восстановление. В чём преимущества эндоскопических операций.', ''),
(98, 14, 2, 'Энтеральное питание', '', '', '&lt;p class=&quot;MsoNormal&quot;&gt;&lt;b&gt;&lt;i&gt;Энтеральное питание&lt;/i&gt;&lt;/b&gt; — это сборное понятие, включающее в себя\r\nлечебное и дополнительное питание при особых потребностях организма (например,\r\nтяжёлых физических нагрузках или физиологических особенностях). Главное\r\nтребование — сбалансирование веществ, необходимых организму в данный момент, и\r\nвсасывание пищи через слизистую оболочку желудочно-кишечного тракта, то есть,\r\nестественным путём. Приём пищи может осуществляться через рот (в жидком виде\r\nчерез трубочку, или с содержанием пищевых волокон), через желудочный или\r\nкишечный зонд.&lt;/p&gt;&lt;p class=&quot;MsoNormal&quot;&gt;Основная задача энтерального питания — обеспечить\r\nсамостоятельно или в комплексе с основной пищей (если человек в состоянии её\r\nпринимать) потребность человека в необходимых веществах:&lt;span style=&quot;font-stretch: normal;&quot;&gt;&amp;nbsp;ж&lt;/span&gt;ирных кислотах, углеводах, белках, витаминах, минералах, воде.&lt;/p&gt;&lt;h2 style=&quot;margin-left:3.0pt&quot;&gt;В каких случаях используется энтеральное питание&lt;/h2&gt;&lt;p class=&quot;MsoNormal&quot; style=&quot;margin-left:3.0pt&quot;&gt;&lt;b&gt;&lt;i&gt;Невозможность обычного питания&lt;/i&gt;&lt;/b&gt;.\r\nВ период оперативного вмешательства, в бессознательном состоянии (коме), в\r\nпериод искусственной вентиляции лёгких, при травмах и хирургии лица, челюсти,\r\nгорла, пищевода, при осложнениях у больных онкологией, СПИДом, туберкулёзом и\r\nт.п.&lt;/p&gt;&lt;p class=&quot;MsoNormal&quot; style=&quot;margin-left:3.0pt&quot;&gt;&lt;b&gt;&lt;i&gt;В восстановительный &amp;nbsp;период&lt;/i&gt;&lt;/b&gt;. Для восстановления после\r\nсложных травм, операций и после перенесенных тяжёлых заболеваний может\r\nпонадобиться питание с повышенным содержанием энергетических и строительных\r\nвеществ. При этом во избежание обострений вещества должны быть сбалансированы в\r\nзависимости от проблемы: для больных диабетом — пониженное содержание\r\nуглеводов, для почечных больных — ограничения по белку и т.д.&lt;/p&gt;&lt;p class=&quot;MsoNormal&quot; style=&quot;margin-left:3.0pt&quot;&gt;&lt;b&gt;&lt;i&gt;В качестве коррекции основного\r\nрациона&lt;/i&gt;&lt;/b&gt;. При проблемах с бактериальной средой кишечника, пониженном\r\nиммунитете, хроническом недостатке необходимых витаминов и микроэлементов,\r\nзаболеваниях сахарным диабетом и других случаях по назначению врача.&lt;/p&gt;&lt;p class=&quot;MsoNormal&quot; style=&quot;margin-left:3.0pt&quot;&gt;В качестве спортивной добавки &lt;b&gt;&lt;i&gt;при\r\nтяжёлых физических нагрузках&lt;/i&gt;&lt;/b&gt;. Лёгкие белки и другие необходимые\r\nвещества для успешного роста мышечной массы и восстановления после тренировок,\r\nповышения тонуса сухожилий и связок, здоровья суставов.&lt;/p&gt;&lt;p class=&quot;MsoNormal&quot; style=&quot;margin-left:3.0pt&quot;&gt;&lt;b&gt;&lt;i&gt;Детское энтеральное питание&lt;/i&gt;&lt;/b&gt;.\r\nВ качестве заменителя грудного молока и при проблемах развития, в том числе для\r\nмладенцев в возрасте до 1 года.&lt;/p&gt;&lt;h2 style=&quot;margin-left:3.0pt&quot;&gt;Типы смесей для энтерального питания&lt;/h2&gt;&lt;p class=&quot;MsoNormal&quot; style=&quot;margin-left:3.0pt&quot;&gt;В зависимости от задачи состав\r\nсмеси и её консистенция отличаются. Различают следующие&amp;nbsp; типы смесей:&lt;/p&gt;&lt;p class=&quot;MsoNormal&quot; style=&quot;margin-left:39.0pt;text-indent:-18.0pt;mso-list:l0 level1 lfo2;\r\ntab-stops:list 39.0pt&quot;&gt;&lt;!--[if !supportLists]--&gt;&lt;span style=&quot;font-family:Symbol;\r\nmso-fareast-font-family:Symbol;mso-bidi-font-family:Symbol&quot;&gt;·&lt;span style=&quot;font-stretch: normal; font-size: 7pt; line-height: normal; font-family: \'Times New Roman\';&quot;&gt;&amp;nbsp;&amp;nbsp;&amp;nbsp;&amp;nbsp;&amp;nbsp;&amp;nbsp;&amp;nbsp;\r\n&lt;/span&gt;&lt;/span&gt;&lt;!--[endif]--&gt;&lt;i&gt;Стандартные\r\nизокалорические питательные смеси&lt;/i&gt; — при необходимости в энтеральном\r\nпитании, сохранности функций ЖКТ и отсутствии особых потребностей.&lt;/p&gt;&lt;p class=&quot;MsoNormal&quot; style=&quot;margin-left:39.0pt;text-indent:-18.0pt;mso-list:l0 level1 lfo2;\r\ntab-stops:list 39.0pt&quot;&gt;&lt;!--[if !supportLists]--&gt;&lt;span style=&quot;font-family:Symbol;\r\nmso-fareast-font-family:Symbol;mso-bidi-font-family:Symbol&quot;&gt;·&lt;span style=&quot;font-stretch: normal; font-size: 7pt; line-height: normal; font-family: \'Times New Roman\';&quot;&gt;&amp;nbsp;&amp;nbsp;&amp;nbsp;&amp;nbsp;&amp;nbsp;&amp;nbsp;&amp;nbsp;\r\n&lt;/span&gt;&lt;/span&gt;&lt;!--[endif]--&gt;&lt;i&gt;Гиперкалорические\r\nпитательные смеси&lt;/i&gt; — при повышенной потребности в энергии и аминокислотах\r\nили условиях ограничения жидкости.&lt;/p&gt;&lt;p class=&quot;MsoNormal&quot; style=&quot;margin-left:39.0pt;text-indent:-18.0pt;mso-list:l0 level1 lfo2;\r\ntab-stops:list 39.0pt&quot;&gt;&lt;!--[if !supportLists]--&gt;&lt;span style=&quot;font-family:Symbol;\r\nmso-fareast-font-family:Symbol;mso-bidi-font-family:Symbol&quot;&gt;·&lt;span style=&quot;font-stretch: normal; font-size: 7pt; line-height: normal; font-family: \'Times New Roman\';&quot;&gt;&amp;nbsp;&amp;nbsp;&amp;nbsp;&amp;nbsp;&amp;nbsp;&amp;nbsp;&amp;nbsp;\r\n&lt;/span&gt;&lt;/span&gt;&lt;!--[endif]--&gt;&lt;i&gt;Гиперсодержание\r\nбиологически активного белка, с добавлением микроэлементов, омега-3 жирных\r\nкислот, глутамина и аргинина&lt;/i&gt; — при состоянии критически пониженного\r\nиммунитета.&lt;/p&gt;&lt;p class=&quot;MsoNormal&quot; style=&quot;margin-left:39.0pt;text-indent:-18.0pt;mso-list:l0 level1 lfo2;\r\ntab-stops:list 39.0pt&quot;&gt;&lt;!--[if !supportLists]--&gt;&lt;span style=&quot;font-family:Symbol;\r\nmso-fareast-font-family:Symbol;mso-bidi-font-family:Symbol&quot;&gt;·&lt;span style=&quot;font-stretch: normal; font-size: 7pt; line-height: normal; font-family: \'Times New Roman\';&quot;&gt;&amp;nbsp;&amp;nbsp;&amp;nbsp;&amp;nbsp;&amp;nbsp;&amp;nbsp;&amp;nbsp;\r\n&lt;/span&gt;&lt;/span&gt;&lt;!--[endif]--&gt;&lt;i&gt;Пониженная\r\nдоля содержания жиров и углеводов, но сохранением пищевых волокон&lt;/i&gt; — при сахарном\r\nдиабете.&lt;/p&gt;&lt;p class=&quot;MsoNormal&quot; style=&quot;margin-left:39.0pt;text-indent:-18.0pt;mso-list:l0 level1 lfo2;\r\ntab-stops:list 39.0pt&quot;&gt;&lt;!--[if !supportLists]--&gt;&lt;span style=&quot;font-family:Symbol;\r\nmso-fareast-font-family:Symbol;mso-bidi-font-family:Symbol&quot;&gt;·&lt;span style=&quot;font-stretch: normal; font-size: 7pt; line-height: normal; font-family: \'Times New Roman\';&quot;&gt;&amp;nbsp;&amp;nbsp;&amp;nbsp;&amp;nbsp;&amp;nbsp;&amp;nbsp;&amp;nbsp;\r\n&lt;/span&gt;&lt;/span&gt;&lt;!--[endif]--&gt;&lt;i&gt;Смеси с\r\nповышенным содержанием жиров и пониженной долей углеводов&lt;/i&gt; — для больных с\r\nнарушениями функции лёгких в стадии декомпенсации.&lt;/p&gt;&lt;p class=&quot;MsoNormal&quot; style=&quot;margin-left:39.0pt;text-indent:-18.0pt;mso-list:l0 level1 lfo2;\r\ntab-stops:list 39.0pt&quot;&gt;&lt;!--[if !supportLists]--&gt;&lt;span style=&quot;font-family:Symbol;\r\nmso-fareast-font-family:Symbol;mso-bidi-font-family:Symbol&quot;&gt;·&lt;span style=&quot;font-stretch: normal; font-size: 7pt; line-height: normal; font-family: \'Times New Roman\';&quot;&gt;&amp;nbsp;&amp;nbsp;&amp;nbsp;&amp;nbsp;&amp;nbsp;&amp;nbsp;&amp;nbsp;\r\n&lt;/span&gt;&lt;/span&gt;&lt;!--[endif]--&gt;&lt;i&gt;Смеси с\r\nвысоким процентом содержания аминокислот с разветвлённой цепью и пониженным содержанием\r\nароматических аминокислот&lt;/i&gt; — для больных с нарушениями функций печени.&lt;/p&gt;&lt;p class=&quot;MsoNormal&quot; style=&quot;margin-left:39.0pt;text-indent:-18.0pt;mso-list:l0 level1 lfo2;\r\ntab-stops:list 39.0pt&quot;&gt;&lt;!--[if !supportLists]--&gt;&lt;span style=&quot;font-family:Symbol;\r\nmso-fareast-font-family:Symbol;mso-bidi-font-family:Symbol&quot;&gt;·&lt;span style=&quot;font-stretch: normal; font-size: 7pt; line-height: normal; font-family: \'Times New Roman\';&quot;&gt;&amp;nbsp;&amp;nbsp;&amp;nbsp;&amp;nbsp;&amp;nbsp;&amp;nbsp;&amp;nbsp;\r\n&lt;/span&gt;&lt;/span&gt;&lt;!--[endif]--&gt;&lt;i&gt;Олигомерные\r\nсмеси на основе дипептидов, трипептидов и лёгких аминокислот &lt;/i&gt;(полностью\r\nвсасываемые&lt;i&gt;)&lt;/i&gt; — при серьёзных\r\nнарушениях функций ЖКТ: в первые сутки после оперативного вмешательства на\r\nжелудке, тонком кишечнике, а также ферментативной недостаточности.&lt;/p&gt;&lt;p class=&quot;MsoNormal&quot; style=&quot;margin-left:39.0pt;text-indent:-18.0pt;mso-list:l0 level1 lfo2;\r\ntab-stops:list 39.0pt&quot;&gt;&lt;!--[if !supportLists]--&gt;&lt;span style=&quot;font-family:Symbol;\r\nmso-fareast-font-family:Symbol;mso-bidi-font-family:Symbol&quot;&gt;·&lt;span style=&quot;font-stretch: normal; font-size: 7pt; line-height: normal; font-family: \'Times New Roman\';&quot;&gt;&amp;nbsp;&amp;nbsp;&amp;nbsp;&amp;nbsp;&amp;nbsp;&amp;nbsp;&amp;nbsp;\r\n&lt;/span&gt;&lt;/span&gt;&lt;!--[endif]--&gt;&lt;i&gt;Низкообъёмные\r\nгипокалорические смеси с глутамином&lt;/i&gt; — назначаются в первые часы развития\r\nкритических состояний в реанимациях и интенсивной терапии. Оказывают\r\nиммуностимулирующее воздействие.&lt;/p&gt;&lt;h2 style=&quot;margin-left:3.0pt&quot;&gt;Противопоказания к энтеральному питанию:&lt;/h2&gt;&lt;p class=&quot;MsoNormal&quot; style=&quot;margin-left:39.0pt;text-indent:-18.0pt;mso-list:l2 level1 lfo3;\r\ntab-stops:list 39.0pt&quot;&gt;&lt;!--[if !supportLists]--&gt;&lt;span style=&quot;font-family:Symbol;\r\nmso-fareast-font-family:Symbol;mso-bidi-font-family:Symbol&quot;&gt;·&lt;span style=&quot;font-stretch: normal; font-size: 7pt; line-height: normal; font-family: \'Times New Roman\';&quot;&gt;&amp;nbsp;&amp;nbsp;&amp;nbsp;&amp;nbsp;&amp;nbsp;&amp;nbsp;&amp;nbsp;\r\n&lt;/span&gt;&lt;/span&gt;&lt;!--[endif]--&gt;Острая механическая кишечная непроходимость.&lt;/p&gt;&lt;p class=&quot;MsoNormal&quot; style=&quot;margin-left:39.0pt;text-indent:-18.0pt;mso-list:l2 level1 lfo3;\r\ntab-stops:list 39.0pt&quot;&gt;&lt;!--[if !supportLists]--&gt;&lt;span style=&quot;font-family:Symbol;\r\nmso-fareast-font-family:Symbol;mso-bidi-font-family:Symbol&quot;&gt;·&lt;span style=&quot;font-stretch: normal; font-size: 7pt; line-height: normal; font-family: \'Times New Roman\';&quot;&gt;&amp;nbsp;&amp;nbsp;&amp;nbsp;&amp;nbsp;&amp;nbsp;&amp;nbsp;&amp;nbsp;\r\n&lt;/span&gt;&lt;/span&gt;&lt;!--[endif]--&gt;Непереносимость компонентов смеси для\r\nэнтерального питания.&lt;/p&gt;&lt;p class=&quot;MsoNormal&quot; style=&quot;margin-left:39.0pt;text-indent:-18.0pt;mso-list:l2 level1 lfo3;\r\ntab-stops:list 39.0pt&quot;&gt;&lt;!--[if !supportLists]--&gt;&lt;span style=&quot;font-family:Symbol;\r\nmso-fareast-font-family:Symbol;mso-bidi-font-family:Symbol&quot;&gt;·&lt;span style=&quot;font-stretch: normal; font-size: 7pt; line-height: normal; font-family: \'Times New Roman\';&quot;&gt;&amp;nbsp;&amp;nbsp;&amp;nbsp;&amp;nbsp;&amp;nbsp;&amp;nbsp;&amp;nbsp;\r\n&lt;/span&gt;&lt;/span&gt;&lt;!--[endif]--&gt;Ишемия кишечника.&lt;/p&gt;&lt;p class=&quot;MsoNormal&quot; style=&quot;margin-left:39.0pt;text-indent:-18.0pt;mso-list:l2 level1 lfo3;\r\ntab-stops:list 39.0pt&quot;&gt;&lt;!--[if !supportLists]--&gt;&lt;span style=&quot;font-family:Symbol;\r\nmso-fareast-font-family:Symbol;mso-bidi-font-family:Symbol&quot;&gt;·&lt;span style=&quot;font-stretch: normal; font-size: 7pt; line-height: normal; font-family: \'Times New Roman\';&quot;&gt;&amp;nbsp;&amp;nbsp;&amp;nbsp;&amp;nbsp;&amp;nbsp;&amp;nbsp;&amp;nbsp;\r\n&lt;/span&gt;&lt;/span&gt;&lt;!--[endif]--&gt;Несостоятельность межкишечного анастомоза.&lt;/p&gt;&lt;p class=&quot;MsoNormal&quot; style=&quot;margin-left:39.0pt;text-indent:-18.0pt;mso-list:l2 level1 lfo3;\r\ntab-stops:list 39.0pt&quot;&gt;&lt;!--[if !supportLists]--&gt;&lt;span style=&quot;font-family:Symbol;\r\nmso-fareast-font-family:Symbol;mso-bidi-font-family:Symbol&quot;&gt;·&lt;span style=&quot;font-stretch: normal; font-size: 7pt; line-height: normal; font-family: \'Times New Roman\';&quot;&gt;&amp;nbsp;&amp;nbsp;&amp;nbsp;&amp;nbsp;&amp;nbsp;&amp;nbsp;&amp;nbsp;\r\n&lt;/span&gt;&lt;/span&gt;&lt;!--[endif]--&gt;Сброс застоявшихся масс по желудочному зонду\r\nболее 1200 см\\сутки.&lt;/p&gt;&lt;h2 style=&quot;margin-left:3.0pt&quot;&gt;Смеси для энтерального питания &lt;span lang=&quot;EN-US&quot;&gt;B&lt;/span&gt;.&lt;span lang=&quot;EN-US&quot;&gt;Braun&lt;/span&gt;&lt;/h2&gt;&lt;p class=&quot;MsoNormal&quot; style=&quot;margin-left:3.0pt&quot;&gt;Питательные, иммуномодулирующие и\r\nспециальное адаптированное энтеральное питание всех групп, а также зонды,\r\nнасосы и системы для введения энтеральных смесей производит немецкая компания &lt;span lang=&quot;EN-US&quot;&gt;B&lt;/span&gt;.&lt;span lang=&quot;EN-US&quot;&gt;Braun&lt;/span&gt;:&lt;/p&gt;&lt;p class=&quot;MsoNormal&quot; style=&quot;margin-left:39.0pt;text-indent:-18.0pt;mso-list:l1 level1 lfo4;\r\ntab-stops:list 39.0pt&quot;&gt;&lt;!--[if !supportLists]--&gt;&lt;span style=&quot;font-family:Symbol;\r\nmso-fareast-font-family:Symbol;mso-bidi-font-family:Symbol&quot;&gt;·&lt;span style=&quot;font-stretch: normal; font-size: 7pt; line-height: normal; font-family: \'Times New Roman\';&quot;&gt;&amp;nbsp;&amp;nbsp;&amp;nbsp;&amp;nbsp;&amp;nbsp;&amp;nbsp;&amp;nbsp;\r\n&lt;/span&gt;&lt;/span&gt;&lt;!--[endif]--&gt;&lt;i&gt;Нутрикомп\r\nСтандарт ликвид&lt;/i&gt; — сбалансированное энтеральноепитание без пищевых волокон.&lt;/p&gt;&lt;p class=&quot;MsoNormal&quot; style=&quot;margin-left:39.0pt;text-indent:-18.0pt;mso-list:l1 level1 lfo4;\r\ntab-stops:list 39.0pt&quot;&gt;&lt;!--[if !supportLists]--&gt;&lt;span style=&quot;font-family:Symbol;\r\nmso-fareast-font-family:Symbol;mso-bidi-font-family:Symbol&quot;&gt;·&lt;span style=&quot;font-stretch: normal; font-size: 7pt; line-height: normal; font-family: \'Times New Roman\';&quot;&gt;&amp;nbsp;&amp;nbsp;&amp;nbsp;&amp;nbsp;&amp;nbsp;&amp;nbsp;&amp;nbsp;\r\n&lt;/span&gt;&lt;/span&gt;&lt;!--[endif]--&gt;&lt;i&gt;Нутрикомп\r\nФайбер ликвид&lt;/i&gt; — полноценное сбалансированное энтеральное питание с пищевыми\r\nволокнами.&lt;/p&gt;&lt;p class=&quot;MsoNormal&quot; style=&quot;margin-left:39.0pt;text-indent:-18.0pt;mso-list:l1 level1 lfo4;\r\ntab-stops:list 39.0pt&quot;&gt;&lt;!--[if !supportLists]--&gt;&lt;span style=&quot;font-family:Symbol;\r\nmso-fareast-font-family:Symbol;mso-bidi-font-family:Symbol&quot;&gt;·&lt;span style=&quot;font-stretch: normal; font-size: 7pt; line-height: normal; font-family: \'Times New Roman\';&quot;&gt;&amp;nbsp;&amp;nbsp;&amp;nbsp;&amp;nbsp;&amp;nbsp;&amp;nbsp;&amp;nbsp;\r\n&lt;/span&gt;&lt;/span&gt;&lt;!--[endif]--&gt;&lt;i&gt;Нутрикомп\r\nЭнергия Файбер ликвид&lt;/i&gt; — готовая к использованию жидкая смесь с высоким\r\nсодержанием энергии, обогащенная пищевыми волокнами.&lt;/p&gt;&lt;p class=&quot;MsoNormal&quot; style=&quot;margin-left:39.0pt;text-indent:-18.0pt;mso-list:l1 level1 lfo4;\r\ntab-stops:list 39.0pt&quot;&gt;&lt;!--[if !supportLists]--&gt;&lt;span style=&quot;font-family:Symbol;\r\nmso-fareast-font-family:Symbol;mso-bidi-font-family:Symbol&quot;&gt;·&lt;span style=&quot;font-stretch: normal; font-size: 7pt; line-height: normal; font-family: \'Times New Roman\';&quot;&gt;&amp;nbsp;&amp;nbsp;&amp;nbsp;&amp;nbsp;&amp;nbsp;&amp;nbsp;&amp;nbsp;\r\n&lt;/span&gt;&lt;/span&gt;&lt;!--[endif]--&gt;&lt;i&gt;Нутрикомп\r\nДиабет ликвид&lt;/i&gt; — сбалансированное энтеральное питание для диабетиков.&lt;/p&gt;&lt;p class=&quot;MsoNormal&quot; style=&quot;margin-left:39.0pt;text-indent:-18.0pt;mso-list:l1 level1 lfo4;\r\ntab-stops:list 39.0pt&quot;&gt;&lt;!--[if !supportLists]--&gt;&lt;span style=&quot;font-family:Symbol;\r\nmso-fareast-font-family:Symbol;mso-bidi-font-family:Symbol&quot;&gt;·&lt;span style=&quot;font-stretch: normal; font-size: 7pt; line-height: normal; font-family: \'Times New Roman\';&quot;&gt;&amp;nbsp;&amp;nbsp;&amp;nbsp;&amp;nbsp;&amp;nbsp;&amp;nbsp;&amp;nbsp;\r\n&lt;/span&gt;&lt;/span&gt;&lt;!--[endif]--&gt;&lt;i&gt;Нутрикомп\r\nГепа ликвид&lt;/i&gt; — энтеральное питание при нарушениях функций печени.&lt;/p&gt;&lt;p class=&quot;MsoNormal&quot; style=&quot;margin-left:39.0pt;text-indent:-18.0pt;mso-list:l1 level1 lfo4;\r\ntab-stops:list 39.0pt&quot;&gt;&lt;!--[if !supportLists]--&gt;&lt;span style=&quot;font-family:Symbol;\r\nmso-fareast-font-family:Symbol;mso-bidi-font-family:Symbol&quot;&gt;·&lt;span style=&quot;font-stretch: normal; font-size: 7pt; line-height: normal; font-family: \'Times New Roman\';&quot;&gt;&amp;nbsp;&amp;nbsp;&amp;nbsp;&amp;nbsp;&amp;nbsp;&amp;nbsp;&amp;nbsp;\r\n&lt;/span&gt;&lt;/span&gt;&lt;!--[endif]--&gt;&lt;i&gt;Нутрикомп\r\nИммунный ликвид&lt;/i&gt; — сбалансированное энтеральное питание, оказывающее\r\nиммуномодулирующий эффект.&lt;/p&gt;&lt;p class=&quot;MsoNormal&quot; style=&quot;margin-left:39.0pt;text-indent:-18.0pt;mso-list:l1 level1 lfo4;\r\ntab-stops:list 39.0pt&quot;&gt;&lt;!--[if !supportLists]--&gt;&lt;span style=&quot;font-family:Symbol;\r\nmso-fareast-font-family:Symbol;mso-bidi-font-family:Symbol&quot;&gt;·&lt;span style=&quot;font-stretch: normal; font-size: 7pt; line-height: normal; font-family: \'Times New Roman\';&quot;&gt;&amp;nbsp;&amp;nbsp;&amp;nbsp;&amp;nbsp;&amp;nbsp;&amp;nbsp;&amp;nbsp;\r\n&lt;/span&gt;&lt;/span&gt;&lt;!--[endif]--&gt;&lt;i&gt;Нутрикомп\r\nПептид ликвид&lt;/i&gt; — сбалансированное энтеральное питание при повышенной\r\nпотребности в белках.&lt;/p&gt;&lt;p class=&quot;MsoNormal&quot; style=&quot;margin-left:39.0pt;text-indent:-18.0pt;mso-list:l1 level1 lfo4;\r\ntab-stops:list 39.0pt&quot;&gt;&lt;!--[if !supportLists]--&gt;&lt;span style=&quot;font-family:Symbol;\r\nmso-fareast-font-family:Symbol;mso-bidi-font-family:Symbol&quot;&gt;·&lt;span style=&quot;font-stretch: normal; font-size: 7pt; line-height: normal; font-family: \'Times New Roman\';&quot;&gt;&amp;nbsp;&amp;nbsp;&amp;nbsp;&amp;nbsp;&amp;nbsp;&amp;nbsp;&amp;nbsp;\r\n&lt;/span&gt;&lt;/span&gt;&lt;!--[endif]--&gt;&lt;i&gt;Нутрикомп\r\nЭнергия ликвид&lt;/i&gt; — полноценная готовая к использованию жидкая смесь с высоким\r\nсодержанием энергии и белка.&lt;/p&gt;&lt;p class=&quot;MsoNormal&quot;&gt;&lt;o:p&gt;&amp;nbsp;&lt;/o:p&gt;&lt;/p&gt;&lt;p class=&quot;MsoNormal&quot;&gt;&amp;nbsp;&lt;/p&gt;', 'Энтеральное питание обеспечивает потребности организма пациента при отсутствии возможности нормального питания', ''),
(99, 15, 2, 'Современные устройства для лечения онкобольных', '', '', '&lt;p class=&quot;MsoNormal&quot;&gt;При лечении некоторых заболеваний, в частности онкологии,\r\nприменяются постоянные вливания определённой дозы лекарственных препаратов.\r\nПримером может стать химиотерапия или введение анальгетиков при болевом\r\nсиндроме у онкобольных. &lt;/p&gt;&lt;p class=&quot;MsoNormal&quot;&gt;Введение лекарственных препаратов капельным или инъекционным\r\nпутём ограничивает пациента в передвижении (из-за необходимости находиться под\r\nкапельницей). Кроме того, постоянное поступление в кровь необходимых веществ в\r\nтечение нескольких суток затруднительно. &lt;/p&gt;&lt;p class=&quot;MsoNormal&quot;&gt;Значительно облегчило положение онкобольных использование\r\nдля введения лекарственных препаратов микроинфузионных помп, инфузионных\r\nпортов, микросфер и гастростомических трубок.&lt;/p&gt;&lt;h2&gt;Применение\r\nмикроинфузионных помп в онкологии&lt;/h2&gt;&lt;p class=&quot;MsoNormal&quot;&gt;&lt;i&gt;Микроинфузионная помпа&lt;/i&gt;\r\n(синонимы — микроинфузионный насос, шприцевой дозатор, инфузор) — это\r\nмедицинское изделие, которое применяется для длительного дозированного введения\r\nлекарств и питательных веществ пациенту. Помпы при лечении онкобольных могут\r\nприменяться для введения растворов внутривенно и артериально.&lt;/p&gt;&lt;h3&gt;В чём состоит разница\r\nприменения помпы и капельницы?&lt;/h3&gt;&lt;p class=&quot;MsoNormal&quot;&gt;Основная разница состоит в точном дозировании веществ. К\r\nпримеру, в возможностях помпы вводить раствор со скоростью 0,1 мл\\час, что для\r\nкапельного введения недоступно.&lt;/p&gt;&lt;p class=&quot;MsoNormal&quot;&gt;Микроинфузионная помпа предназначена для введения малых доз\r\nпрепаратов: гормональных, опиатов и т.п.&lt;/p&gt;&lt;h3&gt;Конструкция\r\nмикроинфузионной помпы&lt;/h3&gt;&lt;p class=&quot;MsoNormal&quot;&gt;Микроинфузионная помпа состоит из пластикового каркаса,\r\nсиликонового инфузионного баллона, системы трубок для передачи веществ и\r\nвстроенного в систему антибактериального фильтра. Система может комплектоваться\r\nРСА-болюсом или регулятором скорости инфузии. РСА-болюс помогает вводить\r\nпрепарат с заданным интервалом. &lt;/p&gt;&lt;p class=&quot;MsoNormal&quot;&gt;Вещество вводится в баллон через порт. Баллон раздувается,\r\nзаполняя оболочку. При снятии зажима под давлением растянутого баллона жидкость\r\nдвигается к коннектору, который соединён с внутривенным или эпидуральным\r\nкатером. Болюс регулирует подачу жидкости по времени и количеству. &lt;/p&gt;&lt;h3&gt;Где применяется\r\nмикроинфузионная помпа при лечении онкологии?&lt;/h3&gt;&lt;ul style=&quot;margin-top:0cm&quot; type=&quot;disc&quot;&gt;\r\n &lt;li class=&quot;MsoNormal&quot;&gt;Для\r\n     введения анестетиков при анестезиологии и реанимации.&lt;/li&gt;\r\n &lt;li class=&quot;MsoNormal&quot;&gt;Для\r\n     проведения химиотерапии и обезболивания при онкологии.&lt;/li&gt;\r\n &lt;li class=&quot;MsoNormal&quot;&gt;Для\r\n     введения большого количества сосудистых препаратов.&lt;/li&gt;\r\n &lt;li class=&quot;MsoNormal&quot;&gt;Для\r\n     заживления послеоперационных и гнойных ран (вещества поступают в раневую\r\n     поверхность, обеспечивая септику и вымывая гнойные образования).&lt;/li&gt;\r\n&lt;/ul&gt;&lt;h3&gt;Преимущества\r\nмикроинфузионных помп&lt;/h3&gt;&lt;p class=&quot;MsoNormal&quot;&gt;&lt;o:p&gt;&lt;/o:p&gt;&lt;/p&gt;&lt;ul style=&quot;margin-top:0cm&quot; type=&quot;disc&quot;&gt;\r\n &lt;li class=&quot;MsoNormal&quot;&gt;Ритмичное\r\n     сокращение баллона обеспечивает постоянную скорость поступления веществ\r\n     больному.&lt;/li&gt;\r\n &lt;li class=&quot;MsoNormal&quot;&gt;Возможность\r\n     введения малых доз препарата в долгие промежутки времени, что имеет\r\n     значение, если пациенту опасно повышать давление.&lt;/li&gt;\r\n &lt;li class=&quot;MsoNormal&quot;&gt;Микроинфузионная\r\n     помпа имеет малые габариты и достаточно прочная для того, чтобы пациент\r\n     мог свободно передвигаться. Это особенно важно при многодневных вливаниях.\r\n     &lt;/li&gt;\r\n &lt;li class=&quot;MsoNormal&quot;&gt;Положение\r\n     микроинфузионной помпы относительно пациента (вертикально или\r\n     горизонтально) не оказывает влияния на работу устройства. Это также\r\n     увеличивает комфортность передвижения пациента.&lt;/li&gt;\r\n &lt;li class=&quot;MsoNormal&quot;&gt;Встроенный\r\n     бактериальный фильтр позволяет обеспечить стерильность раствора.&lt;/li&gt;\r\n &lt;li class=&quot;MsoNormal&quot;&gt;РСА-болюс,\r\n     кроме регулирования скорости введения веществ, позволяет пациенту\r\n     самостоятельно выполнить болюсную инъекцию при необходимости, например, в\r\n     анальгетиках.&lt;/li&gt;\r\n &lt;li class=&quot;MsoNormal&quot;&gt;Помпа\r\n     не зависит от источников электроэнергии, работая автономно.&lt;/li&gt;\r\n &lt;li class=&quot;MsoNormal&quot;&gt;Заданная\r\n     врачом скорость поступления вещества в кровь пациента не нуждается в\r\n     контроле и будет поддерживаться автоматически.&lt;/li&gt;\r\n &lt;li class=&quot;MsoNormal&quot;&gt;Размер\r\n     баллона позволяет подобрать помпы в зависимости от клинической\r\n     необходимости.&lt;/li&gt;\r\n&lt;/ul&gt;&lt;h2&gt;Применение портов в\r\nлечении онкологии&lt;/h2&gt;&lt;p class=&quot;MsoNormal&quot;&gt;&lt;i&gt;Инфузионный порт&lt;/i&gt; —\r\nэто устройство типа небольшого резервуара диаметром 4-&lt;st1:metricconverter productid=&quot;4,5 мм&quot; w:st=&quot;on&quot;&gt;4,5 мм&lt;/st1:metricconverter&gt; и толщиной в &lt;st1:metricconverter productid=&quot;1 см&quot; w:st=&quot;on&quot;&gt;1 см&lt;/st1:metricconverter&gt;. Внутри резервуар имеет\r\nпокрытие биоинертным материалом. Из порта выходит катетер, который пропускается\r\nчрез вену. На другой стороне резервуара — мембрана из многослойного силикона,\r\nчерез которую вводят препараты. &lt;i&gt;&lt;o:p&gt;&lt;/o:p&gt;&lt;/i&gt;&lt;/p&gt;&lt;h3&gt;Где применяются?&lt;/h3&gt;&lt;p class=&quot;MsoNormal&quot;&gt;Порт-системы используются для постоянного внутривенного\r\nвведения препаратов онкобольным:&lt;/p&gt;&lt;ul style=&quot;margin-top:0cm&quot; type=&quot;disc&quot;&gt;\r\n &lt;li class=&quot;MsoNormal&quot;&gt;Внутривенном\r\n     многократном введении препаратов химиотерапии.&lt;/li&gt;\r\n &lt;li class=&quot;MsoNormal&quot;&gt;Внутривенной\r\n     антибиотикотерапии.&lt;/li&gt;\r\n &lt;li class=&quot;MsoNormal&quot;&gt;Региональной\r\n     химиотерапии.&lt;/li&gt;\r\n &lt;li class=&quot;MsoNormal&quot;&gt;Длительном\r\n     парентеральном питании.&lt;/li&gt;\r\n &lt;li class=&quot;MsoNormal&quot;&gt;Длительном\r\n     обезболивании.&lt;/li&gt;\r\n&lt;/ul&gt;&lt;h3&gt;Преимущества&lt;/h3&gt;&lt;p class=&quot;MsoNormal&quot;&gt;Регулярные внутривенные инъекции негативно влияют на\r\nцелостность и тонус сосудов, а длительное нахождение катетера в вене несёт в\r\nсебе риски заражения. Применение портов позволило увеличить эффективность\r\nдолговременного применения лекарственной терапии без повреждения вен: при\r\nтонких или повреждённых венах под кожу пациента устанавливается инфузионный\r\nпорт, который позволяет вводить лекарственные препараты на протяжение\r\nнескольких месяцев.&lt;/p&gt;&lt;p class=&quot;MsoNormal&quot;&gt;Применение портов позволило сократить неприятные ощущения\r\nпри многократных инъекциях, вести более подвижный образ жизни и снизить риск\r\nзаражения при переливаниях крови. Срок службы порта — 6 месяцев без\r\nнеобходимости переустановки.&lt;/p&gt;&lt;h3&gt;Особенности установки&lt;/h3&gt;&lt;p class=&quot;MsoNormal&quot;&gt;Введение катетера порта возможно:&lt;/p&gt;&lt;p class=&quot;MsoNormal&quot; style=&quot;margin-left:54.0pt;text-indent:-18.0pt;mso-list:l1 level1 lfo3;\r\ntab-stops:list 54.0pt&quot;&gt;&lt;!--[if !supportLists]--&gt;&lt;span style=&quot;font-family:Symbol;\r\nmso-fareast-font-family:Symbol;mso-bidi-font-family:Symbol&quot;&gt;·&lt;span style=&quot;font-stretch: normal; font-size: 7pt; line-height: normal; font-family: \'Times New Roman\';&quot;&gt;&amp;nbsp;&amp;nbsp;&amp;nbsp;&amp;nbsp;&amp;nbsp;&amp;nbsp;&amp;nbsp;\r\n&lt;/span&gt;&lt;/span&gt;&lt;!--[endif]--&gt;Во внутреннюю яремную вену.&lt;/p&gt;&lt;p class=&quot;MsoNormal&quot; style=&quot;margin-left:54.0pt;text-indent:-18.0pt;mso-list:l1 level1 lfo3;\r\ntab-stops:list 54.0pt&quot;&gt;&lt;!--[if !supportLists]--&gt;&lt;span style=&quot;font-family:Symbol;\r\nmso-fareast-font-family:Symbol;mso-bidi-font-family:Symbol&quot;&gt;·&lt;span style=&quot;font-stretch: normal; font-size: 7pt; line-height: normal; font-family: \'Times New Roman\';&quot;&gt;&amp;nbsp;&amp;nbsp;&amp;nbsp;&amp;nbsp;&amp;nbsp;&amp;nbsp;&amp;nbsp;\r\n&lt;/span&gt;&lt;/span&gt;&lt;!--[endif]--&gt;Внешнюю яремную вену.&lt;/p&gt;&lt;p class=&quot;MsoNormal&quot; style=&quot;margin-left:54.0pt;text-indent:-18.0pt;mso-list:l1 level1 lfo3;\r\ntab-stops:list 54.0pt&quot;&gt;&lt;!--[if !supportLists]--&gt;&lt;span style=&quot;font-family:Symbol;\r\nmso-fareast-font-family:Symbol;mso-bidi-font-family:Symbol&quot;&gt;·&lt;span style=&quot;font-stretch: normal; font-size: 7pt; line-height: normal; font-family: \'Times New Roman\';&quot;&gt;&amp;nbsp;&amp;nbsp;&amp;nbsp;&amp;nbsp;&amp;nbsp;&amp;nbsp;&amp;nbsp;\r\n&lt;/span&gt;&lt;/span&gt;&lt;!--[endif]--&gt;Подключичную вену.&lt;/p&gt;&lt;p class=&quot;MsoNormal&quot; style=&quot;margin-left:54.0pt;text-indent:-18.0pt;mso-list:l1 level1 lfo3;\r\ntab-stops:list 54.0pt&quot;&gt;&lt;!--[if !supportLists]--&gt;&lt;span style=&quot;font-family:Symbol;\r\nmso-fareast-font-family:Symbol;mso-bidi-font-family:Symbol&quot;&gt;·&lt;span style=&quot;font-stretch: normal; font-size: 7pt; line-height: normal; font-family: \'Times New Roman\';&quot;&gt;&amp;nbsp;&amp;nbsp;&amp;nbsp;&amp;nbsp;&amp;nbsp;&amp;nbsp;&amp;nbsp;\r\n&lt;/span&gt;&lt;/span&gt;&lt;!--[endif]--&gt;Плечевую вену.&lt;/p&gt;&lt;p class=&quot;MsoNormal&quot; style=&quot;margin-left:54.0pt;text-indent:-18.0pt;mso-list:l1 level1 lfo3;\r\ntab-stops:list 54.0pt&quot;&gt;&lt;!--[if !supportLists]--&gt;&lt;span style=&quot;font-family:Symbol;\r\nmso-fareast-font-family:Symbol;mso-bidi-font-family:Symbol&quot;&gt;·&lt;span style=&quot;font-stretch: normal; font-size: 7pt; line-height: normal; font-family: \'Times New Roman\';&quot;&gt;&amp;nbsp;&amp;nbsp;&amp;nbsp;&amp;nbsp;&amp;nbsp;&amp;nbsp;&amp;nbsp;\r\n&lt;/span&gt;&lt;/span&gt;&lt;!--[endif]--&gt;Головную вену.&lt;/p&gt;&lt;p class=&quot;MsoNormal&quot; style=&quot;margin-left:54.0pt;text-indent:-18.0pt;mso-list:l1 level1 lfo3;\r\ntab-stops:list 54.0pt&quot;&gt;&lt;!--[if !supportLists]--&gt;&lt;span style=&quot;font-family:Symbol;\r\nmso-fareast-font-family:Symbol;mso-bidi-font-family:Symbol&quot;&gt;·&lt;span style=&quot;font-stretch: normal; font-size: 7pt; line-height: normal; font-family: \'Times New Roman\';&quot;&gt;&amp;nbsp;&amp;nbsp;&amp;nbsp;&amp;nbsp;&amp;nbsp;&amp;nbsp;&amp;nbsp;\r\n&lt;/span&gt;&lt;/span&gt;&lt;!--[endif]--&gt;Бедренную вену — при противопоказаниях или\r\nневозможности использования других вен.&lt;/p&gt;&lt;p class=&quot;MsoNormal&quot;&gt;Введение происходит под местным наркозом для взрослых\r\nпациентов и под общим — для детей.&lt;/p&gt;&lt;h2&gt;Применение микросфер\r\nв онкологии&lt;/h2&gt;&lt;p class=&quot;MsoNormal&quot;&gt;&lt;i&gt;Микросферы&lt;/i&gt; — это\r\nшары малого диаметра (самые малые — всего 40 микрон, крупные —1300 микрон, в\r\nзависимости от диаметра сосуда) из гидрогеля с полимерным покрытием. Наружно\r\nмикросферы напыляются необходимым препаратом и вводятся внутривенно\r\n(производится химиоэмболизация микросферами). Они не слипаются, глубоко и легко\r\nпроходят внутри сосуда в сравнении с несферическими частицами. &lt;/p&gt;&lt;h3&gt;Преимущества\r\nхимиоэмболизации микросферами&lt;/h3&gt;&lt;p class=&quot;MsoNormal&quot;&gt;Микросферы способны доставить препарат адресно к месту\r\nопухоли, не увеличивая при этом концентрацию препарата в крови: таким образом\r\nвозможна длительная химиотерапия с минимальным токсическим воздействием на\r\nорганизм.&lt;/p&gt;&lt;p class=&quot;MsoNormal&quot;&gt;Микросферы применяются:&lt;/p&gt;&lt;p class=&quot;MsoNormal&quot; style=&quot;margin-left:39.0pt;text-indent:-18.0pt;mso-list:l0 level1 lfo5;\r\ntab-stops:list 39.0pt&quot;&gt;&lt;!--[if !supportLists]--&gt;&lt;span style=&quot;font-family:Symbol;\r\nmso-fareast-font-family:Symbol;mso-bidi-font-family:Symbol&quot;&gt;·&lt;span style=&quot;font-stretch: normal; font-size: 7pt; line-height: normal; font-family: \'Times New Roman\';&quot;&gt;&amp;nbsp;&amp;nbsp;&amp;nbsp;&amp;nbsp;&amp;nbsp;&amp;nbsp;&amp;nbsp;\r\n&lt;/span&gt;&lt;/span&gt;&lt;!--[endif]--&gt;Для точного лечения области поражения химиотерапевтическими\r\nпрепаратами.&lt;/p&gt;&lt;p class=&quot;MsoNormal&quot; style=&quot;margin-left:39.0pt;text-indent:-18.0pt;mso-list:l0 level1 lfo5;\r\ntab-stops:list 39.0pt&quot;&gt;&lt;!--[if !supportLists]--&gt;&lt;span style=&quot;font-family:Symbol;\r\nmso-fareast-font-family:Symbol;mso-bidi-font-family:Symbol&quot;&gt;·&lt;span style=&quot;font-stretch: normal; font-size: 7pt; line-height: normal; font-family: \'Times New Roman\';&quot;&gt;&amp;nbsp;&amp;nbsp;&amp;nbsp;&amp;nbsp;&amp;nbsp;&amp;nbsp;&amp;nbsp;\r\n&lt;/span&gt;&lt;/span&gt;&lt;!--[endif]--&gt;Для длительного обезболивания.&lt;/p&gt;&lt;p class=&quot;MsoNormal&quot; style=&quot;margin-left:39.0pt;text-indent:-18.0pt;mso-list:l0 level1 lfo5;\r\ntab-stops:list 39.0pt&quot;&gt;&lt;!--[if !supportLists]--&gt;&lt;span style=&quot;font-family:Symbol;\r\nmso-fareast-font-family:Symbol;mso-bidi-font-family:Symbol&quot;&gt;·&lt;span style=&quot;font-stretch: normal; font-size: 7pt; line-height: normal; font-family: \'Times New Roman\';&quot;&gt;&amp;nbsp;&amp;nbsp;&amp;nbsp;&amp;nbsp;&amp;nbsp;&amp;nbsp;&amp;nbsp;\r\n&lt;/span&gt;&lt;/span&gt;&lt;!--[endif]--&gt;Для остановки кровотечения с минимальным\r\nвмешательством.&lt;/p&gt;&lt;h2 style=&quot;margin-left:3.0pt&quot;&gt;Гастростомические трубки при лечении онкологии&lt;/h2&gt;&lt;p class=&quot;MsoNormal&quot; style=&quot;margin-left:3.0pt&quot;&gt;При тяжёлых стадиях\r\nонкологического заболевания многие пациенты не способны питаться самостоятельно.\r\nВ таких ситуациях необходимо постоянное (непрерывное) либо болюсное (введение\r\nбольших объёмов питательной смеси однократно) питание, которое должно\r\nобеспечить организму необходимую поддержку питательными веществами на\r\nдлительный период.&lt;/p&gt;&lt;p class=&quot;MsoNormal&quot; style=&quot;margin-left:3.0pt&quot;&gt;Такие питание осуществляется путём\r\nустановки пациенту &lt;i&gt;гастростомической\r\nтрубки&lt;/i&gt;, представляющей собой питательную трубку, напрямую через кожу\r\nустановленную в желудок и закреплённую там при помощи бампера внутри желудка.\r\nСнаружи на коже пациента на расстоянии 2-&lt;st1:metricconverter productid=&quot;3 мм&quot; w:st=&quot;on&quot;&gt;3 мм&lt;/st1:metricconverter&gt; от её поверхности трубка фиксируется во\r\nизбежание смещения. Трубка имеет наружные порты для введения лекарственных\r\nпрепаратов и питательных смесей. &lt;/p&gt;&lt;p class=&quot;MsoNormal&quot; style=&quot;margin-left:3.0pt&quot;&gt;Через отверстие гастростомической\r\nтрубки (стомы) вводится питательная смесь в необходимом объёме (болюсно или\r\nнепрерывно). &lt;/p&gt;&lt;h2 style=&quot;margin-left:3.0pt&quot;&gt;Ранозаживляющая продукция Колетекс для лечения онкологии&lt;/h2&gt;&lt;p class=&quot;MsoNormal&quot; style=&quot;margin-left:3.0pt&quot;&gt;Основное направление компании —\r\nпроизводство средств для заживления ран, снятия воспалений (в т.ч. после\r\nхимиотерапии), а также гидрогелевых прокладок. Салфетка, наполненная основным лечебным\r\nкомпонентом, снимает местные ответные реакции кожи при лучевой терапии,\r\nхимиотерапии, операционных ранах и язвах.&lt;/p&gt;&lt;p class=&quot;MsoNormal&quot; style=&quot;margin-left:3.0pt&quot;&gt;Для лечения онкобольных\r\nиспользуются салфетки:&lt;/p&gt;&lt;p class=&quot;MsoNormal&quot; style=&quot;margin-left:39.0pt;text-indent:-18.0pt;mso-list:l4 level1 lfo6;\r\ntab-stops:list 39.0pt&quot;&gt;&lt;!--[if !supportLists]--&gt;&lt;span style=&quot;font-family:Symbol;\r\nmso-fareast-font-family:Symbol;mso-bidi-font-family:Symbol&quot;&gt;·&lt;span style=&quot;font-stretch: normal; font-size: 7pt; line-height: normal; font-family: \'Times New Roman\';&quot;&gt;&amp;nbsp;&amp;nbsp;&amp;nbsp;&amp;nbsp;&amp;nbsp;&amp;nbsp;&amp;nbsp;\r\n&lt;/span&gt;&lt;/span&gt;&lt;!--[endif]--&gt;С прополисом.&lt;/p&gt;&lt;p class=&quot;MsoNormal&quot; style=&quot;margin-left:39.0pt;text-indent:-18.0pt;mso-list:l4 level1 lfo6;\r\ntab-stops:list 39.0pt&quot;&gt;&lt;!--[if !supportLists]--&gt;&lt;span style=&quot;font-family:Symbol;\r\nmso-fareast-font-family:Symbol;mso-bidi-font-family:Symbol&quot;&gt;·&lt;span style=&quot;font-stretch: normal; font-size: 7pt; line-height: normal; font-family: \'Times New Roman\';&quot;&gt;&amp;nbsp;&amp;nbsp;&amp;nbsp;&amp;nbsp;&amp;nbsp;&amp;nbsp;&amp;nbsp;\r\n&lt;/span&gt;&lt;/span&gt;&lt;!--[endif]--&gt;5-фторурацилом.&lt;/p&gt;&lt;p class=&quot;MsoNormal&quot; style=&quot;margin-left:39.0pt;text-indent:-18.0pt;mso-list:l4 level1 lfo6;\r\ntab-stops:list 39.0pt&quot;&gt;&lt;!--[if !supportLists]--&gt;&lt;span style=&quot;font-family:Symbol;\r\nmso-fareast-font-family:Symbol;mso-bidi-font-family:Symbol&quot;&gt;·&lt;span style=&quot;font-stretch: normal; font-size: 7pt; line-height: normal; font-family: \'Times New Roman\';&quot;&gt;&amp;nbsp;&amp;nbsp;&amp;nbsp;&amp;nbsp;&amp;nbsp;&amp;nbsp;&amp;nbsp;\r\n&lt;/span&gt;&lt;/span&gt;&lt;!--[endif]--&gt;Мочевиной.&lt;/p&gt;&lt;p class=&quot;MsoNormal&quot; style=&quot;margin-left:39.0pt;text-indent:-18.0pt;mso-list:l4 level1 lfo6;\r\ntab-stops:list 39.0pt&quot;&gt;&lt;!--[if !supportLists]--&gt;&lt;span style=&quot;font-family:Symbol;\r\nmso-fareast-font-family:Symbol;mso-bidi-font-family:Symbol&quot;&gt;·&lt;span style=&quot;font-stretch: normal; font-size: 7pt; line-height: normal; font-family: \'Times New Roman\';&quot;&gt;&amp;nbsp;&amp;nbsp;&amp;nbsp;&amp;nbsp;&amp;nbsp;&amp;nbsp;&amp;nbsp;\r\n&lt;/span&gt;&lt;/span&gt;&lt;!--[endif]--&gt;Деринатом.&lt;/p&gt;&lt;p&gt;\r\n\r\n\r\n\r\n\r\n\r\n\r\n\r\n\r\n\r\n\r\n\r\n\r\n\r\n\r\n\r\n\r\n\r\n\r\n\r\n\r\n\r\n\r\n\r\n\r\n\r\n\r\n\r\n\r\n\r\n\r\n\r\n\r\n\r\n\r\n\r\n\r\n\r\n\r\n\r\n\r\n\r\n\r\n\r\n\r\n\r\n\r\n\r\n\r\n\r\n\r\n\r\n\r\n\r\n\r\n\r\n\r\n\r\n\r\n\r\n\r\n\r\n\r\n\r\n\r\n\r\n\r\n\r\n\r\n\r\n\r\n\r\n\r\n\r\n\r\n\r\n\r\n\r\n\r\n\r\n\r\n\r\n\r\n\r\n\r\n\r\n\r\n\r\n\r\n\r\n\r\n\r\n\r\n\r\n\r\n\r\n\r\n\r\n\r\n\r\n\r\n\r\n&lt;/p&gt;&lt;p class=&quot;MsoNormal&quot; style=&quot;margin-left:39.0pt;text-indent:-18.0pt;mso-list:l4 level1 lfo6;\r\ntab-stops:list 39.0pt&quot;&gt;&lt;!--[if !supportLists]--&gt;&lt;span style=&quot;font-family:Symbol;\r\nmso-fareast-font-family:Symbol;mso-bidi-font-family:Symbol&quot;&gt;·&lt;span style=&quot;font-stretch: normal; font-size: 7pt; line-height: normal; font-family: \'Times New Roman\';&quot;&gt;&amp;nbsp;&amp;nbsp;&amp;nbsp;&amp;nbsp;&amp;nbsp;&amp;nbsp;&amp;nbsp;\r\n&lt;/span&gt;&lt;/span&gt;&lt;!--[endif]--&gt;Метронидазолом.&lt;/p&gt;', 'Современные медицинские инновационные средства делают жизнь онкобольных более комфортной и увеличивает эффективность лечения', '');

-- --------------------------------------------------------

--
-- Структура таблицы `ts_news_tags`
--

CREATE TABLE IF NOT EXISTS `ts_news_tags` (
  `tags_id` int(11) NOT NULL AUTO_INCREMENT,
  `alias` varchar(255) NOT NULL,
  `name` varchar(255) NOT NULL,
  PRIMARY KEY (`tags_id`)
) ENGINE=InnoDB AUTO_INCREMENT=108 DEFAULT CHARSET=utf8;

--
-- Дамп данных таблицы `ts_news_tags`
--

INSERT INTO `ts_news_tags` (`tags_id`, `alias`, `name`) VALUES
(37, 'uxod_37', 'уход'),
(38, 'nejroxirurgiya_38', 'нейрохирургия'),
(39, 'skidka_39', 'скидка'),
(40, 'pozvonochnik_40', 'позвоночник'),
(41, '_41', ''),
(42, 'mikroinfuzionnyie-pompyi_42', 'микроинфузионные помпы'),
(43, 'kapelniczyi_43', ' капельницы'),
(44, 'lechenie-onkologii_44', ' лечение онкологии'),
(45, 'primenenie-portov_45', ' применение портов'),
(46, 'primenenie-mikrosfer_46', ' применение микросфер'),
(47, 'ximioembolizacziya_47', ' химиоэмболизация'),
(48, 'gastrostomicheskie-trubki_48', ' гастростомические трубки'),
(49, 'koleteks_49', ' колетекс'),
(50, 'enteralnoe-pitanie_50', 'энтеральное питание'),
(51, 'pitatelnyie-smesi_51', ' питательные смеси'),
(52, 'smesi-dlya-enteralnogo-pitaniya_52', ' смеси для энтерального питания'),
(53, 'vidyi-pitatelnyix-smesej_53', ' виды питательных смесей'),
(54, 'zondyi-dlya-vvedeniya-enteralnogo-pitaniya_54', ' зонды для введения энтерального питания'),
(55, 'nasosyi-dlya-vvedeniya-enteralnogo-pitaniya_55', ' насосы для введения энтерального питания'),
(56, 'bbraun_56', ' b.braun'),
(57, 'smesi-nutrikomprn_57', ' смеси нутрикомп\r\n'),
(58, 'vidyi-smesej_58', ' виды смесей'),
(59, 'zondyi_59', ' зонды'),
(60, 'nasosyi_60', ' насосы'),
(61, 'uxod-za-lezhachim-bolnyim_61', 'уход за лежачим больным'),
(62, 'lezhachij-paczient_62', ' лежачий пациент'),
(63, 'ogranichennaya-podvizhnost_63', ' ограниченная подвижность'),
(64, 'sredstva-po-uxodu_64', ' средства по уходу'),
(65, 'podguzniki_65', ' подгузники'),
(66, 'salfetki_66', ' салфетки'),
(67, 'penoobrazuyushhaya-gubka_67', ' пенообразующая губка'),
(68, 'shapochka-dlya-myitya-golovyi_68', ' шапочка для мытья головы'),
(69, 'pena-sage_69', ' пена sage'),
(70, 'toniziruyushhaya-zhidkost_70', ' тонизирующая жидкость'),
(71, 'rezinovaya-vannochka_71', ' резиновая ванночка'),
(72, 'endoskopicheskie-operaczii_72', 'эндоскопические операции'),
(73, 'endoskopiya_73', ' эндоскопия'),
(74, 'preimushhestva-endoskopii_74', ' преимущества эндоскопии'),
(75, 'maloinvazionnyie-vmeshatelstva_75', ' малоинвазионные вмешательства'),
(76, 'endoskopicheskie-instrumentyi_76', ' эндоскопические инструменты'),
(77, 'ethicon_77', ' ethicon'),
(78, 'endoskop_78', ' эндоскоп'),
(79, 'laparoskop_79', ' лапароскоп'),
(80, 'troakar_80', ' троакар'),
(81, 'klipsa_81', ' клипса'),
(82, 'klipapplikator_82', ' клипаппликатор'),
(83, 'sshivayushhie-preparatyi_83', ' сшивающие препараты'),
(84, 'mediczinskaya-skoba_84', ' медицинская скоба'),
(85, 'ultrazvukovoj-skalpel_85', ' ультразвуковой скальпель'),
(86, 'kozhnyij-klej_86', ' кожный клей'),
(87, 'vspomogatelnyie-instrumentyi_87', ' вспомогательные инструменты'),
(88, 'zazhim-bebkoka_88', ' зажим бебкока'),
(89, 'grasper-bebkoka_89', ' граспер бэбкока'),
(90, 'dissektor_90', ' диссектор'),
(91, 'nederzhanie-mochi_91', 'недержание мочи'),
(92, 'podtekanie-mochi_92', ' подтекание мочи'),
(93, 'prichinyi-nederzhaniya_93', ' причины недержания'),
(94, 'vidyi-nederzhaniya_94', ' виды недержания'),
(95, 'lechenie-nederzhaniya_95', ' лечение недержания'),
(96, 'tvt_96', ' tvt'),
(97, 'tvt-o_97', ' tvt-о'),
(98, 'slingovyie-operaczii_98', ' слинговые операции'),
(99, 'sinteticheskaya-petlya_99', ' синтетическая петля'),
(100, 'tvt-obturator_100', ' твт-обтуратор'),
(101, 'gynecare-tvt-abbrevo_101', ' gynecare tvt abbrevo'),
(102, 'gynecare-tvt-exact_102', ' gynecare tvt exact'),
(103, 'tvt-obturator-ethicon-endo_103', ' tvt obturator ethicon endo'),
(104, 'preimushhestva_104', ' преимущества'),
(105, 'instrumentyi_105', ' инструменты'),
(106, 'endoskopiya_106', 'эндоскопия'),
(107, 'operaczii_107', ' операции');

-- --------------------------------------------------------

--
-- Структура таблицы `ts_news_tags_id`
--

CREATE TABLE IF NOT EXISTS `ts_news_tags_id` (
  `tags_id` int(11) NOT NULL,
  `news_id` int(11) NOT NULL,
  KEY `tags_id` (`tags_id`),
  KEY `news_id` (`news_id`)
) ENGINE=InnoDB DEFAULT CHARSET=utf8;

--
-- Дамп данных таблицы `ts_news_tags_id`
--

INSERT INTO `ts_news_tags_id` (`tags_id`, `news_id`) VALUES
(41, 6),
(37, 4),
(38, 4),
(37, 2),
(39, 2),
(38, 5),
(37, 3),
(38, 3),
(40, 3),
(37, 1),
(40, 1),
(91, 13),
(92, 13),
(93, 13),
(94, 13),
(95, 13),
(96, 13),
(97, 13),
(98, 13),
(99, 13),
(100, 13),
(101, 13),
(102, 13),
(103, 13),
(61, 12),
(62, 12),
(63, 12),
(64, 12),
(65, 12),
(66, 12),
(67, 12),
(68, 12),
(69, 12),
(70, 12),
(71, 12),
(106, 8),
(107, 8),
(75, 8),
(105, 8),
(77, 8),
(78, 8),
(79, 8),
(80, 8),
(81, 8),
(82, 8),
(84, 8),
(85, 8),
(86, 8),
(88, 8),
(89, 8),
(90, 8),
(50, 14),
(51, 14),
(58, 14),
(59, 14),
(60, 14),
(56, 14),
(57, 14),
(42, 15),
(43, 15),
(44, 15),
(45, 15),
(46, 15),
(47, 15),
(48, 15),
(49, 15);

-- --------------------------------------------------------

--
-- Структура таблицы `ts_option`
--

CREATE TABLE IF NOT EXISTS `ts_option` (
  `option_id` int(11) NOT NULL AUTO_INCREMENT,
  `type` varchar(32) NOT NULL,
  `sort_order` int(3) NOT NULL,
  PRIMARY KEY (`option_id`)
) ENGINE=MyISAM AUTO_INCREMENT=14 DEFAULT CHARSET=utf8;

--
-- Дамп данных таблицы `ts_option`
--

INSERT INTO `ts_option` (`option_id`, `type`, `sort_order`) VALUES
(1, 'radio', 1),
(2, 'checkbox', 2),
(4, 'text', 3),
(5, 'select', 4),
(6, 'textarea', 5),
(7, 'file', 6),
(8, 'date', 7),
(9, 'time', 8),
(10, 'datetime', 9),
(11, 'select', 10),
(12, 'date', 11),
(13, 'select', 0);

-- --------------------------------------------------------

--
-- Структура таблицы `ts_option_description`
--

CREATE TABLE IF NOT EXISTS `ts_option_description` (
  `option_id` int(11) NOT NULL,
  `language_id` int(11) NOT NULL,
  `name` varchar(128) NOT NULL,
  PRIMARY KEY (`option_id`,`language_id`)
) ENGINE=MyISAM DEFAULT CHARSET=utf8;

--
-- Дамп данных таблицы `ts_option_description`
--

INSERT INTO `ts_option_description` (`option_id`, `language_id`, `name`) VALUES
(1, 2, 'Radio'),
(2, 2, 'Checkbox'),
(4, 2, 'Text'),
(6, 2, 'Textarea'),
(8, 2, 'Date'),
(7, 2, 'File'),
(5, 2, 'Select'),
(9, 2, 'Time'),
(10, 2, 'Date &amp; Time'),
(12, 2, 'Delivery Date'),
(11, 2, 'Размер'),
(13, 2, 'Литраж');

-- --------------------------------------------------------

--
-- Структура таблицы `ts_option_value`
--

CREATE TABLE IF NOT EXISTS `ts_option_value` (
  `option_value_id` int(11) NOT NULL AUTO_INCREMENT,
  `option_id` int(11) NOT NULL,
  `image` varchar(255) NOT NULL,
  `sort_order` int(3) NOT NULL,
  PRIMARY KEY (`option_value_id`)
) ENGINE=MyISAM AUTO_INCREMENT=159 DEFAULT CHARSET=utf8;

--
-- Дамп данных таблицы `ts_option_value`
--

INSERT INTO `ts_option_value` (`option_value_id`, `option_id`, `image`, `sort_order`) VALUES
(43, 1, '', 3),
(32, 1, '', 1),
(45, 2, '', 4),
(44, 2, '', 3),
(42, 5, '', 4),
(41, 5, '', 3),
(39, 5, '', 1),
(40, 5, '', 2),
(31, 1, '', 2),
(23, 2, '', 1),
(24, 2, '', 2),
(84, 11, '', 4),
(142, 11, '', 3),
(48, 11, '', 3),
(55, 11, '', 3),
(50, 11, '', 2),
(51, 13, '', 0),
(52, 13, '', 0),
(54, 11, '', 2),
(141, 11, '', 2),
(47, 11, '', 2),
(57, 11, '', 2),
(46, 11, '', 1),
(56, 11, '', 1),
(49, 11, '', 1),
(53, 11, '', 1),
(109, 11, '', 0),
(66, 11, '', 0),
(60, 11, '', 0),
(83, 11, '', 0),
(100, 11, '', 0),
(128, 11, '', 0),
(92, 11, '', 0),
(89, 11, '', 0),
(118, 11, '', 0),
(58, 11, '', 0),
(103, 11, '', 0),
(102, 11, '', 0),
(61, 11, '', 0),
(143, 11, '', 0),
(144, 11, '', 0),
(94, 11, '', 0),
(78, 11, '', 0),
(155, 11, '', 0),
(70, 11, '', 0),
(59, 11, '', 0),
(123, 11, '', 0),
(138, 11, '', 0),
(136, 11, '', 0),
(68, 11, '', 0),
(76, 11, '', 0),
(93, 11, '', 0),
(112, 11, '', 0),
(63, 11, '', 0),
(150, 11, '', 0),
(79, 11, '', 0),
(90, 11, '', 0),
(105, 11, '', 0),
(86, 11, '', 0),
(67, 11, '', 0),
(137, 11, '', 0),
(135, 11, '', 0),
(153, 11, '', 0),
(91, 11, '', 0),
(77, 11, '', 0),
(158, 11, '', 0),
(149, 11, '', 0),
(124, 11, '', 0),
(75, 11, '', 0),
(130, 11, '', 0),
(132, 11, '', 0),
(131, 11, '', 0),
(115, 11, '', 0),
(88, 11, '', 0),
(119, 11, '', 0),
(95, 11, '', 0),
(72, 11, '', 0),
(154, 11, '', 0),
(129, 11, '', 0),
(148, 11, '', 0),
(147, 11, '', 0),
(146, 11, '', 0),
(145, 11, '', 0),
(116, 11, '', 0),
(101, 11, '', 0),
(139, 11, '', 0),
(133, 11, '', 0),
(80, 11, '', 0),
(117, 11, '', 0),
(87, 11, '', 0),
(114, 11, '', 0),
(127, 11, '', 0),
(82, 11, '', 0),
(96, 11, '', 0),
(98, 11, '', 0),
(104, 11, '', 0),
(108, 11, '', 0),
(110, 11, '', 0),
(113, 11, '', 0),
(126, 11, '', 0),
(157, 11, '', 0),
(99, 11, '', 0),
(107, 11, '', 0),
(152, 11, '', 0),
(73, 11, '', 0),
(69, 11, '', 0),
(121, 11, '', 0),
(122, 11, '', 0),
(97, 11, '', 0),
(111, 11, '', 0),
(151, 11, '', 0),
(125, 11, '', 0),
(156, 11, '', 0),
(85, 11, '', 0),
(81, 11, '', 0);

-- --------------------------------------------------------

--
-- Структура таблицы `ts_option_value_description`
--

CREATE TABLE IF NOT EXISTS `ts_option_value_description` (
  `option_value_id` int(11) NOT NULL,
  `language_id` int(11) NOT NULL,
  `option_id` int(11) NOT NULL,
  `name` varchar(128) NOT NULL,
  PRIMARY KEY (`option_value_id`,`language_id`)
) ENGINE=MyISAM DEFAULT CHARSET=utf8;

--
-- Дамп данных таблицы `ts_option_value_description`
--

INSERT INTO `ts_option_value_description` (`option_value_id`, `language_id`, `option_id`, `name`) VALUES
(43, 2, 1, 'Large'),
(32, 2, 1, 'Small'),
(45, 2, 2, 'Checkbox 4'),
(44, 2, 2, 'Checkbox 3'),
(31, 2, 1, 'Medium'),
(42, 2, 5, 'Yellow'),
(41, 2, 5, 'Green'),
(39, 2, 5, 'Red'),
(40, 2, 5, 'Blue'),
(23, 2, 2, 'Checkbox 1'),
(24, 2, 2, 'Checkbox 2'),
(84, 2, 11, '14 FR'),
(51, 2, 13, '10 мл'),
(52, 2, 13, '20 мл'),
(142, 2, 11, '24 FR'),
(48, 2, 11, '45 х 45 см'),
(55, 2, 11, '12 - 25 кг'),
(50, 2, 11, '19 x 25'),
(54, 2, 11, '8 - 18 кг'),
(141, 2, 11, '20 FR'),
(47, 2, 11, '30 х 30 см'),
(57, 2, 11, '10 х 20 см'),
(46, 2, 11, '15 х 15 см'),
(56, 2, 11, '7,5см х 12,5см'),
(49, 2, 11, '19 x20мм'),
(53, 2, 11, '5 - 9 кг'),
(109, 2, 11, 'S'),
(66, 2, 11, 'СН 8'),
(83, 2, 11, '12 FR'),
(60, 2, 11, '7,6 х 10,2 см'),
(100, 2, 11, '5 х 75 см'),
(128, 2, 11, 'D7см L2см'),
(92, 2, 11, '9,0 мл'),
(89, 2, 11, '7,5 мл'),
(118, 2, 11, 'D12 ммL100 мм'),
(58, 2, 11, '10 x 15 см '),
(103, 2, 11, 'от 8 до 100 мм'),
(102, 2, 11, '12 х 15 см'),
(61, 2, 11, ' 20 мл в одном шприце'),
(143, 2, 11, '5 мм'),
(144, 2, 11, '10 мм'),
(94, 2, 11, '5 х 20 см'),
(78, 2, 11, 'СН 22'),
(155, 2, 11, '20Gx25мм'),
(70, 2, 11, 'СН 16'),
(59, 2, 11, '25 X 25 см   '),
(123, 2, 11, '111-170 мм'),
(138, 2, 11, '9 FR'),
(136, 2, 11, '7 FR'),
(68, 2, 11, 'СН 12'),
(76, 2, 11, 'CH 10 '),
(93, 2, 11, '10,0 мл'),
(112, 2, 11, 'XL'),
(150, 2, 11, '6'),
(63, 2, 11, ' 5 см x 5 см'),
(90, 2, 11, '8,0 мл'),
(79, 2, 11, 'СН 20'),
(105, 2, 11, '45 мм'),
(86, 2, 11, '6,0 мл'),
(67, 2, 11, 'СН 10'),
(137, 2, 11, '8 FR'),
(135, 2, 11, '6 FR'),
(153, 2, 11, 'Большой'),
(91, 2, 11, '8,5 мл'),
(77, 2, 11, 'CH 6'),
(158, 2, 11, 'Выбрать'),
(149, 2, 11, '5'),
(124, 2, 11, 'D5мм L4мм'),
(75, 2, 11, 'CH 8'),
(130, 2, 11, '15-54 мм вод.ст'),
(132, 2, 11, '95-144 мм вод.ст'),
(131, 2, 11, '55-94 мм вод.ст'),
(115, 2, 11, 'D5ммL75 мм '),
(88, 2, 11, '7,0 мл'),
(119, 2, 11, 'D 15 мм L 100 мм'),
(95, 2, 11, '6 х 10 см'),
(72, 2, 11, 'СН 20'),
(154, 2, 11, '20Gx20мм'),
(129, 2, 11, 'D7см L3см'),
(148, 2, 11, '4'),
(147, 2, 11, '3'),
(146, 2, 11, '2'),
(145, 2, 11, '1'),
(116, 2, 11, 'D5ммL100 мм '),
(101, 2, 11, '12 х 6 см'),
(139, 2, 11, '10,5 FR'),
(133, 2, 11, 'CH 9'),
(80, 2, 11, 'CH 7'),
(117, 2, 11, 'D11ммL 100 мм'),
(87, 2, 11, '6,5 мл'),
(114, 2, 11, 'CH 18'),
(127, 2, 11, 'D5см L3см'),
(96, 2, 11, '10 х 14 см'),
(82, 2, 11, '5 мл'),
(98, 2, 11, '9 х 25 см'),
(104, 2, 11, '20 мл'),
(108, 2, 11, '10 смх3м'),
(110, 2, 11, 'M'),
(113, 2, 11, '4 х 12,5 см'),
(126, 2, 11, 'D5см L2см'),
(157, 2, 11, '19Gx25 мм'),
(99, 2, 11, '10 х 18 см'),
(107, 2, 11, '6смх3м'),
(152, 2, 11, 'Средний'),
(73, 2, 11, '10 х 10 см'),
(69, 2, 11, 'СН 14'),
(122, 2, 11, '51-110 мм'),
(121, 2, 11, '5-50 мм'),
(97, 2, 11, '9 х 35 см'),
(111, 2, 11, 'L'),
(151, 2, 11, 'Малый'),
(156, 2, 11, '19Gx20 мм'),
(125, 2, 11, 'D7мм L4мм'),
(85, 2, 11, '1 мл'),
(81, 2, 11, '2 мл');

-- --------------------------------------------------------

--
-- Структура таблицы `ts_order`
--

CREATE TABLE IF NOT EXISTS `ts_order` (
  `order_id` int(11) NOT NULL AUTO_INCREMENT,
  `invoice_no` int(11) NOT NULL DEFAULT '0',
  `invoice_prefix` varchar(26) NOT NULL,
  `store_id` int(11) NOT NULL DEFAULT '0',
  `store_name` varchar(64) NOT NULL,
  `store_url` varchar(255) NOT NULL,
  `customer_id` int(11) NOT NULL DEFAULT '0',
  `customer_group_id` int(11) NOT NULL DEFAULT '0',
  `firstname` varchar(32) NOT NULL,
  `lastname` varchar(32) NOT NULL,
  `email` varchar(96) NOT NULL,
  `telephone` varchar(32) NOT NULL,
  `fax` varchar(32) NOT NULL,
  `custom_field` text NOT NULL,
  `payment_firstname` varchar(32) NOT NULL,
  `payment_lastname` varchar(32) NOT NULL,
  `payment_company` varchar(40) NOT NULL,
  `payment_address_1` varchar(128) NOT NULL,
  `payment_address_2` varchar(128) NOT NULL,
  `payment_city` varchar(128) NOT NULL,
  `payment_postcode` varchar(10) NOT NULL,
  `payment_country` varchar(128) NOT NULL,
  `payment_country_id` int(11) NOT NULL,
  `payment_zone` varchar(128) NOT NULL,
  `payment_zone_id` int(11) NOT NULL,
  `payment_address_format` text NOT NULL,
  `payment_custom_field` text NOT NULL,
  `payment_method` varchar(128) NOT NULL,
  `payment_code` varchar(128) NOT NULL,
  `shipping_firstname` varchar(32) NOT NULL,
  `shipping_lastname` varchar(32) NOT NULL,
  `shipping_company` varchar(40) NOT NULL,
  `shipping_address_1` varchar(128) NOT NULL,
  `shipping_address_2` varchar(128) NOT NULL,
  `shipping_city` varchar(128) NOT NULL,
  `shipping_postcode` varchar(10) NOT NULL,
  `shipping_country` varchar(128) NOT NULL,
  `shipping_country_id` int(11) NOT NULL,
  `shipping_zone` varchar(128) NOT NULL,
  `shipping_zone_id` int(11) NOT NULL,
  `shipping_address_format` text NOT NULL,
  `shipping_custom_field` text NOT NULL,
  `shipping_method` varchar(128) NOT NULL,
  `shipping_code` varchar(128) NOT NULL,
  `comment` text NOT NULL,
  `total` decimal(15,4) NOT NULL DEFAULT '0.0000',
  `order_status_id` int(11) NOT NULL DEFAULT '0',
  `affiliate_id` int(11) NOT NULL,
  `commission` decimal(15,4) NOT NULL,
  `marketing_id` int(11) NOT NULL,
  `tracking` varchar(64) NOT NULL,
  `language_id` int(11) NOT NULL,
  `currency_id` int(11) NOT NULL,
  `currency_code` varchar(3) NOT NULL,
  `currency_value` decimal(15,8) NOT NULL DEFAULT '1.00000000',
  `ip` varchar(40) NOT NULL,
  `forwarded_ip` varchar(40) NOT NULL,
  `user_agent` varchar(255) NOT NULL,
  `accept_language` varchar(255) NOT NULL,
  `date_added` datetime NOT NULL,
  `date_modified` datetime NOT NULL,
  PRIMARY KEY (`order_id`)
) ENGINE=MyISAM AUTO_INCREMENT=243 DEFAULT CHARSET=utf8;

--
-- Дамп данных таблицы `ts_order`
--

INSERT INTO `ts_order` (`order_id`, `invoice_no`, `invoice_prefix`, `store_id`, `store_name`, `store_url`, `customer_id`, `customer_group_id`, `firstname`, `lastname`, `email`, `telephone`, `fax`, `custom_field`, `payment_firstname`, `payment_lastname`, `payment_company`, `payment_address_1`, `payment_address_2`, `payment_city`, `payment_postcode`, `payment_country`, `payment_country_id`, `payment_zone`, `payment_zone_id`, `payment_address_format`, `payment_custom_field`, `payment_method`, `payment_code`, `shipping_firstname`, `shipping_lastname`, `shipping_company`, `shipping_address_1`, `shipping_address_2`, `shipping_city`, `shipping_postcode`, `shipping_country`, `shipping_country_id`, `shipping_zone`, `shipping_zone_id`, `shipping_address_format`, `shipping_custom_field`, `shipping_method`, `shipping_code`, `comment`, `total`, `order_status_id`, `affiliate_id`, `commission`, `marketing_id`, `tracking`, `language_id`, `currency_id`, `currency_code`, `currency_value`, `ip`, `forwarded_ip`, `user_agent`, `accept_language`, `date_added`, `date_modified`) VALUES
(182, 0, 'INV-2013-00', 0, 'Докторам и пациентам', 'http://doctorsplus.ru/', 0, 0, '', '', '', '', '', '', '', '', '', '', '', '', '', '', 0, '', 0, '', 'a:0:{}', 'Оплата наличными', 'cheque', '', '', '', '', '', '', '', '', 0, '', 0, '', 'a:0:{}', '', '', '', '5600.0000', 0, 0, '0.0000', 0, '', 2, 4, 'RUB', '1.00000000', '46.53.195.9', '46.53.195.9', 'Mozilla/5.0 (X11; Linux x86_64) AppleWebKit/537.36 (KHTML, like Gecko) Chrome/50.0.2661.94 Safari/537.36', 'ru-RU,ru;q=0.8,en-US;q=0.6,en;q=0.4', '2016-05-17 17:37:26', '2016-05-17 17:37:26'),
(181, 0, 'INV-2013-00', 0, 'Докторам и пациентам', 'http://doctorsplus.ru/', 0, 0, '', '', '', '', '', '', '', '', '', '', '', '', '', '', 0, '', 0, '', 'a:0:{}', 'Оплата наличными', 'cheque', '', '', '', '', '', '', '', '', 0, '', 0, '', 'a:0:{}', '', '', '', '5600.0000', 0, 0, '0.0000', 0, '', 2, 4, 'RUB', '1.00000000', '46.53.195.9', '46.53.195.9', 'Mozilla/5.0 (X11; Linux x86_64) AppleWebKit/537.36 (KHTML, like Gecko) Chrome/50.0.2661.94 Safari/537.36', 'ru-RU,ru;q=0.8,en-US;q=0.6,en;q=0.4', '2016-05-17 17:37:24', '2016-05-17 17:37:24'),
(180, 0, 'INV-2013-00', 0, 'Докторам и пациентам', 'http://doctorsplus.ru/', 0, 0, '', '', '', '', '', '', '', '', '', '', '', '', '', '', 0, '', 0, '', 'a:0:{}', 'Оплата наличными', 'cheque', '', '', '', '', '', '', '', '', 0, '', 0, '', 'a:0:{}', '', '', '', '5600.0000', 0, 0, '0.0000', 0, '', 2, 4, 'RUB', '1.00000000', '46.53.195.9', '46.53.195.9', 'Mozilla/5.0 (X11; Linux x86_64) AppleWebKit/537.36 (KHTML, like Gecko) Chrome/50.0.2661.94 Safari/537.36', 'ru-RU,ru;q=0.8,en-US;q=0.6,en;q=0.4', '2016-05-17 17:37:24', '2016-05-17 17:37:24'),
(179, 0, 'INV-2013-00', 0, 'Докторам и пациентам', 'http://doctorsplus.ru/', 0, 0, '', '', '', '', '', '', '', '', '', '', '', '', '', '', 0, '', 0, '', 'a:0:{}', 'Оплата наличными', 'cheque', '', '', '', '', '', '', '', '', 0, '', 0, '', 'a:0:{}', '', '', '', '5600.0000', 0, 0, '0.0000', 0, '', 2, 4, 'RUB', '1.00000000', '46.53.195.9', '46.53.195.9', 'Mozilla/5.0 (X11; Linux x86_64) AppleWebKit/537.36 (KHTML, like Gecko) Chrome/50.0.2661.94 Safari/537.36', 'ru-RU,ru;q=0.8,en-US;q=0.6,en;q=0.4', '2016-05-17 17:37:23', '2016-05-17 17:37:23'),
(177, 0, 'INV-2013-00', 0, 'Докторам и пациентам', 'http://doctorsplus.ru/', 0, 0, '', '', '', '', '', '', '', '', '', '', '', '', '', '', 0, '', 0, '', 'a:0:{}', 'Оплата наличными', 'cheque', '', '', '', '', '', '', '', '', 0, '', 0, '', 'a:0:{}', '', '', '', '5600.0000', 0, 0, '0.0000', 0, '', 2, 4, 'RUB', '1.00000000', '46.53.195.9', '46.53.195.9', 'Mozilla/5.0 (X11; Linux x86_64) AppleWebKit/537.36 (KHTML, like Gecko) Chrome/50.0.2661.94 Safari/537.36', 'ru-RU,ru;q=0.8,en-US;q=0.6,en;q=0.4', '2016-05-17 17:37:21', '2016-05-17 17:37:21'),
(178, 0, 'INV-2013-00', 0, 'Докторам и пациентам', 'http://doctorsplus.ru/', 0, 0, '', '', '', '', '', '', '', '', '', '', '', '', '', '', 0, '', 0, '', 'a:0:{}', 'Оплата наличными', 'cheque', '', '', '', '', '', '', '', '', 0, '', 0, '', 'a:0:{}', '', '', '', '5600.0000', 0, 0, '0.0000', 0, '', 2, 4, 'RUB', '1.00000000', '46.53.195.9', '46.53.195.9', 'Mozilla/5.0 (X11; Linux x86_64) AppleWebKit/537.36 (KHTML, like Gecko) Chrome/50.0.2661.94 Safari/537.36', 'ru-RU,ru;q=0.8,en-US;q=0.6,en;q=0.4', '2016-05-17 17:37:22', '2016-05-17 17:37:22'),
(176, 0, 'INV-2013-00', 0, 'Докторам и пациентам', 'http://doctorsplus.ru/', 0, 0, '', '', '', '', '', '', '', '', '', '', '', '', '', '', 0, '', 0, '', 'a:0:{}', 'Оплата наличными', 'cheque', '', '', '', '', '', '', '', '', 0, '', 0, '', 'a:0:{}', '', '', '', '5600.0000', 0, 0, '0.0000', 0, '', 2, 4, 'RUB', '1.00000000', '46.53.195.9', '46.53.195.9', 'Mozilla/5.0 (X11; Linux x86_64) AppleWebKit/537.36 (KHTML, like Gecko) Chrome/50.0.2661.94 Safari/537.36', 'ru-RU,ru;q=0.8,en-US;q=0.6,en;q=0.4', '2016-05-17 17:36:19', '2016-05-17 17:36:19'),
(175, 0, 'INV-2013-00', 0, 'Докторам и пациентам', 'http://doctorsplus.ru/', 0, 0, '', '', '', '', '', '', '', '', '', '', '', '', '', '', 0, '', 0, '', 'a:0:{}', 'Оплата наличными', 'cheque', '', '', '', '', '', '', '', '', 0, '', 0, '', 'a:0:{}', '', '', '', '5600.0000', 0, 0, '0.0000', 0, '', 2, 4, 'RUB', '1.00000000', '46.53.195.9', '46.53.195.9', 'Mozilla/5.0 (X11; Linux x86_64) AppleWebKit/537.36 (KHTML, like Gecko) Chrome/50.0.2661.94 Safari/537.36', 'ru-RU,ru;q=0.8,en-US;q=0.6,en;q=0.4', '2016-05-17 17:36:19', '2016-05-17 17:36:19'),
(173, 0, 'INV-2013-00', 0, 'Докторам и пациентам', 'http://doctorsplus.ru/', 0, 0, '', '', '', '', '', '', '', '', '', '', '', '', '', '', 0, '', 0, '', 'a:0:{}', 'Оплата наличными', 'cheque', '', '', '', '', '', '', '', '', 0, '', 0, '', 'a:0:{}', '', '', '', '5600.0000', 0, 0, '0.0000', 0, '', 2, 4, 'RUB', '1.00000000', '46.53.195.9', '46.53.195.9', 'Mozilla/5.0 (X11; Linux x86_64) AppleWebKit/537.36 (KHTML, like Gecko) Chrome/50.0.2661.94 Safari/537.36', 'ru-RU,ru;q=0.8,en-US;q=0.6,en;q=0.4', '2016-05-17 17:36:17', '2016-05-17 17:36:17'),
(174, 0, 'INV-2013-00', 0, 'Докторам и пациентам', 'http://doctorsplus.ru/', 0, 0, '', '', '', '', '', '', '', '', '', '', '', '', '', '', 0, '', 0, '', 'a:0:{}', 'Оплата наличными', 'cheque', '', '', '', '', '', '', '', '', 0, '', 0, '', 'a:0:{}', '', '', '', '5600.0000', 0, 0, '0.0000', 0, '', 2, 4, 'RUB', '1.00000000', '46.53.195.9', '46.53.195.9', 'Mozilla/5.0 (X11; Linux x86_64) AppleWebKit/537.36 (KHTML, like Gecko) Chrome/50.0.2661.94 Safari/537.36', 'ru-RU,ru;q=0.8,en-US;q=0.6,en;q=0.4', '2016-05-17 17:36:17', '2016-05-17 17:36:17'),
(172, 0, 'INV-2013-00', 0, 'Докторам и пациентам', 'http://doctorsplus.ru/', 0, 0, '', '', '', '', '', '', '', '', '', '', '', '', '', '', 0, '', 0, '', 'a:0:{}', 'Оплата наличными', 'cheque', '', '', '', '', '', '', '', '', 0, '', 0, '', 'a:0:{}', '', '', '', '5600.0000', 0, 0, '0.0000', 0, '', 2, 4, 'RUB', '1.00000000', '46.53.195.9', '46.53.195.9', 'Mozilla/5.0 (X11; Linux x86_64) AppleWebKit/537.36 (KHTML, like Gecko) Chrome/50.0.2661.94 Safari/537.36', 'ru-RU,ru;q=0.8,en-US;q=0.6,en;q=0.4', '2016-05-17 17:35:19', '2016-05-17 17:35:19'),
(171, 0, 'INV-2013-00', 0, 'Докторам и пациентам', 'http://doctorsplus.ru/', 0, 0, '', '', '', '', '', '', '', '', '', '', '', '', '', '', 0, '', 0, '', 'a:0:{}', 'Оплата наличными', 'cheque', '', '', '', '', '', '', '', '', 0, '', 0, '', 'a:0:{}', '', '', '', '5600.0000', 0, 0, '0.0000', 0, '', 2, 4, 'RUB', '1.00000000', '46.53.195.9', '46.53.195.9', 'Mozilla/5.0 (X11; Linux x86_64) AppleWebKit/537.36 (KHTML, like Gecko) Chrome/50.0.2661.94 Safari/537.36', 'ru-RU,ru;q=0.8,en-US;q=0.6,en;q=0.4', '2016-05-17 17:35:18', '2016-05-17 17:35:18'),
(169, 0, 'INV-2013-00', 0, 'Докторам и пациентам', 'http://doctorsplus.ru/', 0, 0, '', '', '', '', '', '', '', '', '', '', '', '', '', '', 0, '', 0, '', 'a:0:{}', 'Оплата наличными', 'cheque', '', '', '', '', '', '', '', '', 0, '', 0, '', 'a:0:{}', '', '', '', '5600.0000', 0, 0, '0.0000', 0, '', 2, 4, 'RUB', '1.00000000', '46.53.195.9', '46.53.195.9', 'Mozilla/5.0 (X11; Linux x86_64) AppleWebKit/537.36 (KHTML, like Gecko) Chrome/50.0.2661.94 Safari/537.36', 'ru-RU,ru;q=0.8,en-US;q=0.6,en;q=0.4', '2016-05-17 17:35:17', '2016-05-17 17:35:17'),
(170, 0, 'INV-2013-00', 0, 'Докторам и пациентам', 'http://doctorsplus.ru/', 0, 0, '', '', '', '', '', '', '', '', '', '', '', '', '', '', 0, '', 0, '', 'a:0:{}', 'Оплата наличными', 'cheque', '', '', '', '', '', '', '', '', 0, '', 0, '', 'a:0:{}', '', '', '', '5600.0000', 0, 0, '0.0000', 0, '', 2, 4, 'RUB', '1.00000000', '46.53.195.9', '46.53.195.9', 'Mozilla/5.0 (X11; Linux x86_64) AppleWebKit/537.36 (KHTML, like Gecko) Chrome/50.0.2661.94 Safari/537.36', 'ru-RU,ru;q=0.8,en-US;q=0.6,en;q=0.4', '2016-05-17 17:35:18', '2016-05-17 17:35:18'),
(168, 0, 'INV-2013-00', 0, 'Докторам и пациентам', 'http://doctorsplus.ru/', 0, 0, '', '', '', '', '', '', '', '', '', '', '', '', '', '', 0, '', 0, '', 'a:0:{}', 'Оплата наличными', 'cheque', '', '', '', '', '', '', '', '', 0, '', 0, '', 'a:0:{}', '', '', '', '5600.0000', 0, 0, '0.0000', 0, '', 2, 4, 'RUB', '1.00000000', '46.53.195.9', '46.53.195.9', 'Mozilla/5.0 (X11; Linux x86_64) AppleWebKit/537.36 (KHTML, like Gecko) Chrome/50.0.2661.94 Safari/537.36', 'ru-RU,ru;q=0.8,en-US;q=0.6,en;q=0.4', '2016-05-17 17:35:04', '2016-05-17 17:35:04'),
(167, 0, 'INV-2013-00', 0, 'Докторам и пациентам', 'http://doctorsplus.ru/', 0, 0, '', '', '', '', '', '', '', '', '', '', '', '', '', '', 0, '', 0, '', 'a:0:{}', 'Оплата наличными', 'cheque', '', '', '', '', '', '', '', '', 0, '', 0, '', 'a:0:{}', '', '', '', '5600.0000', 0, 0, '0.0000', 0, '', 2, 4, 'RUB', '1.00000000', '46.53.195.9', '46.53.195.9', 'Mozilla/5.0 (X11; Linux x86_64) AppleWebKit/537.36 (KHTML, like Gecko) Chrome/50.0.2661.94 Safari/537.36', 'ru-RU,ru;q=0.8,en-US;q=0.6,en;q=0.4', '2016-05-17 17:29:28', '2016-05-17 17:29:28'),
(166, 0, 'INV-2013-00', 0, 'Докторам и пациентам', 'http://doctorsplus.ru/', 0, 0, '', '', '', '', '', '', '', '', '', '', '', '', '', '', 0, '', 0, '', 'a:0:{}', 'Оплата наличными', 'cheque', '', '', '', '', '', '', '', '', 0, '', 0, '', 'a:0:{}', '', '', '', '5600.0000', 0, 0, '0.0000', 0, '', 2, 4, 'RUB', '1.00000000', '46.53.195.9', '46.53.195.9', 'Mozilla/5.0 (X11; Linux x86_64) AppleWebKit/537.36 (KHTML, like Gecko) Chrome/50.0.2661.94 Safari/537.36', 'ru-RU,ru;q=0.8,en-US;q=0.6,en;q=0.4', '2016-05-17 17:29:15', '2016-05-17 17:29:15'),
(165, 0, 'INV-2013-00', 0, 'Докторам и пациентам', 'http://doctorsplus.ru/', 0, 0, '', '', '', '', '', '', '', '', '', '', '', '', '', '', 0, '', 0, '', 'a:0:{}', 'Оплата наличными', 'cheque', '', '', '', '', '', '', '', '', 0, '', 0, '', 'a:0:{}', '', '', '', '5600.0000', 0, 0, '0.0000', 0, '', 2, 4, 'RUB', '1.00000000', '46.53.195.9', '46.53.195.9', 'Mozilla/5.0 (X11; Linux x86_64) AppleWebKit/537.36 (KHTML, like Gecko) Chrome/50.0.2661.94 Safari/537.36', 'ru-RU,ru;q=0.8,en-US;q=0.6,en;q=0.4', '2016-05-17 17:29:14', '2016-05-17 17:29:14'),
(164, 0, 'INV-2013-00', 0, 'Докторам и пациентам', 'http://doctorsplus.ru/', 0, 0, '', '', '', '', '', '', '', '', '', '', '', '', '', '', 0, '', 0, '', 'a:0:{}', 'Оплата наличными', 'cheque', '', '', '', '', '', '', '', '', 0, '', 0, '', 'a:0:{}', '', '', '', '5600.0000', 0, 0, '0.0000', 0, '', 2, 4, 'RUB', '1.00000000', '46.53.195.9', '46.53.195.9', 'Mozilla/5.0 (X11; Linux x86_64) AppleWebKit/537.36 (KHTML, like Gecko) Chrome/50.0.2661.94 Safari/537.36', 'ru-RU,ru;q=0.8,en-US;q=0.6,en;q=0.4', '2016-05-17 17:29:14', '2016-05-17 17:29:14'),
(163, 0, 'INV-2013-00', 0, 'Докторам и пациентам', 'http://doctorsplus.ru/', 0, 0, '', '', '', '', '', '', '', '', '', '', '', '', '', '', 0, '', 0, '', 'a:0:{}', 'Оплата наличными', 'cheque', '', '', '', '', '', '', '', '', 0, '', 0, '', 'a:0:{}', '', '', '', '5600.0000', 0, 0, '0.0000', 0, '', 2, 4, 'RUB', '1.00000000', '46.53.195.9', '46.53.195.9', 'Mozilla/5.0 (X11; Linux x86_64) AppleWebKit/537.36 (KHTML, like Gecko) Chrome/50.0.2661.94 Safari/537.36', 'ru-RU,ru;q=0.8,en-US;q=0.6,en;q=0.4', '2016-05-17 17:29:14', '2016-05-17 17:29:14'),
(162, 0, 'INV-2013-00', 0, 'Докторам и пациентам', 'http://doctorsplus.ru/', 0, 0, '', '', '', '', '', '', '', '', '', '', '', '', '', '', 0, '', 0, '', 'a:0:{}', 'Оплата наличными', 'cheque', '', '', '', '', '', '', '', '', 0, '', 0, '', 'a:0:{}', '', '', '', '5600.0000', 0, 0, '0.0000', 0, '', 2, 4, 'RUB', '1.00000000', '46.53.195.9', '46.53.195.9', 'Mozilla/5.0 (X11; Linux x86_64) AppleWebKit/537.36 (KHTML, like Gecko) Chrome/50.0.2661.94 Safari/537.36', 'ru-RU,ru;q=0.8,en-US;q=0.6,en;q=0.4', '2016-05-17 17:29:13', '2016-05-17 17:29:13'),
(161, 0, 'INV-2013-00', 0, 'Докторам и пациентам', 'http://doctorsplus.ru/', 0, 0, '', '', '', '', '', '', '', '', '', '', '', '', '', '', 0, '', 0, '', 'a:0:{}', 'Оплата наличными', 'cheque', '', '', '', '', '', '', '', '', 0, '', 0, '', 'a:0:{}', '', '', '', '5600.0000', 0, 0, '0.0000', 0, '', 2, 4, 'RUB', '1.00000000', '46.53.195.9', '46.53.195.9', 'Mozilla/5.0 (X11; Linux x86_64) AppleWebKit/537.36 (KHTML, like Gecko) Chrome/50.0.2661.94 Safari/537.36', 'ru-RU,ru;q=0.8,en-US;q=0.6,en;q=0.4', '2016-05-17 17:29:13', '2016-05-17 17:29:13'),
(159, 0, 'INV-2013-00', 0, 'Докторам и пациентам', 'http://doctorsplus.ru/', 0, 0, '', '', '', '', '', '', '', '', '', '', '', '', '', '', 0, '', 0, '', 'a:0:{}', 'Оплата наличными', 'cheque', '', '', '', '', '', '', '', '', 0, '', 0, '', 'a:0:{}', '', '', '', '5600.0000', 0, 0, '0.0000', 0, '', 2, 4, 'RUB', '1.00000000', '46.53.195.9', '46.53.195.9', 'Mozilla/5.0 (X11; Linux x86_64) AppleWebKit/537.36 (KHTML, like Gecko) Chrome/50.0.2661.94 Safari/537.36', 'ru-RU,ru;q=0.8,en-US;q=0.6,en;q=0.4', '2016-05-17 17:27:17', '2016-05-17 17:27:17'),
(160, 0, 'INV-2013-00', 0, 'Докторам и пациентам', 'http://doctorsplus.ru/', 0, 0, '', '', '', '', '', '', '', '', '', '', '', '', '', '', 0, '', 0, '', 'a:0:{}', 'Оплата наличными', 'cheque', '', '', '', '', '', '', '', '', 0, '', 0, '', 'a:0:{}', '', '', '', '5600.0000', 0, 0, '0.0000', 0, '', 2, 4, 'RUB', '1.00000000', '46.53.195.9', '46.53.195.9', 'Mozilla/5.0 (X11; Linux x86_64) AppleWebKit/537.36 (KHTML, like Gecko) Chrome/50.0.2661.94 Safari/537.36', 'ru-RU,ru;q=0.8,en-US;q=0.6,en;q=0.4', '2016-05-17 17:29:10', '2016-05-17 17:29:10'),
(158, 0, 'INV-2013-00', 0, 'Докторам и пациентам', 'http://doctorsplus.ru/', 0, 0, '', '', '', '', '', '', '', '', '', '', '', '', '', '', 0, '', 0, '', 'a:0:{}', 'Оплата наличными', 'cheque', '', '', '', '', '', '', '', '', 0, '', 0, '', 'a:0:{}', '', '', '', '5600.0000', 0, 0, '0.0000', 0, '', 2, 4, 'RUB', '1.00000000', '46.53.195.9', '46.53.195.9', 'Mozilla/5.0 (X11; Linux x86_64) AppleWebKit/537.36 (KHTML, like Gecko) Chrome/50.0.2661.94 Safari/537.36', 'ru-RU,ru;q=0.8,en-US;q=0.6,en;q=0.4', '2016-05-17 17:27:03', '2016-05-17 17:27:03'),
(156, 0, 'INV-2013-00', 0, 'Докторам и пациентам', 'http://doctorsplus.ru/', 0, 0, '', '', '', '', '', '', '', '', '', '', '', '', '', '', 0, '', 0, '', 'a:0:{}', 'Оплата наличными', 'cheque', '', '', '', '', '', '', '', '', 0, '', 0, '', 'a:0:{}', '', '', '', '5600.0000', 0, 0, '0.0000', 0, '', 2, 4, 'RUB', '1.00000000', '46.53.195.9', '46.53.195.9', 'Mozilla/5.0 (X11; Linux x86_64) AppleWebKit/537.36 (KHTML, like Gecko) Chrome/50.0.2661.94 Safari/537.36', 'ru-RU,ru;q=0.8,en-US;q=0.6,en;q=0.4', '2016-05-17 17:27:01', '2016-05-17 17:27:01'),
(157, 0, 'INV-2013-00', 0, 'Докторам и пациентам', 'http://doctorsplus.ru/', 0, 0, '', '', '', '', '', '', '', '', '', '', '', '', '', '', 0, '', 0, '', 'a:0:{}', 'Оплата наличными', 'cheque', '', '', '', '', '', '', '', '', 0, '', 0, '', 'a:0:{}', '', '', '', '5600.0000', 0, 0, '0.0000', 0, '', 2, 4, 'RUB', '1.00000000', '46.53.195.9', '46.53.195.9', 'Mozilla/5.0 (X11; Linux x86_64) AppleWebKit/537.36 (KHTML, like Gecko) Chrome/50.0.2661.94 Safari/537.36', 'ru-RU,ru;q=0.8,en-US;q=0.6,en;q=0.4', '2016-05-17 17:27:02', '2016-05-17 17:27:02'),
(155, 0, 'INV-2013-00', 0, 'Докторам и пациентам', 'http://doctorsplus.ru/', 0, 0, '', '', '', '', '', '', '', '', '', '', '', '', '', '', 0, '', 0, '', 'a:0:{}', 'Оплата наличными', 'cheque', '', '', '', '', '', '', '', '', 0, '', 0, '', 'a:0:{}', '', '', '', '5600.0000', 0, 0, '0.0000', 0, '', 2, 4, 'RUB', '1.00000000', '46.53.195.9', '46.53.195.9', 'Mozilla/5.0 (X11; Linux x86_64) AppleWebKit/537.36 (KHTML, like Gecko) Chrome/50.0.2661.94 Safari/537.36', 'ru-RU,ru;q=0.8,en-US;q=0.6,en;q=0.4', '2016-05-17 17:27:01', '2016-05-17 17:27:01'),
(154, 0, 'INV-2013-00', 0, 'Докторам и пациентам', 'http://doctorsplus.ru/', 0, 0, '', '', '', '', '', '', '', '', '', '', '', '', '', '', 0, '', 0, '', 'a:0:{}', 'Оплата наличными', 'cheque', '', '', '', '', '', '', '', '', 0, '', 0, '', 'a:0:{}', '', '', '', '5600.0000', 0, 0, '0.0000', 0, '', 2, 4, 'RUB', '1.00000000', '46.53.195.9', '46.53.195.9', 'Mozilla/5.0 (X11; Linux x86_64) AppleWebKit/537.36 (KHTML, like Gecko) Chrome/50.0.2661.94 Safari/537.36', 'ru-RU,ru;q=0.8,en-US;q=0.6,en;q=0.4', '2016-05-17 17:27:00', '2016-05-17 17:27:00'),
(153, 0, 'INV-2013-00', 0, 'Докторам и пациентам', 'http://doctorsplus.ru/', 0, 0, '', '', '', '', '', '', '', '', '', '', '', '', '', '', 0, '', 0, '', 'a:0:{}', 'Оплата наличными', 'cheque', '', '', '', '', '', '', '', '', 0, '', 0, '', 'a:0:{}', '', '', '', '5600.0000', 0, 0, '0.0000', 0, '', 2, 4, 'RUB', '1.00000000', '46.53.195.9', '46.53.195.9', 'Mozilla/5.0 (X11; Linux x86_64) AppleWebKit/537.36 (KHTML, like Gecko) Chrome/50.0.2661.94 Safari/537.36', 'ru-RU,ru;q=0.8,en-US;q=0.6,en;q=0.4', '2016-05-17 17:27:00', '2016-05-17 17:27:00'),
(152, 0, 'INV-2013-00', 0, 'Докторам и пациентам', 'http://doctorsplus.ru/', 0, 0, '', '', '', '', '', '', '', '', '', '', '', '', '', '', 0, '', 0, '', 'a:0:{}', 'Оплата наличными', 'cheque', '', '', '', '', '', '', '', '', 0, '', 0, '', 'a:0:{}', '', '', '', '5600.0000', 0, 0, '0.0000', 0, '', 2, 4, 'RUB', '1.00000000', '46.53.195.9', '46.53.195.9', 'Mozilla/5.0 (X11; Linux x86_64) AppleWebKit/537.36 (KHTML, like Gecko) Chrome/50.0.2661.94 Safari/537.36', 'ru-RU,ru;q=0.8,en-US;q=0.6,en;q=0.4', '2016-05-17 17:26:59', '2016-05-17 17:26:59'),
(151, 0, 'INV-2013-00', 0, 'Докторам и пациентам', 'http://doctorsplus.ru/', 0, 0, '', '', '', '', '', '', '', '', '', '', '', '', '', '', 0, '', 0, '', 'a:0:{}', 'Оплата наличными', 'cheque', '', '', '', '', '', '', '', '', 0, '', 0, '', 'a:0:{}', '', '', '', '5600.0000', 0, 0, '0.0000', 0, '', 2, 4, 'RUB', '1.00000000', '46.53.195.9', '46.53.195.9', 'Mozilla/5.0 (X11; Linux x86_64) AppleWebKit/537.36 (KHTML, like Gecko) Chrome/50.0.2661.94 Safari/537.36', 'ru-RU,ru;q=0.8,en-US;q=0.6,en;q=0.4', '2016-05-17 17:26:59', '2016-05-17 17:26:59'),
(150, 0, 'INV-2013-00', 0, 'Докторам и пациентам', 'http://doctorsplus.ru/', 0, 0, '', '', '', '', '', '', '', '', '', '', '', '', '', '', 0, '', 0, '', 'a:0:{}', 'Оплата наличными', 'cheque', '', '', '', '', '', '', '', '', 0, '', 0, '', 'a:0:{}', '', '', '', '5600.0000', 0, 0, '0.0000', 0, '', 2, 4, 'RUB', '1.00000000', '46.53.195.9', '46.53.195.9', 'Mozilla/5.0 (X11; Linux x86_64) AppleWebKit/537.36 (KHTML, like Gecko) Chrome/50.0.2661.94 Safari/537.36', 'ru-RU,ru;q=0.8,en-US;q=0.6,en;q=0.4', '2016-05-17 17:23:40', '2016-05-17 17:23:40'),
(149, 0, 'INV-2013-00', 0, 'Докторам и пациентам', 'http://doctorsplus.ru/', 0, 0, '', '', '', '', '', '', '', '', '', '', '', '', '', '', 0, '', 0, '', 'a:0:{}', 'Оплата наличными', 'cheque', '', '', '', '', '', '', '', '', 0, '', 0, '', 'a:0:{}', '', '', '', '5600.0000', 0, 0, '0.0000', 0, '', 2, 4, 'RUB', '1.00000000', '46.53.195.9', '46.53.195.9', 'Mozilla/5.0 (X11; Linux x86_64) AppleWebKit/537.36 (KHTML, like Gecko) Chrome/50.0.2661.94 Safari/537.36', 'ru-RU,ru;q=0.8,en-US;q=0.6,en;q=0.4', '2016-05-17 17:23:40', '2016-05-17 17:23:40'),
(148, 0, 'INV-2013-00', 0, 'Докторам и пациентам', 'http://doctorsplus.ru/', 0, 0, '', '', '', '', '', '', '', '', '', '', '', '', '', '', 0, '', 0, '', 'a:0:{}', 'Оплата наличными', 'cheque', '', '', '', '', '', '', '', '', 0, '', 0, '', 'a:0:{}', '', '', '', '5600.0000', 0, 0, '0.0000', 0, '', 2, 4, 'RUB', '1.00000000', '46.53.195.9', '46.53.195.9', 'Mozilla/5.0 (X11; Linux x86_64) AppleWebKit/537.36 (KHTML, like Gecko) Chrome/50.0.2661.94 Safari/537.36', 'ru-RU,ru;q=0.8,en-US;q=0.6,en;q=0.4', '2016-05-17 17:23:38', '2016-05-17 17:23:38'),
(147, 0, 'INV-2013-00', 0, 'Докторам и пациентам', 'http://doctorsplus.ru/', 0, 0, '', '', '', '', '', '', '', '', '', '', '', '', '', '', 0, '', 0, '', 'a:0:{}', 'Оплата наличными', 'cheque', '', '', '', '', '', '', '', '', 0, '', 0, '', 'a:0:{}', '', '', '', '5600.0000', 0, 0, '0.0000', 0, '', 2, 4, 'RUB', '1.00000000', '46.53.195.9', '46.53.195.9', 'Mozilla/5.0 (X11; Linux x86_64) AppleWebKit/537.36 (KHTML, like Gecko) Chrome/50.0.2661.94 Safari/537.36', 'ru-RU,ru;q=0.8,en-US;q=0.6,en;q=0.4', '2016-05-17 17:23:38', '2016-05-17 17:23:38'),
(146, 0, 'INV-2013-00', 0, 'Докторам и пациентам', 'http://doctorsplus.ru/', 0, 0, '', '', '', '', '', '', '', '', '', '', '', '', '', '', 0, '', 0, '', 'a:0:{}', 'Оплата наличными', 'cheque', '', '', '', '', '', '', '', '', 0, '', 0, '', 'a:0:{}', '', '', '', '5600.0000', 0, 0, '0.0000', 0, '', 2, 4, 'RUB', '1.00000000', '46.53.195.9', '46.53.195.9', 'Mozilla/5.0 (X11; Linux x86_64) AppleWebKit/537.36 (KHTML, like Gecko) Chrome/50.0.2661.94 Safari/537.36', 'ru-RU,ru;q=0.8,en-US;q=0.6,en;q=0.4', '2016-05-17 17:23:37', '2016-05-17 17:23:37'),
(145, 0, 'INV-2013-00', 0, 'Докторам и пациентам', 'http://doctorsplus.ru/', 0, 0, '', '', '', '', '', '', '', '', '', '', '', '', '', '', 0, '', 0, '', 'a:0:{}', 'Оплата наличными', 'cheque', '', '', '', '', '', '', '', '', 0, '', 0, '', 'a:0:{}', '', '', '', '5600.0000', 0, 0, '0.0000', 0, '', 2, 4, 'RUB', '1.00000000', '46.53.195.9', '46.53.195.9', 'Mozilla/5.0 (X11; Linux x86_64) AppleWebKit/537.36 (KHTML, like Gecko) Chrome/50.0.2661.94 Safari/537.36', 'ru-RU,ru;q=0.8,en-US;q=0.6,en;q=0.4', '2016-05-17 17:23:36', '2016-05-17 17:23:36'),
(144, 0, 'INV-2013-00', 0, 'Докторам и пациентам', 'http://doctorsplus.ru/', 0, 0, '', '', '', '', '', '', '', '', '', '', '', '', '', '', 0, '', 0, '', 'a:0:{}', 'Оплата наличными', 'cheque', '', '', '', '', '', '', '', '', 0, '', 0, '', 'a:0:{}', '', '', '', '5600.0000', 0, 0, '0.0000', 0, '', 2, 4, 'RUB', '1.00000000', '46.53.195.9', '46.53.195.9', 'Mozilla/5.0 (X11; Linux x86_64) AppleWebKit/537.36 (KHTML, like Gecko) Chrome/50.0.2661.94 Safari/537.36', 'ru-RU,ru;q=0.8,en-US;q=0.6,en;q=0.4', '2016-05-17 17:23:36', '2016-05-17 17:23:36'),
(143, 0, 'INV-2013-00', 0, 'Докторам и пациентам', 'http://doctorsplus.ru/', 0, 0, '', '', '', '', '', '', '', '', '', '', '', '', '', '', 0, '', 0, '', 'a:0:{}', 'Оплата наличными', 'cheque', '', '', '', '', '', '', '', '', 0, '', 0, '', 'a:0:{}', '', '', '', '5600.0000', 0, 0, '0.0000', 0, '', 2, 4, 'RUB', '1.00000000', '46.53.195.9', '46.53.195.9', 'Mozilla/5.0 (X11; Linux x86_64) AppleWebKit/537.36 (KHTML, like Gecko) Chrome/50.0.2661.94 Safari/537.36', 'ru-RU,ru;q=0.8,en-US;q=0.6,en;q=0.4', '2016-05-17 17:23:35', '2016-05-17 17:23:35'),
(141, 0, 'INV-2013-00', 0, 'Докторам и пациентам', 'http://doctorsplus.ru/', 0, 0, '', '', '', '', '', '', '', '', '', '', '', '', '', '', 0, '', 0, '', 'a:0:{}', 'Оплата наличными', 'cheque', '', '', '', '', '', '', '', '', 0, '', 0, '', 'a:0:{}', '', '', '', '5600.0000', 0, 0, '0.0000', 0, '', 2, 4, 'RUB', '1.00000000', '46.53.195.9', '46.53.195.9', 'Mozilla/5.0 (X11; Linux x86_64) AppleWebKit/537.36 (KHTML, like Gecko) Chrome/50.0.2661.94 Safari/537.36', 'ru-RU,ru;q=0.8,en-US;q=0.6,en;q=0.4', '2016-05-17 17:21:51', '2016-05-17 17:21:51'),
(142, 0, 'INV-2013-00', 0, 'Докторам и пациентам', 'http://doctorsplus.ru/', 0, 0, '', '', '', '', '', '', '', '', '', '', '', '', '', '', 0, '', 0, '', 'a:0:{}', 'Оплата наличными', 'cheque', '', '', '', '', '', '', '', '', 0, '', 0, '', 'a:0:{}', '', '', '', '5600.0000', 0, 0, '0.0000', 0, '', 2, 4, 'RUB', '1.00000000', '46.53.195.9', '46.53.195.9', 'Mozilla/5.0 (X11; Linux x86_64) AppleWebKit/537.36 (KHTML, like Gecko) Chrome/50.0.2661.94 Safari/537.36', 'ru-RU,ru;q=0.8,en-US;q=0.6,en;q=0.4', '2016-05-17 17:23:34', '2016-05-17 17:23:34'),
(140, 0, 'INV-2013-00', 0, 'Докторам и пациентам', 'http://doctorsplus.ru/', 0, 0, '', '', '', '', '', '', '', '', '', '', '', '', '', '', 0, '', 0, '', 'a:0:{}', 'Оплата наличными', 'cheque', '', '', '', '', '', '', '', '', 0, '', 0, '', 'a:0:{}', '', '', '', '5600.0000', 0, 0, '0.0000', 0, '', 2, 4, 'RUB', '1.00000000', '46.53.195.9', '46.53.195.9', 'Mozilla/5.0 (X11; Linux x86_64) AppleWebKit/537.36 (KHTML, like Gecko) Chrome/50.0.2661.94 Safari/537.36', 'ru-RU,ru;q=0.8,en-US;q=0.6,en;q=0.4', '2016-05-17 17:21:51', '2016-05-17 17:21:51'),
(138, 0, 'INV-2013-00', 0, 'Докторам и пациентам', 'http://doctorsplus.ru/', 0, 0, '', '', '', '', '', '', '', '', '', '', '', '', '', '', 0, '', 0, '', 'a:0:{}', 'Оплата наличными', 'cheque', '', '', '', '', '', '', '', '', 0, '', 0, '', 'a:0:{}', '', '', '', '5600.0000', 0, 0, '0.0000', 0, '', 2, 4, 'RUB', '1.00000000', '46.53.195.9', '46.53.195.9', 'Mozilla/5.0 (X11; Linux x86_64) AppleWebKit/537.36 (KHTML, like Gecko) Chrome/50.0.2661.94 Safari/537.36', 'ru-RU,ru;q=0.8,en-US;q=0.6,en;q=0.4', '2016-05-17 17:20:08', '2016-05-17 17:20:08'),
(139, 0, 'INV-2013-00', 0, 'Докторам и пациентам', 'http://doctorsplus.ru/', 0, 0, '', '', '', '', '', '', '', '', '', '', '', '', '', '', 0, '', 0, '', 'a:0:{}', 'Оплата наличными', 'cheque', '', '', '', '', '', '', '', '', 0, '', 0, '', 'a:0:{}', '', '', '', '5600.0000', 0, 0, '0.0000', 0, '', 2, 4, 'RUB', '1.00000000', '46.53.195.9', '46.53.195.9', 'Mozilla/5.0 (X11; Linux x86_64) AppleWebKit/537.36 (KHTML, like Gecko) Chrome/50.0.2661.94 Safari/537.36', 'ru-RU,ru;q=0.8,en-US;q=0.6,en;q=0.4', '2016-05-17 17:20:22', '2016-05-17 17:20:22'),
(137, 0, 'INV-2013-00', 0, 'Докторам и пациентам', 'http://doctorsplus.ru/', 0, 0, '', '', '', '', '', '', '', '', '', '', '', '', '', '', 0, '', 0, '', 'a:0:{}', 'Оплата наличными', 'cheque', '', '', '', '', '', '', '', '', 0, '', 0, '', 'a:0:{}', '', '', '', '5600.0000', 0, 0, '0.0000', 0, '', 2, 4, 'RUB', '1.00000000', '46.53.195.9', '46.53.195.9', 'Mozilla/5.0 (X11; Linux x86_64) AppleWebKit/537.36 (KHTML, like Gecko) Chrome/50.0.2661.94 Safari/537.36', 'ru-RU,ru;q=0.8,en-US;q=0.6,en;q=0.4', '2016-05-17 17:20:07', '2016-05-17 17:20:07'),
(135, 0, 'INV-2013-00', 0, 'Докторам и пациентам', 'http://doctorsplus.ru/', 0, 0, '', '', '', '', '', '', '', '', '', '', '', '', '', '', 0, '', 0, '', 'a:0:{}', 'Оплата наличными', 'cheque', '', '', '', '', '', '', '', '', 0, '', 0, '', 'a:0:{}', '', '', '', '5600.0000', 0, 0, '0.0000', 0, '', 2, 4, 'RUB', '1.00000000', '46.53.195.9', '46.53.195.9', 'Mozilla/5.0 (X11; Linux x86_64) AppleWebKit/537.36 (KHTML, like Gecko) Chrome/50.0.2661.94 Safari/537.36', 'ru-RU,ru;q=0.8,en-US;q=0.6,en;q=0.4', '2016-05-17 17:20:05', '2016-05-17 17:20:05'),
(136, 0, 'INV-2013-00', 0, 'Докторам и пациентам', 'http://doctorsplus.ru/', 0, 0, '', '', '', '', '', '', '', '', '', '', '', '', '', '', 0, '', 0, '', 'a:0:{}', 'Оплата наличными', 'cheque', '', '', '', '', '', '', '', '', 0, '', 0, '', 'a:0:{}', '', '', '', '5600.0000', 0, 0, '0.0000', 0, '', 2, 4, 'RUB', '1.00000000', '46.53.195.9', '46.53.195.9', 'Mozilla/5.0 (X11; Linux x86_64) AppleWebKit/537.36 (KHTML, like Gecko) Chrome/50.0.2661.94 Safari/537.36', 'ru-RU,ru;q=0.8,en-US;q=0.6,en;q=0.4', '2016-05-17 17:20:05', '2016-05-17 17:20:05'),
(134, 0, 'INV-2013-00', 0, 'Докторам и пациентам', 'http://doctorsplus.ru/', 0, 0, '', '', '', '', '', '', '', '', '', '', '', '', '', '', 0, '', 0, '', 'a:0:{}', 'Оплата наличными', 'cheque', '', '', '', '', '', '', '', '', 0, '', 0, '', 'a:0:{}', '', '', '', '5600.0000', 0, 0, '0.0000', 0, '', 2, 4, 'RUB', '1.00000000', '46.53.195.9', '46.53.195.9', 'Mozilla/5.0 (X11; Linux x86_64) AppleWebKit/537.36 (KHTML, like Gecko) Chrome/50.0.2661.94 Safari/537.36', 'ru-RU,ru;q=0.8,en-US;q=0.6,en;q=0.4', '2016-05-17 17:20:04', '2016-05-17 17:20:04'),
(133, 0, 'INV-2013-00', 0, 'Докторам и пациентам', 'http://doctorsplus.ru/', 0, 0, '', '', '', '', '', '', '', '', '', '', '', '', '', '', 0, '', 0, '', 'a:0:{}', 'Оплата наличными', 'cheque', '', '', '', '', '', '', '', '', 0, '', 0, '', 'a:0:{}', '', '', '', '5600.0000', 0, 0, '0.0000', 0, '', 2, 4, 'RUB', '1.00000000', '46.53.195.9', '46.53.195.9', 'Mozilla/5.0 (X11; Linux x86_64) AppleWebKit/537.36 (KHTML, like Gecko) Chrome/50.0.2661.94 Safari/537.36', 'ru-RU,ru;q=0.8,en-US;q=0.6,en;q=0.4', '2016-05-17 17:20:04', '2016-05-17 17:20:04'),
(131, 0, 'INV-2013-00', 0, 'Докторам и пациентам', 'http://doctorsplus.ru/', 0, 0, '', '', '', '', '', '', '', '', '', '', '', '', '', '', 0, '', 0, '', 'a:0:{}', 'Оплата наличными', 'cheque', '', '', '', '', '', '', '', '', 0, '', 0, '', 'a:0:{}', '', '', '', '5600.0000', 0, 0, '0.0000', 0, '', 2, 4, 'RUB', '1.00000000', '46.53.195.9', '46.53.195.9', 'Mozilla/5.0 (X11; Linux x86_64) AppleWebKit/537.36 (KHTML, like Gecko) Chrome/50.0.2661.94 Safari/537.36', 'ru-RU,ru;q=0.8,en-US;q=0.6,en;q=0.4', '2016-05-17 17:20:03', '2016-05-17 17:20:03'),
(132, 0, 'INV-2013-00', 0, 'Докторам и пациентам', 'http://doctorsplus.ru/', 0, 0, '', '', '', '', '', '', '', '', '', '', '', '', '', '', 0, '', 0, '', 'a:0:{}', 'Оплата наличными', 'cheque', '', '', '', '', '', '', '', '', 0, '', 0, '', 'a:0:{}', '', '', '', '5600.0000', 0, 0, '0.0000', 0, '', 2, 4, 'RUB', '1.00000000', '46.53.195.9', '46.53.195.9', 'Mozilla/5.0 (X11; Linux x86_64) AppleWebKit/537.36 (KHTML, like Gecko) Chrome/50.0.2661.94 Safari/537.36', 'ru-RU,ru;q=0.8,en-US;q=0.6,en;q=0.4', '2016-05-17 17:20:03', '2016-05-17 17:20:03'),
(130, 0, 'INV-2013-00', 0, 'Докторам и пациентам', 'http://doctorsplus.ru/', 0, 0, '', '', '', '', '', '', '', '', '', '', '', '', '', '', 0, '', 0, '', 'a:0:{}', 'Оплата наличными', 'cheque', '', '', '', '', '', '', '', '', 0, '', 0, '', 'a:0:{}', '', '', '', '5600.0000', 0, 0, '0.0000', 0, '', 2, 4, 'RUB', '1.00000000', '46.53.195.9', '46.53.195.9', 'Mozilla/5.0 (X11; Linux x86_64) AppleWebKit/537.36 (KHTML, like Gecko) Chrome/50.0.2661.94 Safari/537.36', 'ru-RU,ru;q=0.8,en-US;q=0.6,en;q=0.4', '2016-05-17 17:18:03', '2016-05-17 17:18:03'),
(128, 0, 'INV-2013-00', 0, 'Докторам и пациентам', 'http://doctorsplus.ru/', 0, 0, '', '', '', '', '', '', '', '', '', '', '', '', '', '', 0, '', 0, '', 'a:0:{}', 'Оплата наличными', 'cheque', '', '', '', '', '', '', '', '', 0, '', 0, '', 'a:0:{}', '', '', '', '5600.0000', 0, 0, '0.0000', 0, '', 2, 4, 'RUB', '1.00000000', '46.53.195.9', '46.53.195.9', 'Mozilla/5.0 (X11; Linux x86_64) AppleWebKit/537.36 (KHTML, like Gecko) Chrome/50.0.2661.94 Safari/537.36', 'ru-RU,ru;q=0.8,en-US;q=0.6,en;q=0.4', '2016-05-17 17:18:01', '2016-05-17 17:18:01'),
(129, 0, 'INV-2013-00', 0, 'Докторам и пациентам', 'http://doctorsplus.ru/', 0, 0, '', '', '', '', '', '', '', '', '', '', '', '', '', '', 0, '', 0, '', 'a:0:{}', 'Оплата наличными', 'cheque', '', '', '', '', '', '', '', '', 0, '', 0, '', 'a:0:{}', '', '', '', '5600.0000', 0, 0, '0.0000', 0, '', 2, 4, 'RUB', '1.00000000', '46.53.195.9', '46.53.195.9', 'Mozilla/5.0 (X11; Linux x86_64) AppleWebKit/537.36 (KHTML, like Gecko) Chrome/50.0.2661.94 Safari/537.36', 'ru-RU,ru;q=0.8,en-US;q=0.6,en;q=0.4', '2016-05-17 17:18:03', '2016-05-17 17:18:03'),
(127, 0, 'INV-2013-00', 0, 'Докторам и пациентам', 'http://doctorsplus.ru/', 0, 0, '', '', '', '', '', '', '', '', '', '', '', '', '', '', 0, '', 0, '', 'a:0:{}', 'Оплата наличными', 'cheque', '', '', '', '', '', '', '', '', 0, '', 0, '', 'a:0:{}', '', '', '', '5600.0000', 0, 0, '0.0000', 0, '', 2, 4, 'RUB', '1.00000000', '46.53.195.9', '46.53.195.9', 'Mozilla/5.0 (X11; Linux x86_64) AppleWebKit/537.36 (KHTML, like Gecko) Chrome/50.0.2661.94 Safari/537.36', 'ru-RU,ru;q=0.8,en-US;q=0.6,en;q=0.4', '2016-05-17 17:18:01', '2016-05-17 17:18:01'),
(125, 0, 'INV-2013-00', 0, 'Докторам и пациентам', 'http://doctorsplus.ru/', 0, 0, '', '', '', '', '', '', '', '', '', '', '', '', '', '', 0, '', 0, '', 'a:0:{}', 'Оплата наличными', 'cheque', '', '', '', '', '', '', '', '', 0, '', 0, '', 'a:0:{}', '', '', '', '5600.0000', 0, 0, '0.0000', 0, '', 2, 4, 'RUB', '1.00000000', '46.53.195.9', '46.53.195.9', 'Mozilla/5.0 (X11; Linux x86_64) AppleWebKit/537.36 (KHTML, like Gecko) Chrome/50.0.2661.94 Safari/537.36', 'ru-RU,ru;q=0.8,en-US;q=0.6,en;q=0.4', '2016-05-17 17:17:37', '2016-05-17 17:17:37'),
(126, 0, 'INV-2013-00', 0, 'Докторам и пациентам', 'http://doctorsplus.ru/', 0, 0, '', '', '', '', '', '', '', '', '', '', '', '', '', '', 0, '', 0, '', 'a:0:{}', 'Оплата наличными', 'cheque', '', '', '', '', '', '', '', '', 0, '', 0, '', 'a:0:{}', '', '', '', '5600.0000', 0, 0, '0.0000', 0, '', 2, 4, 'RUB', '1.00000000', '46.53.195.9', '46.53.195.9', 'Mozilla/5.0 (X11; Linux x86_64) AppleWebKit/537.36 (KHTML, like Gecko) Chrome/50.0.2661.94 Safari/537.36', 'ru-RU,ru;q=0.8,en-US;q=0.6,en;q=0.4', '2016-05-17 17:17:38', '2016-05-17 17:17:38'),
(124, 0, 'INV-2013-00', 0, 'Докторам и пациентам', 'http://doctorsplus.ru/', 0, 0, '', '', '', '', '', '', '', '', '', '', '', '', '', '', 0, '', 0, '', 'a:0:{}', 'Оплата наличными', 'cheque', '', '', '', '', '', '', '', '', 0, '', 0, '', 'a:0:{}', '', '', '', '5600.0000', 0, 0, '0.0000', 0, '', 2, 4, 'RUB', '1.00000000', '46.53.195.9', '46.53.195.9', 'Mozilla/5.0 (X11; Linux x86_64) AppleWebKit/537.36 (KHTML, like Gecko) Chrome/50.0.2661.94 Safari/537.36', 'ru-RU,ru;q=0.8,en-US;q=0.6,en;q=0.4', '2016-05-17 17:17:37', '2016-05-17 17:17:37'),
(123, 0, 'INV-2013-00', 0, 'Докторам и пациентам', 'http://doctorsplus.ru/', 0, 0, '', '', '', '', '', '', '', '', '', '', '', '', '', '', 0, '', 0, '', 'a:0:{}', 'Оплата наличными', 'cheque', '', '', '', '', '', '', '', '', 0, '', 0, '', 'a:0:{}', '', '', '', '5600.0000', 0, 0, '0.0000', 0, '', 2, 4, 'RUB', '1.00000000', '46.53.195.9', '46.53.195.9', 'Mozilla/5.0 (X11; Linux x86_64) AppleWebKit/537.36 (KHTML, like Gecko) Chrome/50.0.2661.94 Safari/537.36', 'ru-RU,ru;q=0.8,en-US;q=0.6,en;q=0.4', '2016-05-17 17:17:37', '2016-05-17 17:17:37'),
(122, 0, 'INV-2013-00', 0, 'Докторам и пациентам', 'http://doctorsplus.ru/', 0, 0, '', '', '', '', '', '', '', '', '', '', '', '', '', '', 0, '', 0, '', 'a:0:{}', 'Оплата наличными', 'cheque', '', '', '', '', '', '', '', '', 0, '', 0, '', 'a:0:{}', '', '', '', '5600.0000', 0, 0, '0.0000', 0, '', 2, 4, 'RUB', '1.00000000', '46.53.195.9', '46.53.195.9', 'Mozilla/5.0 (X11; Linux x86_64) AppleWebKit/537.36 (KHTML, like Gecko) Chrome/50.0.2661.94 Safari/537.36', 'ru-RU,ru;q=0.8,en-US;q=0.6,en;q=0.4', '2016-05-17 17:17:36', '2016-05-17 17:17:36'),
(121, 0, 'INV-2013-00', 0, 'Докторам и пациентам', 'http://doctorsplus.ru/', 0, 0, '', '', '', '', '', '', '', '', '', '', '', '', '', '', 0, '', 0, '', 'a:0:{}', 'Оплата наличными', 'cheque', '', '', '', '', '', '', '', '', 0, '', 0, '', 'a:0:{}', '', '', '', '5600.0000', 0, 0, '0.0000', 0, '', 2, 4, 'RUB', '1.00000000', '46.53.195.9', '46.53.195.9', 'Mozilla/5.0 (X11; Linux x86_64) AppleWebKit/537.36 (KHTML, like Gecko) Chrome/50.0.2661.94 Safari/537.36', 'ru-RU,ru;q=0.8,en-US;q=0.6,en;q=0.4', '2016-05-17 17:17:35', '2016-05-17 17:17:35'),
(120, 0, 'INV-2013-00', 0, 'Докторам и пациентам', 'http://doctorsplus.ru/', 0, 0, '', '', '', '', '', '', '', '', '', '', '', '', '', '', 0, '', 0, '', 'a:0:{}', 'Оплата наличными', 'cheque', '', '', '', '', '', '', '', '', 0, '', 0, '', 'a:0:{}', '', '', '', '5600.0000', 0, 0, '0.0000', 0, '', 2, 4, 'RUB', '1.00000000', '46.53.195.9', '46.53.195.9', 'Mozilla/5.0 (X11; Linux x86_64) AppleWebKit/537.36 (KHTML, like Gecko) Chrome/50.0.2661.94 Safari/537.36', 'ru-RU,ru;q=0.8,en-US;q=0.6,en;q=0.4', '2016-05-17 17:16:51', '2016-05-17 17:16:51'),
(119, 0, 'INV-2013-00', 0, 'Докторам и пациентам', 'http://doctorsplus.ru/', 0, 0, 'retert', 'ewrtwertert', 'readystores.ru@gmail.com', '+71112223455', '', '', 'retert', 'ewrtwertert', '', '', '', '', '', 'Russian Federation', 176, 'Moscow', 2761, '', '', '', '', 'retert', 'ewrtwertert', '', '', '', '', '', 'Russian Federation', 176, 'Moscow', 2761, '', '', 'быстрый заказ', '', 'uiyououioyuioyuio', '5600.0000', 1, 0, '0.0000', 0, '', 2, 4, 'RUB', '1.00000000', '46.53.195.9', '46.53.195.9', 'Mozilla/5.0 (X11; Linux x86_64) AppleWebKit/537.36 (KHTML, like Gecko) Chrome/50.0.2661.94 Safari/537.36', 'ru-RU,ru;q=0.8,en-US;q=0.6,en;q=0.4', '2016-05-17 17:16:29', '2016-05-17 17:16:29'),
(118, 0, 'INV-2013-00', 0, 'Докторам и пациентам', 'http://doctorsplus.ru/', 41, 1, 'Петр ', ' ', 'pyadrov@gmail.com', '+79266850825', '', 'b:0;', '', '', '', '', '', '', '', '', 0, '', 0, '', 'a:0:{}', 'Оплата наличными', 'cheque', 'Петр ', ' ', '', 'Удальцова ', '', 'Москва ', '119415', 'Russian Federation', 176, '', 0, '', 'b:0;', 'Бесплатно толька для Ростова-на-Дону ', 'pickup.pickup', '', '14700.0000', 0, 0, '0.0000', 0, '', 2, 4, 'RUB', '1.00000000', '78.107.67.149', '78.107.67.149', 'Mozilla/5.0 (Windows NT 6.3; WOW64) AppleWebKit/537.36 (KHTML, like Gecko) Chrome/49.0.2623.112 Safari/537.36', 'ru-RU,ru;q=0.8,en-US;q=0.6,en;q=0.4', '2016-04-25 11:57:07', '2016-04-25 11:57:07'),
(117, 0, 'INV-2013-00', 0, 'Докторам и пациентам', 'http://doctorsplus.ru/', 44, 1, 'Елизавета', ' ', 'esarkisova77@gmail.com', '79064257922', '', 'b:0;', '', '', '', '', '', '', '', '', 0, '', 0, '', 'a:0:{}', 'Оплата наличными', 'cheque', '', '', '', '', '', '', '', '', 0, '', 0, '', 'a:0:{}', '', '', '', '10500.0000', 1, 0, '0.0000', 0, '', 2, 4, 'RUB', '1.00000000', '78.107.67.149', '78.107.67.149', 'Mozilla/5.0 (Windows NT 6.1) AppleWebKit/537.36 (KHTML, like Gecko) Chrome/49.0.2623.112 Safari/537.36', 'ru-RU,ru;q=0.8,en-US;q=0.6,en;q=0.4', '2016-04-25 10:46:33', '2016-04-25 10:47:23'),
(116, 0, 'INV-2013-00', 0, 'Докторам и пациентам', 'http://doctorsplus.ru/', 44, 1, 'Елизавета', ' ', 'esarkisova77@gmail.com', '79064257922', '', 'b:0;', '', '', '', '', '', '', '', '', 0, '', 0, '', 'a:0:{}', 'Оплата наличными', 'cheque', '', '', '', '', '', '', '', '', 0, '', 0, '', 'a:0:{}', '', '', '', '10500.0000', 0, 0, '0.0000', 0, '', 2, 4, 'RUB', '1.00000000', '78.107.67.149', '78.107.67.149', 'Mozilla/5.0 (Windows NT 6.1) AppleWebKit/537.36 (KHTML, like Gecko) Chrome/49.0.2623.112 Safari/537.36', 'ru-RU,ru;q=0.8,en-US;q=0.6,en;q=0.4', '2016-04-25 10:45:56', '2016-04-25 10:45:56'),
(115, 0, 'INV-2013-00', 0, 'Докторам и пациентам', 'http://doctorsplus.ru/', 43, 1, 'Алексей', ' ', 'kvershinam@gmail.com', '+79265789256', '', 'b:0;', '', '', '', '', '', '', '', '', 0, '', 0, '', 'a:0:{}', 'Оплата наличными', 'cheque', '', '', '', '', '', '', '', '', 0, '', 0, '', 'a:0:{}', '', '', '', '12000.0000', 0, 0, '0.0000', 0, '', 2, 4, 'RUB', '1.00000000', '91.228.179.121', '91.228.179.121', 'Mozilla/5.0 (Windows NT 10.0; WOW64) AppleWebKit/537.36 (KHTML, like Gecko) Chrome/49.0.2623.110 Safari/537.36', 'en-US,en;q=0.8,ru;q=0.6,zh-TW;q=0.4,zh;q=0.2', '2016-04-21 13:10:09', '2016-04-21 13:10:09'),
(114, 0, 'INV-2013-00', 0, 'Докторам и пациентам', 'http://doctorsplus.ru/', 43, 1, 'Алексей', ' ', 'kvershinam@gmail.com', '+79265789256', '', 'b:0;', '', '', '', '', '', '', '', '', 0, '', 0, '', 'a:0:{}', 'Оплата наличными', 'cheque', '', '', '', '', '', '', '', '', 0, '', 0, '', 'a:0:{}', '', '', '', '12000.0000', 0, 0, '0.0000', 0, '', 2, 4, 'RUB', '1.00000000', '91.228.179.121', '91.228.179.121', 'Mozilla/5.0 (Windows NT 10.0; WOW64) AppleWebKit/537.36 (KHTML, like Gecko) Chrome/49.0.2623.110 Safari/537.36', 'en-US,en;q=0.8,ru;q=0.6,zh-TW;q=0.4,zh;q=0.2', '2016-04-21 13:10:03', '2016-04-21 13:10:03'),
(113, 0, 'INV-2013-00', 0, 'Докторам и пациентам', 'http://doctorsplus.ru/', 43, 1, 'Алексей', ' ', 'kvershinam@gmail.com', '+79265789256', '', 'b:0;', '', '', '', '', '', '', '', '', 0, '', 0, '', 'a:0:{}', 'Оплата наличными', 'cheque', '', '', '', '', '', '', '', '', 0, '', 0, '', 'a:0:{}', '', '', '', '12000.0000', 0, 0, '0.0000', 0, '', 2, 4, 'RUB', '1.00000000', '91.228.179.121', '91.228.179.121', 'Mozilla/5.0 (Windows NT 10.0; WOW64) AppleWebKit/537.36 (KHTML, like Gecko) Chrome/49.0.2623.110 Safari/537.36', 'en-US,en;q=0.8,ru;q=0.6,zh-TW;q=0.4,zh;q=0.2', '2016-04-21 13:09:37', '2016-04-21 13:09:37'),
(111, 0, 'INV-2013-00', 0, 'Докторам и пациентам', 'http://doctorsplus.ru/', 42, 1, 'Wendy', '', 'lemurof@yandex.ru', '895559rure356222', '', 'b:0;', '', '', '', '', '', '', '', '', 0, '', 0, '', 'a:0:{}', 'Оплата наличными', 'cheque', '', '', '', '', '', '', '', '', 0, '', 0, '', 'a:0:{}', 'Бесплатно толька для Ростова-на-Дону ', 'pickup.pickup', '', '41400.0000', 0, 0, '0.0000', 0, '', 2, 4, 'RUB', '1.00000000', '88.81.43.14', '88.81.43.14', 'Mozilla/5.0 (Windows NT 6.1; WOW64) AppleWebKit/537.36 (KHTML, like Gecko) Chrome/46.0.2490.86 Safari/537.36', 'ru-RU,ru;q=0.8,en-US;q=0.6,en;q=0.4', '2015-12-03 12:57:22', '2015-12-03 12:57:22'),
(112, 0, 'INV-2013-00', 0, 'Докторам и пациентам', 'http://doctorsplus.ru/', 0, 0, '', '', '', '', '', '', '', '', '', '', '', '', '', '', 0, '', 0, '', 'a:0:{}', 'Оплата наличными', 'cheque', '', '', '', '', '', '', '', '', 0, '', 0, '', 'a:0:{}', '', '', '', '12000.0000', 0, 0, '0.0000', 0, '', 2, 4, 'RUB', '1.00000000', '78.107.67.149', '78.107.67.149', 'Mozilla/5.0 (Windows NT 6.3; WOW64) AppleWebKit/537.36 (KHTML, like Gecko) Chrome/49.0.2623.112 Safari/537.36', 'ru-RU,ru;q=0.8,en-US;q=0.6,en;q=0.4', '2016-04-14 16:17:17', '2016-04-14 16:17:17'),
(183, 0, 'INV-2013-00', 0, 'Докторам и пациентам', 'http://doctorsplus.ru/', 0, 0, '', '', '', '', '', '', '', '', '', '', '', '', '', '', 0, '', 0, '', 'a:0:{}', 'Оплата наличными', 'cheque', '', '', '', '', '', '', '', '', 0, '', 0, '', 'a:0:{}', '', '', '', '5600.0000', 0, 0, '0.0000', 0, '', 2, 4, 'RUB', '1.00000000', '46.53.195.9', '46.53.195.9', 'Mozilla/5.0 (X11; Linux x86_64) AppleWebKit/537.36 (KHTML, like Gecko) Chrome/50.0.2661.94 Safari/537.36', 'ru-RU,ru;q=0.8,en-US;q=0.6,en;q=0.4', '2016-05-17 17:37:26', '2016-05-17 17:37:26'),
(184, 0, 'INV-2013-00', 0, 'Докторам и пациентам', 'http://doctorsplus.ru/', 0, 0, '', '', '', '', '', '', '', '', '', '', '', '', '', '', 0, '', 0, '', 'a:0:{}', 'Оплата наличными', 'cheque', '', '', '', '', '', '', '', '', 0, '', 0, '', 'a:0:{}', '', '', '', '5600.0000', 0, 0, '0.0000', 0, '', 2, 4, 'RUB', '1.00000000', '46.53.195.9', '46.53.195.9', 'Mozilla/5.0 (X11; Linux x86_64) AppleWebKit/537.36 (KHTML, like Gecko) Chrome/50.0.2661.94 Safari/537.36', 'ru-RU,ru;q=0.8,en-US;q=0.6,en;q=0.4', '2016-05-17 17:37:37', '2016-05-17 17:37:37'),
(185, 0, 'INV-2013-00', 0, 'Докторам и пациентам', 'http://doctorsplus.ru/', 0, 0, '', '', '', '', '', '', '', '', '', '', '', '', '', '', 0, '', 0, '', 'a:0:{}', 'Оплата наличными', 'cheque', '', '', '', '', '', '', '', '', 0, '', 0, '', 'a:0:{}', '', '', '', '5600.0000', 0, 0, '0.0000', 0, '', 2, 4, 'RUB', '1.00000000', '46.53.195.9', '46.53.195.9', 'Mozilla/5.0 (X11; Linux x86_64) AppleWebKit/537.36 (KHTML, like Gecko) Chrome/50.0.2661.94 Safari/537.36', 'ru-RU,ru;q=0.8,en-US;q=0.6,en;q=0.4', '2016-05-17 17:37:38', '2016-05-17 17:37:38'),
(186, 0, 'INV-2013-00', 0, 'Докторам и пациентам', 'http://doctorsplus.ru/', 0, 0, '', '', '', '', '', '', '', '', '', '', '', '', '', '', 0, '', 0, '', 'a:0:{}', 'Оплата наличными', 'cheque', '', '', '', '', '', '', '', '', 0, '', 0, '', 'a:0:{}', '', '', '', '5600.0000', 0, 0, '0.0000', 0, '', 2, 4, 'RUB', '1.00000000', '46.53.195.9', '46.53.195.9', 'Mozilla/5.0 (X11; Linux x86_64) AppleWebKit/537.36 (KHTML, like Gecko) Chrome/50.0.2661.94 Safari/537.36', 'ru-RU,ru;q=0.8,en-US;q=0.6,en;q=0.4', '2016-05-17 17:37:38', '2016-05-17 17:37:38'),
(187, 0, 'INV-2013-00', 0, 'Докторам и пациентам', 'http://doctorsplus.ru/', 0, 0, '', '', '', '', '', '', '', '', '', '', '', '', '', '', 0, '', 0, '', 'a:0:{}', 'Оплата наличными', 'cheque', '', '', '', '', '', '', '', '', 0, '', 0, '', 'a:0:{}', '', '', '', '5600.0000', 0, 0, '0.0000', 0, '', 2, 4, 'RUB', '1.00000000', '46.53.195.9', '46.53.195.9', 'Mozilla/5.0 (X11; Linux x86_64) AppleWebKit/537.36 (KHTML, like Gecko) Chrome/50.0.2661.94 Safari/537.36', 'ru-RU,ru;q=0.8,en-US;q=0.6,en;q=0.4', '2016-05-17 17:37:51', '2016-05-17 17:37:51'),
(188, 0, 'INV-2013-00', 0, 'Докторам и пациентам', 'http://doctorsplus.ru/', 0, 0, '', '', '', '', '', '', '', '', '', '', '', '', '', '', 0, '', 0, '', 'a:0:{}', 'Оплата наличными', 'cheque', '', '', '', '', '', '', '', '', 0, '', 0, '', 'a:0:{}', '', '', '', '5600.0000', 0, 0, '0.0000', 0, '', 2, 4, 'RUB', '1.00000000', '46.53.195.9', '46.53.195.9', 'Mozilla/5.0 (X11; Linux x86_64) AppleWebKit/537.36 (KHTML, like Gecko) Chrome/50.0.2661.94 Safari/537.36', 'ru-RU,ru;q=0.8,en-US;q=0.6,en;q=0.4', '2016-05-17 17:39:43', '2016-05-17 17:39:43'),
(189, 0, 'INV-2013-00', 0, 'Докторам и пациентам', 'http://doctorsplus.ru/', 0, 0, '', '', '', '', '', '', '', '', '', '', '', '', '', '', 0, '', 0, '', 'a:0:{}', 'Оплата наличными', 'cheque', '', '', '', '', '', '', '', '', 0, '', 0, '', 'a:0:{}', '', '', '', '5600.0000', 0, 0, '0.0000', 0, '', 2, 4, 'RUB', '1.00000000', '46.53.195.9', '46.53.195.9', 'Mozilla/5.0 (X11; Linux x86_64) AppleWebKit/537.36 (KHTML, like Gecko) Chrome/50.0.2661.94 Safari/537.36', 'ru-RU,ru;q=0.8,en-US;q=0.6,en;q=0.4', '2016-05-17 17:39:43', '2016-05-17 17:39:43'),
(190, 0, 'INV-2013-00', 0, 'Докторам и пациентам', 'http://doctorsplus.ru/', 0, 0, '', '', '', '', '', '', '', '', '', '', '', '', '', '', 0, '', 0, '', 'a:0:{}', 'Оплата наличными', 'cheque', '', '', '', '', '', '', '', '', 0, '', 0, '', 'a:0:{}', '', '', '', '5600.0000', 0, 0, '0.0000', 0, '', 2, 4, 'RUB', '1.00000000', '46.53.195.9', '46.53.195.9', 'Mozilla/5.0 (X11; Linux x86_64) AppleWebKit/537.36 (KHTML, like Gecko) Chrome/50.0.2661.94 Safari/537.36', 'ru-RU,ru;q=0.8,en-US;q=0.6,en;q=0.4', '2016-05-17 17:39:45', '2016-05-17 17:39:45'),
(191, 0, 'INV-2013-00', 0, 'Докторам и пациентам', 'http://doctorsplus.ru/', 0, 0, '', '', '', '', '', '', '', '', '', '', '', '', '', '', 0, '', 0, '', 'a:0:{}', 'Оплата наличными', 'cheque', '', '', '', '', '', '', '', '', 0, '', 0, '', 'a:0:{}', '', '', '', '5600.0000', 0, 0, '0.0000', 0, '', 2, 4, 'RUB', '1.00000000', '46.53.195.9', '46.53.195.9', 'Mozilla/5.0 (X11; Linux x86_64) AppleWebKit/537.36 (KHTML, like Gecko) Chrome/50.0.2661.94 Safari/537.36', 'ru-RU,ru;q=0.8,en-US;q=0.6,en;q=0.4', '2016-05-17 17:40:14', '2016-05-17 17:40:14'),
(192, 0, 'INV-2013-00', 0, 'Докторам и пациентам', 'http://doctorsplus.ru/', 0, 0, '', '', '', '', '', '', '', '', '', '', '', '', '', '', 0, '', 0, '', 'a:0:{}', 'Оплата наличными', 'cheque', '', '', '', '', '', '', '', '', 0, '', 0, '', 'a:0:{}', '', '', '', '5600.0000', 0, 0, '0.0000', 0, '', 2, 4, 'RUB', '1.00000000', '46.53.195.9', '46.53.195.9', 'Mozilla/5.0 (X11; Linux x86_64) AppleWebKit/537.36 (KHTML, like Gecko) Chrome/50.0.2661.94 Safari/537.36', 'ru-RU,ru;q=0.8,en-US;q=0.6,en;q=0.4', '2016-05-17 17:40:14', '2016-05-17 17:40:14'),
(193, 0, 'INV-2013-00', 0, 'Докторам и пациентам', 'http://doctorsplus.ru/', 0, 0, '', '', '', '', '', '', '', '', '', '', '', '', '', '', 0, '', 0, '', 'a:0:{}', 'Оплата наличными', 'cheque', '', '', '', '', '', '', '', '', 0, '', 0, '', 'a:0:{}', '', '', '', '5600.0000', 0, 0, '0.0000', 0, '', 2, 4, 'RUB', '1.00000000', '46.53.195.9', '46.53.195.9', 'Mozilla/5.0 (X11; Linux x86_64) AppleWebKit/537.36 (KHTML, like Gecko) Chrome/50.0.2661.94 Safari/537.36', 'ru-RU,ru;q=0.8,en-US;q=0.6,en;q=0.4', '2016-05-17 17:45:15', '2016-05-17 17:45:15'),
(194, 0, 'INV-2013-00', 0, 'Докторам и пациентам', 'http://doctorsplus.ru/', 0, 0, '', '', '', '', '', '', '', '', '', '', '', '', '', '', 0, '', 0, '', 'a:0:{}', 'Оплата наличными', 'cheque', '', '', '', '', '', '', '', '', 0, '', 0, '', 'a:0:{}', '', '', '', '5600.0000', 0, 0, '0.0000', 0, '', 2, 4, 'RUB', '1.00000000', '46.53.195.9', '46.53.195.9', 'Mozilla/5.0 (X11; Linux x86_64) AppleWebKit/537.36 (KHTML, like Gecko) Chrome/50.0.2661.94 Safari/537.36', 'ru-RU,ru;q=0.8,en-US;q=0.6,en;q=0.4', '2016-05-17 17:45:16', '2016-05-17 17:45:16'),
(195, 0, 'INV-2013-00', 0, 'Докторам и пациентам', 'http://doctorsplus.ru/', 0, 0, '', '', '', '', '', '', '', '', '', '', '', '', '', '', 0, '', 0, '', 'a:0:{}', 'Оплата наличными', 'cheque', '', '', '', '', '', '', '', '', 0, '', 0, '', 'a:0:{}', '', '', '', '5600.0000', 0, 0, '0.0000', 0, '', 2, 4, 'RUB', '1.00000000', '46.53.195.9', '46.53.195.9', 'Mozilla/5.0 (X11; Linux x86_64) AppleWebKit/537.36 (KHTML, like Gecko) Chrome/50.0.2661.94 Safari/537.36', 'ru-RU,ru;q=0.8,en-US;q=0.6,en;q=0.4', '2016-05-17 17:45:19', '2016-05-17 17:45:19'),
(196, 0, 'INV-2013-00', 0, 'Докторам и пациентам', 'http://doctorsplus.ru/', 0, 0, '', '', '', '', '', '', '', '', '', '', '', '', '', '', 0, '', 0, '', 'a:0:{}', 'Оплата наличными', 'cheque', '', '', '', '', '', '', '', '', 0, '', 0, '', 'a:0:{}', '', '', '', '5600.0000', 0, 0, '0.0000', 0, '', 2, 4, 'RUB', '1.00000000', '46.53.195.9', '46.53.195.9', 'Mozilla/5.0 (X11; Linux x86_64) AppleWebKit/537.36 (KHTML, like Gecko) Chrome/50.0.2661.94 Safari/537.36', 'ru-RU,ru;q=0.8,en-US;q=0.6,en;q=0.4', '2016-05-17 17:45:21', '2016-05-17 17:45:21'),
(197, 0, 'INV-2013-00', 0, 'Докторам и пациентам', 'http://doctorsplus.ru/', 0, 0, '', '', '', '', '', '', '', '', '', '', '', '', '', '', 0, '', 0, '', 'a:0:{}', 'Оплата наличными', 'cheque', '', '', '', '', '', '', '', '', 0, '', 0, '', 'a:0:{}', '', '', '', '5600.0000', 0, 0, '0.0000', 0, '', 2, 4, 'RUB', '1.00000000', '46.53.195.9', '46.53.195.9', 'Mozilla/5.0 (X11; Linux x86_64) AppleWebKit/537.36 (KHTML, like Gecko) Chrome/50.0.2661.94 Safari/537.36', 'ru-RU,ru;q=0.8,en-US;q=0.6,en;q=0.4', '2016-05-17 17:45:45', '2016-05-17 17:45:45'),
(198, 0, 'INV-2013-00', 0, 'Докторам и пациентам', 'http://doctorsplus.ru/', 0, 0, '', '', '', '', '', '', '', '', '', '', '', '', '', '', 0, '', 0, '', 'a:0:{}', 'Оплата наличными', 'cheque', '', '', '', '', '', '', '', '', 0, '', 0, '', 'a:0:{}', '', '', '', '5600.0000', 0, 0, '0.0000', 0, '', 2, 4, 'RUB', '1.00000000', '46.53.195.9', '46.53.195.9', 'Mozilla/5.0 (X11; Linux x86_64) AppleWebKit/537.36 (KHTML, like Gecko) Chrome/50.0.2661.94 Safari/537.36', 'ru-RU,ru;q=0.8,en-US;q=0.6,en;q=0.4', '2016-05-17 17:45:46', '2016-05-17 17:45:46');
INSERT INTO `ts_order` (`order_id`, `invoice_no`, `invoice_prefix`, `store_id`, `store_name`, `store_url`, `customer_id`, `customer_group_id`, `firstname`, `lastname`, `email`, `telephone`, `fax`, `custom_field`, `payment_firstname`, `payment_lastname`, `payment_company`, `payment_address_1`, `payment_address_2`, `payment_city`, `payment_postcode`, `payment_country`, `payment_country_id`, `payment_zone`, `payment_zone_id`, `payment_address_format`, `payment_custom_field`, `payment_method`, `payment_code`, `shipping_firstname`, `shipping_lastname`, `shipping_company`, `shipping_address_1`, `shipping_address_2`, `shipping_city`, `shipping_postcode`, `shipping_country`, `shipping_country_id`, `shipping_zone`, `shipping_zone_id`, `shipping_address_format`, `shipping_custom_field`, `shipping_method`, `shipping_code`, `comment`, `total`, `order_status_id`, `affiliate_id`, `commission`, `marketing_id`, `tracking`, `language_id`, `currency_id`, `currency_code`, `currency_value`, `ip`, `forwarded_ip`, `user_agent`, `accept_language`, `date_added`, `date_modified`) VALUES
(199, 0, 'INV-2013-00', 0, 'Докторам и пациентам', 'http://doctorsplus.ru/', 0, 0, '', '', '', '', '', '', '', '', '', '', '', '', '', '', 0, '', 0, '', 'a:0:{}', 'Оплата наличными', 'cheque', '', '', '', '', '', '', '', '', 0, '', 0, '', 'a:0:{}', '', '', '', '5600.0000', 0, 0, '0.0000', 0, '', 2, 4, 'RUB', '1.00000000', '46.53.195.9', '46.53.195.9', 'Mozilla/5.0 (X11; Linux x86_64) AppleWebKit/537.36 (KHTML, like Gecko) Chrome/50.0.2661.94 Safari/537.36', 'ru-RU,ru;q=0.8,en-US;q=0.6,en;q=0.4', '2016-05-17 17:45:51', '2016-05-17 17:45:51'),
(200, 0, 'INV-2013-00', 0, 'Докторам и пациентам', 'http://doctorsplus.ru/', 0, 0, '', '', '', '', '', '', '', '', '', '', '', '', '', '', 0, '', 0, '', 'a:0:{}', 'Оплата наличными', 'cheque', '', '', '', '', '', '', '', '', 0, '', 0, '', 'a:0:{}', '', '', '', '5600.0000', 0, 0, '0.0000', 0, '', 2, 4, 'RUB', '1.00000000', '46.53.195.9', '46.53.195.9', 'Mozilla/5.0 (X11; Linux x86_64) AppleWebKit/537.36 (KHTML, like Gecko) Chrome/50.0.2661.94 Safari/537.36', 'ru-RU,ru;q=0.8,en-US;q=0.6,en;q=0.4', '2016-05-17 17:45:52', '2016-05-17 17:45:52'),
(201, 0, 'INV-2013-00', 0, 'Докторам и пациентам', 'http://doctorsplus.ru/', 0, 0, '', '', '', '', '', '', '', '', '', '', '', '', '', '', 0, '', 0, '', 'a:0:{}', 'Оплата наличными', 'cheque', '', '', '', '', '', '', '', '', 0, '', 0, '', 'a:0:{}', '', '', '', '5600.0000', 0, 0, '0.0000', 0, '', 2, 4, 'RUB', '1.00000000', '46.53.195.9', '46.53.195.9', 'Mozilla/5.0 (X11; Linux x86_64) AppleWebKit/537.36 (KHTML, like Gecko) Chrome/50.0.2661.94 Safari/537.36', 'ru-RU,ru;q=0.8,en-US;q=0.6,en;q=0.4', '2016-05-17 17:45:57', '2016-05-17 17:45:57'),
(202, 0, 'INV-2013-00', 0, 'Докторам и пациентам', 'http://doctorsplus.ru/', 0, 0, '', '', '', '', '', '', '', '', '', '', '', '', '', '', 0, '', 0, '', 'a:0:{}', 'Оплата наличными', 'cheque', '', '', '', '', '', '', '', '', 0, '', 0, '', 'a:0:{}', '', '', '', '5600.0000', 0, 0, '0.0000', 0, '', 2, 4, 'RUB', '1.00000000', '46.53.195.9', '46.53.195.9', 'Mozilla/5.0 (X11; Linux x86_64) AppleWebKit/537.36 (KHTML, like Gecko) Chrome/50.0.2661.94 Safari/537.36', 'ru-RU,ru;q=0.8,en-US;q=0.6,en;q=0.4', '2016-05-17 17:46:49', '2016-05-17 17:46:49'),
(203, 0, 'INV-2013-00', 0, 'Докторам и пациентам', 'http://doctorsplus.ru/', 0, 0, '', '', '', '', '', '', '', '', '', '', '', '', '', '', 0, '', 0, '', 'a:0:{}', 'Оплата наличными', 'cheque', '', '', '', '', '', '', '', '', 0, '', 0, '', 'a:0:{}', '', '', '', '5600.0000', 0, 0, '0.0000', 0, '', 2, 4, 'RUB', '1.00000000', '46.53.195.9', '46.53.195.9', 'Mozilla/5.0 (X11; Linux x86_64) AppleWebKit/537.36 (KHTML, like Gecko) Chrome/50.0.2661.94 Safari/537.36', 'ru-RU,ru;q=0.8,en-US;q=0.6,en;q=0.4', '2016-05-17 18:16:00', '2016-05-17 18:16:00'),
(204, 0, 'INV-2013-00', 0, 'Докторам и пациентам', 'http://doctorsplus.ru/', 0, 0, '', '', '', '', '', '', '', '', '', '', '', '', '', '', 0, '', 0, '', 'a:0:{}', 'Оплата наличными', 'cheque', '', '', '', '', '', '', '', '', 0, '', 0, '', 'a:0:{}', '', '', '', '5600.0000', 0, 0, '0.0000', 0, '', 2, 4, 'RUB', '1.00000000', '46.53.195.9', '46.53.195.9', 'Mozilla/5.0 (X11; Linux x86_64) AppleWebKit/537.36 (KHTML, like Gecko) Chrome/50.0.2661.94 Safari/537.36', 'ru-RU,ru;q=0.8,en-US;q=0.6,en;q=0.4', '2016-05-17 18:16:02', '2016-05-17 18:16:02'),
(205, 0, 'INV-2013-00', 0, 'Докторам и пациентам', 'http://doctorsplus.ru/', 0, 0, '', '', '', '', '', '', '', '', '', '', '', '', '', '', 0, '', 0, '', 'a:0:{}', 'Оплата наличными', 'cheque', '', '', '', '', '', '', '', '', 0, '', 0, '', 'a:0:{}', '', '', '', '5600.0000', 0, 0, '0.0000', 0, '', 2, 4, 'RUB', '1.00000000', '46.53.195.9', '46.53.195.9', 'Mozilla/5.0 (X11; Linux x86_64) AppleWebKit/537.36 (KHTML, like Gecko) Chrome/50.0.2661.94 Safari/537.36', 'ru-RU,ru;q=0.8,en-US;q=0.6,en;q=0.4', '2016-05-17 18:16:02', '2016-05-17 18:16:02'),
(206, 0, 'INV-2013-00', 0, 'Докторам и пациентам', 'http://doctorsplus.ru/', 0, 0, '', '', '', '', '', '', '', '', '', '', '', '', '', '', 0, '', 0, '', 'a:0:{}', 'Оплата наличными', 'cheque', '', '', '', '', '', '', '', '', 0, '', 0, '', 'a:0:{}', '', '', '', '5600.0000', 0, 0, '0.0000', 0, '', 2, 4, 'RUB', '1.00000000', '46.53.195.9', '46.53.195.9', 'Mozilla/5.0 (X11; Linux x86_64) AppleWebKit/537.36 (KHTML, like Gecko) Chrome/50.0.2661.94 Safari/537.36', 'ru-RU,ru;q=0.8,en-US;q=0.6,en;q=0.4', '2016-05-17 18:16:03', '2016-05-17 18:16:03'),
(207, 0, 'INV-2013-00', 0, 'Докторам и пациентам', 'http://doctorsplus.ru/', 0, 0, '', '', '', '', '', '', '', '', '', '', '', '', '', '', 0, '', 0, '', 'a:0:{}', 'Оплата наличными', 'cheque', '', '', '', '', '', '', '', '', 0, '', 0, '', 'a:0:{}', '', '', '', '5600.0000', 0, 0, '0.0000', 0, '', 2, 4, 'RUB', '1.00000000', '46.53.195.9', '46.53.195.9', 'Mozilla/5.0 (X11; Linux x86_64) AppleWebKit/537.36 (KHTML, like Gecko) Chrome/50.0.2661.94 Safari/537.36', 'ru-RU,ru;q=0.8,en-US;q=0.6,en;q=0.4', '2016-05-17 18:16:04', '2016-05-17 18:16:04'),
(208, 0, 'INV-2013-00', 0, 'Докторам и пациентам', 'http://doctorsplus.ru/', 0, 0, '', '', '', '', '', '', '', '', '', '', '', '', '', '', 0, '', 0, '', 'a:0:{}', 'Оплата наличными', 'cheque', '', '', '', '', '', '', '', '', 0, '', 0, '', 'a:0:{}', '', '', '', '5600.0000', 0, 0, '0.0000', 0, '', 2, 4, 'RUB', '1.00000000', '46.53.195.9', '46.53.195.9', 'Mozilla/5.0 (X11; Linux x86_64) AppleWebKit/537.36 (KHTML, like Gecko) Chrome/50.0.2661.94 Safari/537.36', 'ru-RU,ru;q=0.8,en-US;q=0.6,en;q=0.4', '2016-05-17 18:16:22', '2016-05-17 18:16:22'),
(209, 0, 'INV-2013-00', 0, 'Докторам и пациентам', 'http://doctorsplus.ru/', 0, 0, '', '', '', '', '', '', '', '', '', '', '', '', '', '', 0, '', 0, '', 'a:0:{}', 'Оплата наличными', 'cheque', '', '', '', '', '', '', '', '', 0, '', 0, '', 'a:0:{}', '', '', '', '5600.0000', 0, 0, '0.0000', 0, '', 2, 4, 'RUB', '1.00000000', '46.53.195.9', '46.53.195.9', 'Mozilla/5.0 (X11; Linux x86_64) AppleWebKit/537.36 (KHTML, like Gecko) Chrome/50.0.2661.94 Safari/537.36', 'ru-RU,ru;q=0.8,en-US;q=0.6,en;q=0.4', '2016-05-17 18:22:20', '2016-05-17 18:22:20'),
(210, 0, 'INV-2013-00', 0, 'Докторам и пациентам', 'http://doctorsplus.ru/', 0, 0, '', '', '', '', '', '', '', '', '', '', '', '', '', '', 0, '', 0, '', 'a:0:{}', 'Оплата наличными', 'cheque', '', '', '', '', '', '', '', '', 0, '', 0, '', 'a:0:{}', '', '', '', '5600.0000', 0, 0, '0.0000', 0, '', 2, 4, 'RUB', '1.00000000', '46.53.195.9', '46.53.195.9', 'Mozilla/5.0 (X11; Linux x86_64) AppleWebKit/537.36 (KHTML, like Gecko) Chrome/50.0.2661.94 Safari/537.36', 'ru-RU,ru;q=0.8,en-US;q=0.6,en;q=0.4', '2016-05-17 18:22:21', '2016-05-17 18:22:21'),
(211, 0, 'INV-2013-00', 0, 'Докторам и пациентам', 'http://doctorsplus.ru/', 0, 0, '', '', '', '', '', '', '', '', '', '', '', '', '', '', 0, '', 0, '', 'a:0:{}', 'Оплата наличными', 'cheque', '', '', '', '', '', '', '', '', 0, '', 0, '', 'a:0:{}', '', '', '', '5600.0000', 0, 0, '0.0000', 0, '', 2, 4, 'RUB', '1.00000000', '46.53.195.9', '46.53.195.9', 'Mozilla/5.0 (X11; Linux x86_64) AppleWebKit/537.36 (KHTML, like Gecko) Chrome/50.0.2661.94 Safari/537.36', 'ru-RU,ru;q=0.8,en-US;q=0.6,en;q=0.4', '2016-05-17 18:27:44', '2016-05-17 18:27:44'),
(212, 0, 'INV-2013-00', 0, 'Докторам и пациентам', 'http://doctorsplus.ru/', 0, 0, '', '', '', '', '', '', '', '', '', '', '', '', '', '', 0, '', 0, '', 'a:0:{}', 'Оплата наличными', 'cheque', '', '', '', '', '', '', '', '', 0, '', 0, '', 'a:0:{}', '', '', '', '5600.0000', 0, 0, '0.0000', 0, '', 2, 4, 'RUB', '1.00000000', '46.53.195.9', '46.53.195.9', 'Mozilla/5.0 (X11; Linux x86_64) AppleWebKit/537.36 (KHTML, like Gecko) Chrome/50.0.2661.94 Safari/537.36', 'ru-RU,ru;q=0.8,en-US;q=0.6,en;q=0.4', '2016-05-17 18:27:45', '2016-05-17 18:27:45'),
(213, 0, 'INV-2013-00', 0, 'Докторам и пациентам', 'http://doctorsplus.ru/', 0, 0, '', '', '', '', '', '', '', '', '', '', '', '', '', '', 0, '', 0, '', 'a:0:{}', 'Оплата наличными', 'cheque', '', '', '', '', '', '', '', '', 0, '', 0, '', 'a:0:{}', '', '', '', '5600.0000', 0, 0, '0.0000', 0, '', 2, 4, 'RUB', '1.00000000', '46.53.195.9', '46.53.195.9', 'Mozilla/5.0 (X11; Linux x86_64) AppleWebKit/537.36 (KHTML, like Gecko) Chrome/50.0.2661.94 Safari/537.36', 'ru-RU,ru;q=0.8,en-US;q=0.6,en;q=0.4', '2016-05-17 18:27:46', '2016-05-17 18:27:46'),
(214, 0, 'INV-2013-00', 0, 'Докторам и пациентам', 'http://doctorsplus.ru/', 0, 0, '', '', '', '', '', '', '', '', '', '', '', '', '', '', 0, '', 0, '', 'a:0:{}', 'Оплата наличными', 'cheque', '', '', '', '', '', '', '', '', 0, '', 0, '', 'a:0:{}', '', '', '', '5600.0000', 0, 0, '0.0000', 0, '', 2, 4, 'RUB', '1.00000000', '46.53.195.9', '46.53.195.9', 'Mozilla/5.0 (X11; Linux x86_64) AppleWebKit/537.36 (KHTML, like Gecko) Chrome/50.0.2661.94 Safari/537.36', 'ru-RU,ru;q=0.8,en-US;q=0.6,en;q=0.4', '2016-05-17 18:27:47', '2016-05-17 18:27:47'),
(215, 0, 'INV-2013-00', 0, 'Докторам и пациентам', 'http://doctorsplus.ru/', 0, 0, '', '', '', '', '', '', '', '', '', '', '', '', '', '', 0, '', 0, '', 'a:0:{}', 'Оплата наличными', 'cheque', '', '', '', '', '', '', '', '', 0, '', 0, '', 'a:0:{}', '', '', '', '5600.0000', 0, 0, '0.0000', 0, '', 2, 4, 'RUB', '1.00000000', '46.53.195.9', '46.53.195.9', 'Mozilla/5.0 (X11; Linux x86_64) AppleWebKit/537.36 (KHTML, like Gecko) Chrome/50.0.2661.94 Safari/537.36', 'ru-RU,ru;q=0.8,en-US;q=0.6,en;q=0.4', '2016-05-17 18:27:48', '2016-05-17 18:27:48'),
(216, 0, 'INV-2013-00', 0, 'Докторам и пациентам', 'http://doctorsplus.ru/', 0, 0, '', '', '', '', '', '', '', '', '', '', '', '', '', '', 0, '', 0, '', 'a:0:{}', 'Оплата наличными', 'cheque', '', '', '', '', '', '', '', '', 0, '', 0, '', 'a:0:{}', '', '', '', '5600.0000', 0, 0, '0.0000', 0, '', 2, 4, 'RUB', '1.00000000', '46.53.195.9', '46.53.195.9', 'Mozilla/5.0 (X11; Linux x86_64) AppleWebKit/537.36 (KHTML, like Gecko) Chrome/50.0.2661.94 Safari/537.36', 'ru-RU,ru;q=0.8,en-US;q=0.6,en;q=0.4', '2016-05-17 18:27:52', '2016-05-17 18:27:52'),
(217, 0, 'INV-2013-00', 0, 'Докторам и пациентам', 'http://doctorsplus.ru/', 0, 0, '', '', '', '', '', '', '', '', '', '', '', '', '', '', 0, '', 0, '', 'a:0:{}', 'Оплата наличными', 'cheque', '', '', '', '', '', '', '', '', 0, '', 0, '', 'a:0:{}', '', '', '', '5600.0000', 0, 0, '0.0000', 0, '', 2, 4, 'RUB', '1.00000000', '46.53.195.9', '46.53.195.9', 'Mozilla/5.0 (X11; Linux x86_64) AppleWebKit/537.36 (KHTML, like Gecko) Chrome/50.0.2661.94 Safari/537.36', 'ru-RU,ru;q=0.8,en-US;q=0.6,en;q=0.4', '2016-05-17 18:27:54', '2016-05-17 18:27:54'),
(218, 0, 'INV-2013-00', 0, 'Докторам и пациентам', 'http://doctorsplus.ru/', 52, 1, 'asdfasdf asdfsadff', '', 'werwer@dsfsdf.by', '+71112223453', '', '', 'asdfasdf asdfsadff', '', '', 'xcbxcvb', '', 'cvbcvxb', '123123', '', 0, '', 0, '', 'a:0:{}', 'Оплата наличными', 'cheque', 'asdfasdf asdfsadff', 'asdfasdf asdfsadff', '', 'xcbxcvb', '', 'cvbcvxb', '123123', '', 0, '', 0, '', 'a:0:{}', 'Фиксированная', 'flat.flat', 'dfgsdfgsdfgsdfg', '5600.0000', 1, 0, '0.0000', 0, '', 2, 4, 'RUB', '1.00000000', '46.53.195.9', '46.53.195.9', 'Mozilla/5.0 (X11; Linux x86_64) AppleWebKit/537.36 (KHTML, like Gecko) Chrome/50.0.2661.94 Safari/537.36', 'ru-RU,ru;q=0.8,en-US;q=0.6,en;q=0.4', '2016-05-17 18:27:56', '2016-05-17 18:31:35'),
(219, 0, 'INV-2013-00', 0, 'Докторам и пациентам', 'http://doctorsplus.ru/', 0, 0, '', '', '', '', '', '', '', '', '', '', '', '', '', '', 0, '', 0, '', 'a:0:{}', 'Оплата наличными', 'cheque', '', '', '', '', '', '', '', '', 0, '', 0, '', 'a:0:{}', '', '', '', '12000.0000', 0, 0, '0.0000', 0, '', 2, 4, 'RUB', '1.00000000', '46.53.195.9', '46.53.195.9', 'Mozilla/5.0 (X11; Linux x86_64) AppleWebKit/537.36 (KHTML, like Gecko) Chrome/50.0.2661.94 Safari/537.36', 'ru-RU,ru;q=0.8,en-US;q=0.6,en;q=0.4', '2016-05-17 20:08:33', '2016-05-17 20:08:33'),
(220, 0, 'INV-2013-00', 0, 'Докторам и пациентам', 'http://doctorsplus.ru/', 0, 0, '', '', '', '', '', '', '', '', '', '', '', '', '', '', 0, '', 0, '', 'a:0:{}', 'Оплата наличными', 'cheque', '', '', '', '', '', '', '', '', 0, '', 0, '', 'a:0:{}', '', '', '', '12000.0000', 0, 0, '0.0000', 0, '', 2, 4, 'RUB', '1.00000000', '46.53.195.9', '46.53.195.9', 'Mozilla/5.0 (X11; Linux x86_64) AppleWebKit/537.36 (KHTML, like Gecko) Chrome/50.0.2661.94 Safari/537.36', 'ru-RU,ru;q=0.8,en-US;q=0.6,en;q=0.4', '2016-05-17 20:08:33', '2016-05-17 20:08:33'),
(221, 0, 'INV-2013-00', 0, 'Докторам и пациентам', 'http://doctorsplus.ru/', 0, 0, '', '', '', '', '', '', '', '', '', '', '', '', '', '', 0, '', 0, '', 'a:0:{}', 'Оплата при доставке', 'cod', '', '', '', '', '', '', '', '', 0, '', 0, '', 'a:0:{}', '', '', '', '12000.0000', 0, 0, '0.0000', 0, '', 2, 4, 'RUB', '1.00000000', '46.53.195.9', '46.53.195.9', 'Mozilla/5.0 (X11; Linux x86_64) AppleWebKit/537.36 (KHTML, like Gecko) Chrome/50.0.2661.94 Safari/537.36', 'ru-RU,ru;q=0.8,en-US;q=0.6,en;q=0.4', '2016-05-17 20:08:34', '2016-05-17 20:08:34'),
(222, 0, 'INV-2013-00', 0, 'Докторам и пациентам', 'http://doctorsplus.ru/', 0, 0, '', '', '', '', '', '', '', '', '', '', '', '', '', '', 0, '', 0, '', 'a:0:{}', 'Оплата наличными', 'cheque', '', '', '', '', '', '', '', '', 0, '', 0, '', 'a:0:{}', '', '', '', '12000.0000', 0, 0, '0.0000', 0, '', 2, 4, 'RUB', '1.00000000', '46.53.195.9', '46.53.195.9', 'Mozilla/5.0 (X11; Linux x86_64) AppleWebKit/537.36 (KHTML, like Gecko) Chrome/50.0.2661.94 Safari/537.36', 'ru-RU,ru;q=0.8,en-US;q=0.6,en;q=0.4', '2016-05-17 20:08:35', '2016-05-17 20:08:35'),
(223, 0, 'INV-2013-00', 0, 'Докторам и пациентам', 'http://doctorsplus.ru/', 0, 0, '', '', '', '', '', '', '', '', '', '', '', '', '', '', 0, '', 0, '', 'a:0:{}', 'Оплата при доставке', 'cod', '', '', '', '', '', '', '', '', 0, '', 0, '', 'a:0:{}', '', '', '', '12000.0000', 0, 0, '0.0000', 0, '', 2, 4, 'RUB', '1.00000000', '46.53.195.9', '46.53.195.9', 'Mozilla/5.0 (X11; Linux x86_64) AppleWebKit/537.36 (KHTML, like Gecko) Chrome/50.0.2661.94 Safari/537.36', 'ru-RU,ru;q=0.8,en-US;q=0.6,en;q=0.4', '2016-05-17 20:08:36', '2016-05-17 20:08:36'),
(224, 0, 'INV-2013-00', 0, 'Докторам и пациентам', 'http://doctorsplus.ru/', 0, 0, '', '', '', '', '', '', '', '', '', '', '', '', '', '', 0, '', 0, '', 'a:0:{}', 'Оплата наличными', 'cheque', '', '', '', '', '', '', '', '', 0, '', 0, '', 'a:0:{}', '', '', '', '12000.0000', 0, 0, '0.0000', 0, '', 2, 4, 'RUB', '1.00000000', '46.53.195.9', '46.53.195.9', 'Mozilla/5.0 (X11; Linux x86_64) AppleWebKit/537.36 (KHTML, like Gecko) Chrome/50.0.2661.94 Safari/537.36', 'ru-RU,ru;q=0.8,en-US;q=0.6,en;q=0.4', '2016-05-17 20:08:37', '2016-05-17 20:08:37'),
(225, 0, 'INV-2013-00', 0, 'Докторам и пациентам', 'http://doctorsplus.ru/', 0, 0, '', '', '', '', '', '', '', '', '', '', '', '', '', '', 0, '', 0, '', 'a:0:{}', 'Оплата при доставке', 'cod', '', '', '', '', '', '', '', '', 0, '', 0, '', 'a:0:{}', '', '', '', '12000.0000', 0, 0, '0.0000', 0, '', 2, 4, 'RUB', '1.00000000', '46.53.195.9', '46.53.195.9', 'Mozilla/5.0 (X11; Linux x86_64) AppleWebKit/537.36 (KHTML, like Gecko) Chrome/50.0.2661.94 Safari/537.36', 'ru-RU,ru;q=0.8,en-US;q=0.6,en;q=0.4', '2016-05-17 20:08:39', '2016-05-17 20:08:39'),
(226, 0, 'INV-2013-00', 0, 'Докторам и пациентам', 'http://doctorsplus.ru/', 0, 0, '', '', '', '', '', '', '', '', '', '', '', '', '', '', 0, '', 0, '', 'a:0:{}', 'Оплата наличными', 'cheque', '', '', '', '', '', '', '', '', 0, '', 0, '', 'a:0:{}', '', '', '', '12000.0000', 0, 0, '0.0000', 0, '', 2, 4, 'RUB', '1.00000000', '46.53.195.9', '46.53.195.9', 'Mozilla/5.0 (X11; Linux x86_64) AppleWebKit/537.36 (KHTML, like Gecko) Chrome/50.0.2661.94 Safari/537.36', 'ru-RU,ru;q=0.8,en-US;q=0.6,en;q=0.4', '2016-05-17 20:08:39', '2016-05-17 20:08:39'),
(227, 0, 'INV-2013-00', 0, 'Докторам и пациентам', 'http://doctorsplus.ru/', 0, 0, '', '', '', '', '', '', '', '', '', '', '', '', '', '', 0, '', 0, '', 'a:0:{}', 'Оплата при доставке', 'cod', '', '', '', '', '', '', '', '', 0, '', 0, '', 'a:0:{}', '', '', '', '12000.0000', 0, 0, '0.0000', 0, '', 2, 4, 'RUB', '1.00000000', '46.53.195.9', '46.53.195.9', 'Mozilla/5.0 (X11; Linux x86_64) AppleWebKit/537.36 (KHTML, like Gecko) Chrome/50.0.2661.94 Safari/537.36', 'ru-RU,ru;q=0.8,en-US;q=0.6,en;q=0.4', '2016-05-17 20:08:40', '2016-05-17 20:08:40'),
(228, 0, 'INV-2013-00', 0, 'Докторам и пациентам', 'http://doctorsplus.ru/', 0, 0, '', '', '', '', '', '', '', '', '', '', '', '', '', '', 0, '', 0, '', 'a:0:{}', 'Оплата наличными', 'cheque', '', '', '', '', '', '', '', '', 0, '', 0, '', 'a:0:{}', '', '', '', '12000.0000', 0, 0, '0.0000', 0, '', 2, 4, 'RUB', '1.00000000', '46.53.195.9', '46.53.195.9', 'Mozilla/5.0 (X11; Linux x86_64) AppleWebKit/537.36 (KHTML, like Gecko) Chrome/50.0.2661.94 Safari/537.36', 'ru-RU,ru;q=0.8,en-US;q=0.6,en;q=0.4', '2016-05-17 20:08:41', '2016-05-17 20:08:41'),
(229, 0, 'INV-2013-00', 0, 'Докторам и пациентам', 'http://doctorsplus.ru/', 0, 0, '', '', '', '', '', '', '', '', '', '', '', '', '', '', 0, '', 0, '', 'a:0:{}', 'Оплата наличными', 'cheque', '', '', '', '', '', '', '', '', 0, '', 0, '', 'a:0:{}', '', '', '', '12000.0000', 0, 0, '0.0000', 0, '', 2, 4, 'RUB', '1.00000000', '46.53.195.9', '46.53.195.9', 'Mozilla/5.0 (X11; Linux x86_64) AppleWebKit/537.36 (KHTML, like Gecko) Chrome/50.0.2661.94 Safari/537.36', 'ru-RU,ru;q=0.8,en-US;q=0.6,en;q=0.4', '2016-05-17 20:08:48', '2016-05-17 20:08:48'),
(230, 0, 'INV-2013-00', 0, 'Докторам и пациентам', 'http://doctorsplus.ru/', 0, 0, '', '', '', '', '', '', '', '', '', '', '', '', '', '', 0, '', 0, '', 'a:0:{}', 'Оплата при доставке', 'cod', '', '', '', '', '', '', '', '', 0, '', 0, '', 'a:0:{}', '', '', '', '12000.0000', 0, 0, '0.0000', 0, '', 2, 4, 'RUB', '1.00000000', '46.53.195.9', '46.53.195.9', 'Mozilla/5.0 (X11; Linux x86_64) AppleWebKit/537.36 (KHTML, like Gecko) Chrome/50.0.2661.94 Safari/537.36', 'ru-RU,ru;q=0.8,en-US;q=0.6,en;q=0.4', '2016-05-17 20:08:49', '2016-05-17 20:08:49'),
(231, 0, 'INV-2013-00', 0, 'Докторам и пациентам', 'http://doctorsplus.ru/', 0, 0, '', '', '', '', '', '', '', '', '', '', '', '', '', '', 0, '', 0, '', 'a:0:{}', 'Оплата при доставке', 'cod', '', '', '', '', '', '', '', '', 0, '', 0, '', 'a:0:{}', '', '', '', '12000.0000', 0, 0, '0.0000', 0, '', 2, 4, 'RUB', '1.00000000', '46.53.195.9', '46.53.195.9', 'Mozilla/5.0 (X11; Linux x86_64) AppleWebKit/537.36 (KHTML, like Gecko) Chrome/50.0.2661.94 Safari/537.36', 'ru-RU,ru;q=0.8,en-US;q=0.6,en;q=0.4', '2016-05-17 20:08:50', '2016-05-17 20:08:50'),
(232, 0, 'INV-2013-00', 0, 'Докторам и пациентам', 'http://doctorsplus.ru/', 0, 0, '', '', '', '', '', '', '', '', '', '', '', '', '', '', 0, '', 0, '', 'a:0:{}', 'Оплата при доставке', 'cod', '', '', '', '', '', '', '', '', 0, '', 0, '', 'a:0:{}', '', '', '', '12000.0000', 0, 0, '0.0000', 0, '', 2, 4, 'RUB', '1.00000000', '46.53.195.9', '46.53.195.9', 'Mozilla/5.0 (X11; Linux x86_64) AppleWebKit/537.36 (KHTML, like Gecko) Chrome/50.0.2661.94 Safari/537.36', 'ru-RU,ru;q=0.8,en-US;q=0.6,en;q=0.4', '2016-05-17 20:09:21', '2016-05-17 20:09:21'),
(233, 0, 'INV-2013-00', 0, 'Докторам и пациентам', 'http://doctorsplus.ru/', 0, 0, '', '', '', '', '', '', '', '', '', '', '', '', '', '', 0, '', 0, '', 'a:0:{}', 'Оплата наличными', 'cheque', '', '', '', '', '', '', '', '', 0, '', 0, '', 'a:0:{}', '', '', '', '12000.0000', 0, 0, '0.0000', 0, '', 2, 4, 'RUB', '1.00000000', '46.53.195.9', '46.53.195.9', 'Mozilla/5.0 (X11; Linux x86_64) AppleWebKit/537.36 (KHTML, like Gecko) Chrome/50.0.2661.94 Safari/537.36', 'ru-RU,ru;q=0.8,en-US;q=0.6,en;q=0.4', '2016-05-17 20:09:22', '2016-05-17 20:09:22'),
(234, 0, 'INV-2013-00', 0, 'Докторам и пациентам', 'http://doctorsplus.ru/', 0, 0, '', '', '', '', '', '', '', '', '', '', '', '', '', '', 0, '', 0, '', 'a:0:{}', 'Оплата наличными', 'cheque', '', '', '', '', '', '', '', '', 0, '', 0, '', 'a:0:{}', '', '', '', '12000.0000', 0, 0, '0.0000', 0, '', 2, 4, 'RUB', '1.00000000', '46.53.195.9', '46.53.195.9', 'Mozilla/5.0 (X11; Linux x86_64) AppleWebKit/537.36 (KHTML, like Gecko) Chrome/50.0.2661.94 Safari/537.36', 'ru-RU,ru;q=0.8,en-US;q=0.6,en;q=0.4', '2016-05-17 20:09:23', '2016-05-17 20:09:23'),
(235, 0, 'INV-2013-00', 0, 'Докторам и пациентам', 'http://doctorsplus.ru/', 0, 0, '', '', '', '', '', '', '', '', '', '', '', '', '', '', 0, '', 0, '', 'a:0:{}', 'Оплата при доставке', 'cod', '', '', '', '', '', '', '', '', 0, '', 0, '', 'a:0:{}', '', '', '', '12000.0000', 0, 0, '0.0000', 0, '', 2, 4, 'RUB', '1.00000000', '46.53.195.9', '46.53.195.9', 'Mozilla/5.0 (X11; Linux x86_64) AppleWebKit/537.36 (KHTML, like Gecko) Chrome/50.0.2661.94 Safari/537.36', 'ru-RU,ru;q=0.8,en-US;q=0.6,en;q=0.4', '2016-05-17 20:09:25', '2016-05-17 20:09:25'),
(236, 0, 'INV-2013-00', 0, 'Докторам и пациентам', 'http://doctorsplus.ru/', 53, 1, 'sdafsdf sdafasdfasdf', '', 'sdfasdf@rwerwer.by', '+71112223459', '', '', 'sdafsdf sdafasdfasdf', '', '', 'asdasd', '', 'sadasd', '123', '', 0, '', 0, '', 'a:0:{}', 'Оплата при доставке', 'cod', 'sdafsdf sdafasdfasdf', 'sdafsdf sdafasdfasdf', '', 'asdasd', '', 'sadasd', '123', '', 0, '', 0, '', 'a:0:{}', 'Фиксированная', 'flat.flat', 'dsfgdsfgdfgsdfghfgh', '12000.0000', 1, 0, '0.0000', 0, '', 2, 4, 'RUB', '1.00000000', '46.53.195.9', '46.53.195.9', 'Mozilla/5.0 (X11; Linux x86_64) AppleWebKit/537.36 (KHTML, like Gecko) Chrome/50.0.2661.94 Safari/537.36', 'ru-RU,ru;q=0.8,en-US;q=0.6,en;q=0.4', '2016-05-17 20:09:26', '2016-05-17 20:23:59'),
(237, 0, 'INV-2013-00', 0, 'Докторам и пациентам', 'http://doctorsplus.ru/', 0, 0, '', '', '', '', '', '', '', '', '', '', '', '', '', '', 0, '', 0, '', 'a:0:{}', '', '', '', '', '', '', '', '', '', '', 0, '', 0, '', 'a:0:{}', '', '', '', '12000.0000', 0, 0, '0.0000', 0, '', 2, 4, 'RUB', '1.00000000', '46.53.195.9', '46.53.195.9', 'Mozilla/5.0 (X11; Linux x86_64) AppleWebKit/537.36 (KHTML, like Gecko) Chrome/50.0.2661.94 Safari/537.36', 'ru-RU,ru;q=0.8,en-US;q=0.6,en;q=0.4', '2016-05-17 21:02:46', '2016-05-17 21:02:46'),
(238, 0, 'INV-2013-00', 0, 'Докторам и пациентам', 'http://doctorsplus.ru/', 0, 0, '', '', '', '', '', '', '', '', '', '', '', '', '', '', 0, '', 0, '', 'a:0:{}', '', '', '', '', '', '', '', '', '', '', 0, '', 0, '', 'a:0:{}', '', '', '', '12000.0000', 0, 0, '0.0000', 0, '', 2, 4, 'RUB', '1.00000000', '46.53.195.9', '46.53.195.9', 'Mozilla/5.0 (X11; Linux x86_64) AppleWebKit/537.36 (KHTML, like Gecko) Chrome/50.0.2661.94 Safari/537.36', 'ru-RU,ru;q=0.8,en-US;q=0.6,en;q=0.4', '2016-05-17 21:02:47', '2016-05-17 21:02:47'),
(239, 0, 'INV-2013-00', 0, 'Докторам и пациентам', 'http://doctorsplus.ru/', 59, 1, 'asdfasdf asdfasdf', '', 'sadfasdf@dsfsd,by', '+71112223453', '', '', 'asdfasdf asdfasdf', '', '', 'xzvxvc', '', 'xzvzvczxvc', '', '', 0, '', 0, '', 'a:0:{}', '', '', 'asdfasdf asdfasdf', 'asdfasdf asdfasdf', '', 'xzvxvc', '', 'xzvzvczxvc', '', '', 0, '', 0, '', 'a:0:{}', 'Фиксированная', 'flat.flat', 'dfgsdfgdfg', '12000.0000', 1, 0, '0.0000', 0, '', 2, 4, 'RUB', '1.00000000', '46.53.195.9', '46.53.195.9', 'Mozilla/5.0 (X11; Linux x86_64) AppleWebKit/537.36 (KHTML, like Gecko) Chrome/50.0.2661.94 Safari/537.36', 'ru-RU,ru;q=0.8,en-US;q=0.6,en;q=0.4', '2016-05-17 21:02:48', '2016-05-17 21:13:47'),
(240, 0, 'INV-2013-00', 0, 'Докторам и пациентам', 'http://doctorsplus.ru/', 61, 1, 'werqqwer qwerqwt', ' ', 'erwtwer@sdafsdfsd.by', '+71112223456 ', '', 'b:0;', '', '', '', '', '', '', '', '', 0, '', 0, '', 'a:0:{}', '', '', '', '', '', '', '', '', '', '', 0, '', 0, '', 'a:0:{}', '', '', '', '4900.0000', 0, 0, '0.0000', 0, '', 2, 4, 'RUB', '1.00000000', '46.53.195.9', '46.53.195.9', 'Mozilla/5.0 (X11; Linux x86_64) AppleWebKit/537.36 (KHTML, like Gecko) Chrome/50.0.2661.94 Safari/537.36', 'ru-RU,ru;q=0.8,en-US;q=0.6,en;q=0.4', '2016-05-17 21:32:15', '2016-05-17 21:32:15'),
(241, 0, 'INV-2013-00', 0, 'Докторам и пациентам', 'http://doctorsplus.ru/', 0, 0, 'Тест', 'Тест фамилия', 'kvershinam@gmail.com', '+79265789256', '', '', 'Тест', 'Тест фамилия', '', '', '', '', '', 'Russian Federation', 176, 'Moscow', 2761, '', '', '', '', 'Тест', 'Тест фамилия', '', '', '', '', '', 'Russian Federation', 176, 'Moscow', 2761, '', '', 'быстрый заказ', '', 'test', '5600.0000', 1, 0, '0.0000', 0, '', 2, 4, 'RUB', '1.00000000', '91.228.179.121', '91.228.179.121', 'Mozilla/5.0 (Windows NT 10.0; WOW64) AppleWebKit/537.36 (KHTML, like Gecko) Chrome/50.0.2661.102 Safari/537.36', 'en-US,en;q=0.8,ru;q=0.6,zh-TW;q=0.4,zh;q=0.2', '2016-05-20 17:45:01', '2016-05-20 17:45:01'),
(242, 0, 'INV-2013-00', 0, 'Докторам и пациентам', 'http://doctorsplus.ru/', 0, 0, '11111', '1111', '1@mail.ru', '12345678901', '', '', '11111', '1111', '', '', '', '', '', 'Russian Federation', 176, 'Moscow', 2761, '', '', '', '', '11111', '1111', '', '', '', '', '', 'Russian Federation', 176, 'Moscow', 2761, '', '', 'быстрый заказ', '', '1234', '340.0000', 1, 0, '0.0000', 0, '', 2, 4, 'RUB', '1.00000000', '188.0.188.111', '188.0.188.111', 'Mozilla/5.0 (Windows NT 6.1; WOW64) AppleWebKit/537.36 (KHTML, like Gecko) Chrome/51.0.2704.63 Safari/537.36 OPR/38.0.2220.29', 'ru-RU,ru;q=0.8,en-US;q=0.6,en;q=0.4', '2016-06-12 18:06:43', '2016-06-12 18:06:43');

-- --------------------------------------------------------

--
-- Структура таблицы `ts_order_custom_field`
--

CREATE TABLE IF NOT EXISTS `ts_order_custom_field` (
  `order_custom_field_id` int(11) NOT NULL AUTO_INCREMENT,
  `order_id` int(11) NOT NULL,
  `custom_field_id` int(11) NOT NULL,
  `custom_field_value_id` int(11) NOT NULL,
  `name` varchar(255) NOT NULL,
  `value` text NOT NULL,
  `type` varchar(32) NOT NULL,
  `location` varchar(16) NOT NULL,
  PRIMARY KEY (`order_custom_field_id`)
) ENGINE=MyISAM DEFAULT CHARSET=utf8;

-- --------------------------------------------------------

--
-- Структура таблицы `ts_order_fraud`
--

CREATE TABLE IF NOT EXISTS `ts_order_fraud` (
  `order_id` int(11) NOT NULL,
  `customer_id` int(11) NOT NULL,
  `country_match` varchar(3) NOT NULL,
  `country_code` varchar(2) NOT NULL,
  `high_risk_country` varchar(3) NOT NULL,
  `distance` int(11) NOT NULL,
  `ip_region` varchar(255) NOT NULL,
  `ip_city` varchar(255) NOT NULL,
  `ip_latitude` decimal(10,6) NOT NULL,
  `ip_longitude` decimal(10,6) NOT NULL,
  `ip_isp` varchar(255) NOT NULL,
  `ip_org` varchar(255) NOT NULL,
  `ip_asnum` int(11) NOT NULL,
  `ip_user_type` varchar(255) NOT NULL,
  `ip_country_confidence` varchar(3) NOT NULL,
  `ip_region_confidence` varchar(3) NOT NULL,
  `ip_city_confidence` varchar(3) NOT NULL,
  `ip_postal_confidence` varchar(3) NOT NULL,
  `ip_postal_code` varchar(10) NOT NULL,
  `ip_accuracy_radius` int(11) NOT NULL,
  `ip_net_speed_cell` varchar(255) NOT NULL,
  `ip_metro_code` int(3) NOT NULL,
  `ip_area_code` int(3) NOT NULL,
  `ip_time_zone` varchar(255) NOT NULL,
  `ip_region_name` varchar(255) NOT NULL,
  `ip_domain` varchar(255) NOT NULL,
  `ip_country_name` varchar(255) NOT NULL,
  `ip_continent_code` varchar(2) NOT NULL,
  `ip_corporate_proxy` varchar(3) NOT NULL,
  `anonymous_proxy` varchar(3) NOT NULL,
  `proxy_score` int(3) NOT NULL,
  `is_trans_proxy` varchar(3) NOT NULL,
  `free_mail` varchar(3) NOT NULL,
  `carder_email` varchar(3) NOT NULL,
  `high_risk_username` varchar(3) NOT NULL,
  `high_risk_password` varchar(3) NOT NULL,
  `bin_match` varchar(10) NOT NULL,
  `bin_country` varchar(2) NOT NULL,
  `bin_name_match` varchar(3) NOT NULL,
  `bin_name` varchar(255) NOT NULL,
  `bin_phone_match` varchar(3) NOT NULL,
  `bin_phone` varchar(32) NOT NULL,
  `customer_phone_in_billing_location` varchar(8) NOT NULL,
  `ship_forward` varchar(3) NOT NULL,
  `city_postal_match` varchar(3) NOT NULL,
  `ship_city_postal_match` varchar(3) NOT NULL,
  `score` decimal(10,5) NOT NULL,
  `explanation` text NOT NULL,
  `risk_score` decimal(10,5) NOT NULL,
  `queries_remaining` int(11) NOT NULL,
  `maxmind_id` varchar(8) NOT NULL,
  `error` text NOT NULL,
  `date_added` datetime NOT NULL,
  PRIMARY KEY (`order_id`)
) ENGINE=MyISAM DEFAULT CHARSET=utf8;

-- --------------------------------------------------------

--
-- Структура таблицы `ts_order_history`
--

CREATE TABLE IF NOT EXISTS `ts_order_history` (
  `order_history_id` int(11) NOT NULL AUTO_INCREMENT,
  `order_id` int(11) NOT NULL,
  `order_status_id` int(5) NOT NULL,
  `notify` tinyint(1) NOT NULL DEFAULT '0',
  `comment` text NOT NULL,
  `date_added` datetime NOT NULL,
  PRIMARY KEY (`order_history_id`)
) ENGINE=MyISAM AUTO_INCREMENT=23 DEFAULT CHARSET=utf8;

--
-- Дамп данных таблицы `ts_order_history`
--

INSERT INTO `ts_order_history` (`order_history_id`, `order_id`, `order_status_id`, `notify`, `comment`, `date_added`) VALUES
(21, 236, 1, 0, 'dsfgdsfgdfgsdfghfgh', '2016-05-17 20:23:59'),
(20, 218, 1, 0, 'dfgsdfgsdfgsdfg', '2016-05-17 18:31:35'),
(19, 117, 1, 0, '', '2016-04-25 10:47:23'),
(22, 239, 1, 0, 'dfgsdfgdfg', '2016-05-17 21:13:47');

-- --------------------------------------------------------

--
-- Структура таблицы `ts_order_option`
--

CREATE TABLE IF NOT EXISTS `ts_order_option` (
  `order_option_id` int(11) NOT NULL AUTO_INCREMENT,
  `order_id` int(11) NOT NULL,
  `order_product_id` int(11) NOT NULL,
  `product_option_id` int(11) NOT NULL,
  `product_option_value_id` int(11) NOT NULL DEFAULT '0',
  `name` varchar(255) NOT NULL,
  `value` text NOT NULL,
  `type` varchar(32) NOT NULL,
  PRIMARY KEY (`order_option_id`)
) ENGINE=MyISAM AUTO_INCREMENT=35 DEFAULT CHARSET=utf8;

--
-- Дамп данных таблицы `ts_order_option`
--

INSERT INTO `ts_order_option` (`order_option_id`, `order_id`, `order_product_id`, `product_option_id`, `product_option_value_id`, `name`, `value`, `type`) VALUES
(16, 221, 288, 1, 1, 'Размер', '15 х 15 см', 'select'),
(15, 220, 287, 1, 1, 'Размер', '15 х 15 см', 'select'),
(14, 219, 286, 1, 1, 'Размер', '15 х 15 см', 'select'),
(13, 115, 179, 1, 1, 'Размер', '15 х 15 см', 'select'),
(12, 114, 178, 1, 1, 'Размер', '15 х 15 см', 'select'),
(11, 113, 177, 1, 1, 'Размер', '15 х 15 см', 'select'),
(10, 112, 176, 1, 1, 'Размер', '15 х 15 см', 'select'),
(9, 111, 173, 1, 1, 'Размер', '15 х 15 см', 'select'),
(17, 222, 289, 1, 1, 'Размер', '15 х 15 см', 'select'),
(18, 223, 290, 1, 1, 'Размер', '15 х 15 см', 'select'),
(19, 224, 291, 1, 1, 'Размер', '15 х 15 см', 'select'),
(20, 225, 292, 1, 1, 'Размер', '15 х 15 см', 'select'),
(21, 226, 293, 1, 1, 'Размер', '15 х 15 см', 'select'),
(22, 227, 294, 1, 1, 'Размер', '15 х 15 см', 'select'),
(23, 228, 295, 1, 1, 'Размер', '15 х 15 см', 'select'),
(24, 229, 296, 1, 1, 'Размер', '15 х 15 см', 'select'),
(25, 230, 297, 1, 1, 'Размер', '15 х 15 см', 'select'),
(26, 231, 298, 1, 1, 'Размер', '15 х 15 см', 'select'),
(27, 232, 299, 1, 1, 'Размер', '15 х 15 см', 'select'),
(28, 233, 300, 1, 1, 'Размер', '15 х 15 см', 'select'),
(29, 234, 301, 1, 1, 'Размер', '15 х 15 см', 'select'),
(30, 235, 302, 1, 1, 'Размер', '15 х 15 см', 'select'),
(31, 236, 303, 1, 1, 'Размер', '15 х 15 см', 'select'),
(32, 237, 304, 1, 1, 'Размер', '15 х 15 см', 'select'),
(33, 238, 305, 1, 1, 'Размер', '15 х 15 см', 'select'),
(34, 239, 306, 1, 1, 'Размер', '15 х 15 см', 'select');

-- --------------------------------------------------------

--
-- Структура таблицы `ts_order_product`
--

CREATE TABLE IF NOT EXISTS `ts_order_product` (
  `order_product_id` int(11) NOT NULL AUTO_INCREMENT,
  `order_id` int(11) NOT NULL,
  `product_id` int(11) NOT NULL,
  `name` varchar(255) NOT NULL,
  `model` varchar(64) NOT NULL,
  `quantity` int(4) NOT NULL,
  `price` decimal(15,4) NOT NULL DEFAULT '0.0000',
  `total` decimal(15,4) NOT NULL DEFAULT '0.0000',
  `tax` decimal(15,4) NOT NULL DEFAULT '0.0000',
  `reward` int(8) NOT NULL,
  PRIMARY KEY (`order_product_id`)
) ENGINE=MyISAM AUTO_INCREMENT=310 DEFAULT CHARSET=utf8;

--
-- Дамп данных таблицы `ts_order_product`
--

INSERT INTO `ts_order_product` (`order_product_id`, `order_id`, `product_id`, `name`, `model`, `quantity`, `price`, `total`, `tax`, `reward`) VALUES
(231, 164, 111, 'Набор для шунтирования ликвора для лечения гидроцефалии низкого, среднего, высокого давления ', 'Набор для шунтирования ликвора  лечения и гидроцефалии ', 1, '5600.0000', '5600.0000', '0.0000', 0),
(230, 163, 111, 'Набор для шунтирования ликвора для лечения гидроцефалии низкого, среднего, высокого давления ', 'Набор для шунтирования ликвора  лечения и гидроцефалии ', 1, '5600.0000', '5600.0000', '0.0000', 0),
(229, 162, 111, 'Набор для шунтирования ликвора для лечения гидроцефалии низкого, среднего, высокого давления ', 'Набор для шунтирования ликвора  лечения и гидроцефалии ', 1, '5600.0000', '5600.0000', '0.0000', 0),
(228, 161, 111, 'Набор для шунтирования ликвора для лечения гидроцефалии низкого, среднего, высокого давления ', 'Набор для шунтирования ликвора  лечения и гидроцефалии ', 1, '5600.0000', '5600.0000', '0.0000', 0),
(227, 160, 111, 'Набор для шунтирования ликвора для лечения гидроцефалии низкого, среднего, высокого давления ', 'Набор для шунтирования ликвора  лечения и гидроцефалии ', 1, '5600.0000', '5600.0000', '0.0000', 0),
(226, 159, 111, 'Набор для шунтирования ликвора для лечения гидроцефалии низкого, среднего, высокого давления ', 'Набор для шунтирования ликвора  лечения и гидроцефалии ', 1, '5600.0000', '5600.0000', '0.0000', 0),
(225, 158, 111, 'Набор для шунтирования ликвора для лечения гидроцефалии низкого, среднего, высокого давления ', 'Набор для шунтирования ликвора  лечения и гидроцефалии ', 1, '5600.0000', '5600.0000', '0.0000', 0),
(224, 157, 111, 'Набор для шунтирования ликвора для лечения гидроцефалии низкого, среднего, высокого давления ', 'Набор для шунтирования ликвора  лечения и гидроцефалии ', 1, '5600.0000', '5600.0000', '0.0000', 0),
(223, 156, 111, 'Набор для шунтирования ликвора для лечения гидроцефалии низкого, среднего, высокого давления ', 'Набор для шунтирования ликвора  лечения и гидроцефалии ', 1, '5600.0000', '5600.0000', '0.0000', 0),
(222, 155, 111, 'Набор для шунтирования ликвора для лечения гидроцефалии низкого, среднего, высокого давления ', 'Набор для шунтирования ликвора  лечения и гидроцефалии ', 1, '5600.0000', '5600.0000', '0.0000', 0),
(221, 154, 111, 'Набор для шунтирования ликвора для лечения гидроцефалии низкого, среднего, высокого давления ', 'Набор для шунтирования ликвора  лечения и гидроцефалии ', 1, '5600.0000', '5600.0000', '0.0000', 0),
(220, 153, 111, 'Набор для шунтирования ликвора для лечения гидроцефалии низкого, среднего, высокого давления ', 'Набор для шунтирования ликвора  лечения и гидроцефалии ', 1, '5600.0000', '5600.0000', '0.0000', 0),
(219, 152, 111, 'Набор для шунтирования ликвора для лечения гидроцефалии низкого, среднего, высокого давления ', 'Набор для шунтирования ликвора  лечения и гидроцефалии ', 1, '5600.0000', '5600.0000', '0.0000', 0),
(218, 151, 111, 'Набор для шунтирования ликвора для лечения гидроцефалии низкого, среднего, высокого давления ', 'Набор для шунтирования ликвора  лечения и гидроцефалии ', 1, '5600.0000', '5600.0000', '0.0000', 0),
(217, 150, 111, 'Набор для шунтирования ликвора для лечения гидроцефалии низкого, среднего, высокого давления ', 'Набор для шунтирования ликвора  лечения и гидроцефалии ', 1, '5600.0000', '5600.0000', '0.0000', 0),
(216, 149, 111, 'Набор для шунтирования ликвора для лечения гидроцефалии низкого, среднего, высокого давления ', 'Набор для шунтирования ликвора  лечения и гидроцефалии ', 1, '5600.0000', '5600.0000', '0.0000', 0),
(215, 148, 111, 'Набор для шунтирования ликвора для лечения гидроцефалии низкого, среднего, высокого давления ', 'Набор для шунтирования ликвора  лечения и гидроцефалии ', 1, '5600.0000', '5600.0000', '0.0000', 0),
(214, 147, 111, 'Набор для шунтирования ликвора для лечения гидроцефалии низкого, среднего, высокого давления ', 'Набор для шунтирования ликвора  лечения и гидроцефалии ', 1, '5600.0000', '5600.0000', '0.0000', 0),
(213, 146, 111, 'Набор для шунтирования ликвора для лечения гидроцефалии низкого, среднего, высокого давления ', 'Набор для шунтирования ликвора  лечения и гидроцефалии ', 1, '5600.0000', '5600.0000', '0.0000', 0),
(212, 145, 111, 'Набор для шунтирования ликвора для лечения гидроцефалии низкого, среднего, высокого давления ', 'Набор для шунтирования ликвора  лечения и гидроцефалии ', 1, '5600.0000', '5600.0000', '0.0000', 0),
(211, 144, 111, 'Набор для шунтирования ликвора для лечения гидроцефалии низкого, среднего, высокого давления ', 'Набор для шунтирования ликвора  лечения и гидроцефалии ', 1, '5600.0000', '5600.0000', '0.0000', 0),
(210, 143, 111, 'Набор для шунтирования ликвора для лечения гидроцефалии низкого, среднего, высокого давления ', 'Набор для шунтирования ликвора  лечения и гидроцефалии ', 1, '5600.0000', '5600.0000', '0.0000', 0),
(209, 142, 111, 'Набор для шунтирования ликвора для лечения гидроцефалии низкого, среднего, высокого давления ', 'Набор для шунтирования ликвора  лечения и гидроцефалии ', 1, '5600.0000', '5600.0000', '0.0000', 0),
(208, 141, 111, 'Набор для шунтирования ликвора для лечения гидроцефалии низкого, среднего, высокого давления ', 'Набор для шунтирования ликвора  лечения и гидроцефалии ', 1, '5600.0000', '5600.0000', '0.0000', 0),
(207, 140, 111, 'Набор для шунтирования ликвора для лечения гидроцефалии низкого, среднего, высокого давления ', 'Набор для шунтирования ликвора  лечения и гидроцефалии ', 1, '5600.0000', '5600.0000', '0.0000', 0),
(206, 139, 111, 'Набор для шунтирования ликвора для лечения гидроцефалии низкого, среднего, высокого давления ', 'Набор для шунтирования ликвора  лечения и гидроцефалии ', 1, '5600.0000', '5600.0000', '0.0000', 0),
(205, 138, 111, 'Набор для шунтирования ликвора для лечения гидроцефалии низкого, среднего, высокого давления ', 'Набор для шунтирования ликвора  лечения и гидроцефалии ', 1, '5600.0000', '5600.0000', '0.0000', 0),
(204, 137, 111, 'Набор для шунтирования ликвора для лечения гидроцефалии низкого, среднего, высокого давления ', 'Набор для шунтирования ликвора  лечения и гидроцефалии ', 1, '5600.0000', '5600.0000', '0.0000', 0),
(203, 136, 111, 'Набор для шунтирования ликвора для лечения гидроцефалии низкого, среднего, высокого давления ', 'Набор для шунтирования ликвора  лечения и гидроцефалии ', 1, '5600.0000', '5600.0000', '0.0000', 0),
(202, 135, 111, 'Набор для шунтирования ликвора для лечения гидроцефалии низкого, среднего, высокого давления ', 'Набор для шунтирования ликвора  лечения и гидроцефалии ', 1, '5600.0000', '5600.0000', '0.0000', 0),
(201, 134, 111, 'Набор для шунтирования ликвора для лечения гидроцефалии низкого, среднего, высокого давления ', 'Набор для шунтирования ликвора  лечения и гидроцефалии ', 1, '5600.0000', '5600.0000', '0.0000', 0),
(200, 133, 111, 'Набор для шунтирования ликвора для лечения гидроцефалии низкого, среднего, высокого давления ', 'Набор для шунтирования ликвора  лечения и гидроцефалии ', 1, '5600.0000', '5600.0000', '0.0000', 0),
(199, 132, 111, 'Набор для шунтирования ликвора для лечения гидроцефалии низкого, среднего, высокого давления ', 'Набор для шунтирования ликвора  лечения и гидроцефалии ', 1, '5600.0000', '5600.0000', '0.0000', 0),
(198, 131, 111, 'Набор для шунтирования ликвора для лечения гидроцефалии низкого, среднего, высокого давления ', 'Набор для шунтирования ликвора  лечения и гидроцефалии ', 1, '5600.0000', '5600.0000', '0.0000', 0),
(197, 130, 111, 'Набор для шунтирования ликвора для лечения гидроцефалии низкого, среднего, высокого давления ', 'Набор для шунтирования ликвора  лечения и гидроцефалии ', 1, '5600.0000', '5600.0000', '0.0000', 0),
(196, 129, 111, 'Набор для шунтирования ликвора для лечения гидроцефалии низкого, среднего, высокого давления ', 'Набор для шунтирования ликвора  лечения и гидроцефалии ', 1, '5600.0000', '5600.0000', '0.0000', 0),
(195, 128, 111, 'Набор для шунтирования ликвора для лечения гидроцефалии низкого, среднего, высокого давления ', 'Набор для шунтирования ликвора  лечения и гидроцефалии ', 1, '5600.0000', '5600.0000', '0.0000', 0),
(194, 127, 111, 'Набор для шунтирования ликвора для лечения гидроцефалии низкого, среднего, высокого давления ', 'Набор для шунтирования ликвора  лечения и гидроцефалии ', 1, '5600.0000', '5600.0000', '0.0000', 0),
(193, 126, 111, 'Набор для шунтирования ликвора для лечения гидроцефалии низкого, среднего, высокого давления ', 'Набор для шунтирования ликвора  лечения и гидроцефалии ', 1, '5600.0000', '5600.0000', '0.0000', 0),
(192, 125, 111, 'Набор для шунтирования ликвора для лечения гидроцефалии низкого, среднего, высокого давления ', 'Набор для шунтирования ликвора  лечения и гидроцефалии ', 1, '5600.0000', '5600.0000', '0.0000', 0),
(191, 124, 111, 'Набор для шунтирования ликвора для лечения гидроцефалии низкого, среднего, высокого давления ', 'Набор для шунтирования ликвора  лечения и гидроцефалии ', 1, '5600.0000', '5600.0000', '0.0000', 0),
(190, 123, 111, 'Набор для шунтирования ликвора для лечения гидроцефалии низкого, среднего, высокого давления ', 'Набор для шунтирования ликвора  лечения и гидроцефалии ', 1, '5600.0000', '5600.0000', '0.0000', 0),
(189, 122, 111, 'Набор для шунтирования ликвора для лечения гидроцефалии низкого, среднего, высокого давления ', 'Набор для шунтирования ликвора  лечения и гидроцефалии ', 1, '5600.0000', '5600.0000', '0.0000', 0),
(188, 121, 111, 'Набор для шунтирования ликвора для лечения гидроцефалии низкого, среднего, высокого давления ', 'Набор для шунтирования ликвора  лечения и гидроцефалии ', 1, '5600.0000', '5600.0000', '0.0000', 0),
(187, 120, 111, 'Набор для шунтирования ликвора для лечения гидроцефалии низкого, среднего, высокого давления ', 'Набор для шунтирования ликвора  лечения и гидроцефалии ', 1, '5600.0000', '5600.0000', '0.0000', 0),
(186, 119, 77, 'Клей биологически Bioglue', 'BG-3502-5-G', 1, '5600.0000', '5600.0000', '0.0000', 0),
(185, 118, 115, 'Коллагеновый имплантат для восстановления периферийных нервов NeuraGen', 'Коллагеновый имплантат для восстановления периферийных нервов', 1, '4900.0000', '4900.0000', '0.0000', 0),
(184, 118, 75, 'Двусторонний коллагеновый имплантат для пластики ТМО DuraGen Plus®', 'Двусторонний коллагеновый имплантат ', 2, '4900.0000', '9800.0000', '0.0000', 0),
(183, 117, 77, 'Клей биологически Bioglue', 'Клей биологически Bioglue', 1, '5600.0000', '5600.0000', '0.0000', 0),
(182, 117, 109, 'Подшиваемый имплантат для пластики ТМО DuraGenSuturable ', 'Подшиваемый имплантат для пластики ТМО DuraGenSuturable ', 1, '4900.0000', '4900.0000', '0.0000', 0),
(181, 116, 77, 'Клей биологически Bioglue', 'Клей биологически Bioglue', 1, '5600.0000', '5600.0000', '0.0000', 0),
(180, 116, 109, 'Подшиваемый имплантат для пластики ТМО DuraGenSuturable ', 'Подшиваемый имплантат для пластики ТМО DuraGenSuturable ', 1, '4900.0000', '4900.0000', '0.0000', 0),
(179, 115, 90, 'Двухкомпонентная шунтирующая система низкого потока NPH™', '392003', 1, '12000.0000', '12000.0000', '0.0000', 0),
(178, 114, 90, 'Двухкомпонентная шунтирующая система низкого потока NPH™', '392003', 1, '12000.0000', '12000.0000', '0.0000', 0),
(177, 113, 90, 'Двухкомпонентная шунтирующая система низкого потока NPH™', '392003', 1, '12000.0000', '12000.0000', '0.0000', 0),
(176, 112, 90, 'Двухкомпонентная шунтирующая система низкого потока NPH™', '392003', 1, '12000.0000', '12000.0000', '0.0000', 0),
(175, 111, 77, 'Устройство для взятия проб ликвора и введения радиофармпрепаратов КШЛП-01 ', 'Кольпоскоп', 1, '5600.0000', '5600.0000', '0.0000', 0),
(174, 111, 111, 'ДСХОР 1-100 Дренаж одноканальный для соединения с резервуаром для сбора жидкости РСдСЖ', 'Кольпоскоп', 1, '4200.0000', '4200.0000', '0.0000', 0),
(172, 111, 109, 'Подшиваемый имплантат для пластики ТМО DuraGenSuturable ™', 'Кольпоскоп', 1, '4900.0000', '4900.0000', '0.0000', 0),
(173, 111, 90, 'Двухкомпонентная шунтирующая система низкого потока NPH™', '392003', 1, '12000.0000', '12000.0000', '0.0000', 0),
(171, 111, 113, 'Коллагеновый имплантат для пластики ТМО DuraGen®', 'Кольпоскоп', 1, '4900.0000', '4900.0000', '0.0000', 0),
(170, 111, 75, 'Двусторонний коллагеновый имплантат для пластики ТМО DuraGen Plus®', 'Кольпоскоп', 2, '4900.0000', '9800.0000', '0.0000', 0),
(232, 165, 111, 'Набор для шунтирования ликвора для лечения гидроцефалии низкого, среднего, высокого давления ', 'Набор для шунтирования ликвора  лечения и гидроцефалии ', 1, '5600.0000', '5600.0000', '0.0000', 0),
(233, 166, 111, 'Набор для шунтирования ликвора для лечения гидроцефалии низкого, среднего, высокого давления ', 'Набор для шунтирования ликвора  лечения и гидроцефалии ', 1, '5600.0000', '5600.0000', '0.0000', 0),
(234, 167, 111, 'Набор для шунтирования ликвора для лечения гидроцефалии низкого, среднего, высокого давления ', 'Набор для шунтирования ликвора  лечения и гидроцефалии ', 1, '5600.0000', '5600.0000', '0.0000', 0),
(235, 168, 111, 'Набор для шунтирования ликвора для лечения гидроцефалии низкого, среднего, высокого давления ', 'Набор для шунтирования ликвора  лечения и гидроцефалии ', 1, '5600.0000', '5600.0000', '0.0000', 0),
(236, 169, 111, 'Набор для шунтирования ликвора для лечения гидроцефалии низкого, среднего, высокого давления ', 'Набор для шунтирования ликвора  лечения и гидроцефалии ', 1, '5600.0000', '5600.0000', '0.0000', 0),
(237, 170, 111, 'Набор для шунтирования ликвора для лечения гидроцефалии низкого, среднего, высокого давления ', 'Набор для шунтирования ликвора  лечения и гидроцефалии ', 1, '5600.0000', '5600.0000', '0.0000', 0),
(238, 171, 111, 'Набор для шунтирования ликвора для лечения гидроцефалии низкого, среднего, высокого давления ', 'Набор для шунтирования ликвора  лечения и гидроцефалии ', 1, '5600.0000', '5600.0000', '0.0000', 0),
(239, 172, 111, 'Набор для шунтирования ликвора для лечения гидроцефалии низкого, среднего, высокого давления ', 'Набор для шунтирования ликвора  лечения и гидроцефалии ', 1, '5600.0000', '5600.0000', '0.0000', 0),
(240, 173, 111, 'Набор для шунтирования ликвора для лечения гидроцефалии низкого, среднего, высокого давления ', 'Набор для шунтирования ликвора  лечения и гидроцефалии ', 1, '5600.0000', '5600.0000', '0.0000', 0),
(241, 174, 111, 'Набор для шунтирования ликвора для лечения гидроцефалии низкого, среднего, высокого давления ', 'Набор для шунтирования ликвора  лечения и гидроцефалии ', 1, '5600.0000', '5600.0000', '0.0000', 0),
(242, 175, 111, 'Набор для шунтирования ликвора для лечения гидроцефалии низкого, среднего, высокого давления ', 'Набор для шунтирования ликвора  лечения и гидроцефалии ', 1, '5600.0000', '5600.0000', '0.0000', 0),
(243, 176, 111, 'Набор для шунтирования ликвора для лечения гидроцефалии низкого, среднего, высокого давления ', 'Набор для шунтирования ликвора  лечения и гидроцефалии ', 1, '5600.0000', '5600.0000', '0.0000', 0),
(244, 177, 111, 'Набор для шунтирования ликвора для лечения гидроцефалии низкого, среднего, высокого давления ', 'Набор для шунтирования ликвора  лечения и гидроцефалии ', 1, '5600.0000', '5600.0000', '0.0000', 0),
(245, 178, 111, 'Набор для шунтирования ликвора для лечения гидроцефалии низкого, среднего, высокого давления ', 'Набор для шунтирования ликвора  лечения и гидроцефалии ', 1, '5600.0000', '5600.0000', '0.0000', 0),
(246, 179, 111, 'Набор для шунтирования ликвора для лечения гидроцефалии низкого, среднего, высокого давления ', 'Набор для шунтирования ликвора  лечения и гидроцефалии ', 1, '5600.0000', '5600.0000', '0.0000', 0),
(247, 180, 111, 'Набор для шунтирования ликвора для лечения гидроцефалии низкого, среднего, высокого давления ', 'Набор для шунтирования ликвора  лечения и гидроцефалии ', 1, '5600.0000', '5600.0000', '0.0000', 0),
(248, 181, 111, 'Набор для шунтирования ликвора для лечения гидроцефалии низкого, среднего, высокого давления ', 'Набор для шунтирования ликвора  лечения и гидроцефалии ', 1, '5600.0000', '5600.0000', '0.0000', 0),
(249, 182, 111, 'Набор для шунтирования ликвора для лечения гидроцефалии низкого, среднего, высокого давления ', 'Набор для шунтирования ликвора  лечения и гидроцефалии ', 1, '5600.0000', '5600.0000', '0.0000', 0),
(250, 183, 111, 'Набор для шунтирования ликвора для лечения гидроцефалии низкого, среднего, высокого давления ', 'Набор для шунтирования ликвора  лечения и гидроцефалии ', 1, '5600.0000', '5600.0000', '0.0000', 0),
(251, 184, 111, 'Набор для шунтирования ликвора для лечения гидроцефалии низкого, среднего, высокого давления ', 'Набор для шунтирования ликвора  лечения и гидроцефалии ', 1, '5600.0000', '5600.0000', '0.0000', 0),
(252, 185, 111, 'Набор для шунтирования ликвора для лечения гидроцефалии низкого, среднего, высокого давления ', 'Набор для шунтирования ликвора  лечения и гидроцефалии ', 1, '5600.0000', '5600.0000', '0.0000', 0),
(253, 186, 111, 'Набор для шунтирования ликвора для лечения гидроцефалии низкого, среднего, высокого давления ', 'Набор для шунтирования ликвора  лечения и гидроцефалии ', 1, '5600.0000', '5600.0000', '0.0000', 0),
(254, 187, 111, 'Набор для шунтирования ликвора для лечения гидроцефалии низкого, среднего, высокого давления ', 'Набор для шунтирования ликвора  лечения и гидроцефалии ', 1, '5600.0000', '5600.0000', '0.0000', 0),
(255, 188, 111, 'Набор для шунтирования ликвора для лечения гидроцефалии низкого, среднего, высокого давления ', 'Набор для шунтирования ликвора  лечения и гидроцефалии ', 1, '5600.0000', '5600.0000', '0.0000', 0),
(256, 189, 111, 'Набор для шунтирования ликвора для лечения гидроцефалии низкого, среднего, высокого давления ', 'Набор для шунтирования ликвора  лечения и гидроцефалии ', 1, '5600.0000', '5600.0000', '0.0000', 0),
(257, 190, 111, 'Набор для шунтирования ликвора для лечения гидроцефалии низкого, среднего, высокого давления ', 'Набор для шунтирования ликвора  лечения и гидроцефалии ', 1, '5600.0000', '5600.0000', '0.0000', 0),
(258, 191, 111, 'Набор для шунтирования ликвора для лечения гидроцефалии низкого, среднего, высокого давления ', 'Набор для шунтирования ликвора  лечения и гидроцефалии ', 1, '5600.0000', '5600.0000', '0.0000', 0),
(259, 192, 111, 'Набор для шунтирования ликвора для лечения гидроцефалии низкого, среднего, высокого давления ', 'Набор для шунтирования ликвора  лечения и гидроцефалии ', 1, '5600.0000', '5600.0000', '0.0000', 0),
(260, 193, 111, 'Набор для шунтирования ликвора для лечения гидроцефалии низкого, среднего, высокого давления ', 'Набор для шунтирования ликвора  лечения и гидроцефалии ', 1, '5600.0000', '5600.0000', '0.0000', 0),
(261, 194, 111, 'Набор для шунтирования ликвора для лечения гидроцефалии низкого, среднего, высокого давления ', 'Набор для шунтирования ликвора  лечения и гидроцефалии ', 1, '5600.0000', '5600.0000', '0.0000', 0),
(262, 195, 111, 'Набор для шунтирования ликвора для лечения гидроцефалии низкого, среднего, высокого давления ', 'Набор для шунтирования ликвора  лечения и гидроцефалии ', 1, '5600.0000', '5600.0000', '0.0000', 0),
(263, 196, 111, 'Набор для шунтирования ликвора для лечения гидроцефалии низкого, среднего, высокого давления ', 'Набор для шунтирования ликвора  лечения и гидроцефалии ', 1, '5600.0000', '5600.0000', '0.0000', 0),
(264, 197, 111, 'Набор для шунтирования ликвора для лечения гидроцефалии низкого, среднего, высокого давления ', 'Набор для шунтирования ликвора  лечения и гидроцефалии ', 1, '5600.0000', '5600.0000', '0.0000', 0),
(265, 198, 111, 'Набор для шунтирования ликвора для лечения гидроцефалии низкого, среднего, высокого давления ', 'Набор для шунтирования ликвора  лечения и гидроцефалии ', 1, '5600.0000', '5600.0000', '0.0000', 0),
(266, 199, 111, 'Набор для шунтирования ликвора для лечения гидроцефалии низкого, среднего, высокого давления ', 'Набор для шунтирования ликвора  лечения и гидроцефалии ', 1, '5600.0000', '5600.0000', '0.0000', 0),
(267, 200, 111, 'Набор для шунтирования ликвора для лечения гидроцефалии низкого, среднего, высокого давления ', 'Набор для шунтирования ликвора  лечения и гидроцефалии ', 1, '5600.0000', '5600.0000', '0.0000', 0),
(268, 201, 111, 'Набор для шунтирования ликвора для лечения гидроцефалии низкого, среднего, высокого давления ', 'Набор для шунтирования ликвора  лечения и гидроцефалии ', 1, '5600.0000', '5600.0000', '0.0000', 0),
(269, 202, 111, 'Набор для шунтирования ликвора для лечения гидроцефалии низкого, среднего, высокого давления ', 'Набор для шунтирования ликвора  лечения и гидроцефалии ', 1, '5600.0000', '5600.0000', '0.0000', 0),
(270, 203, 111, 'Набор для шунтирования ликвора для лечения гидроцефалии низкого, среднего, высокого давления ', 'Набор для шунтирования ликвора  лечения и гидроцефалии ', 1, '5600.0000', '5600.0000', '0.0000', 0),
(271, 204, 111, 'Набор для шунтирования ликвора для лечения гидроцефалии низкого, среднего, высокого давления ', 'Набор для шунтирования ликвора  лечения и гидроцефалии ', 1, '5600.0000', '5600.0000', '0.0000', 0),
(272, 205, 111, 'Набор для шунтирования ликвора для лечения гидроцефалии низкого, среднего, высокого давления ', 'Набор для шунтирования ликвора  лечения и гидроцефалии ', 1, '5600.0000', '5600.0000', '0.0000', 0),
(273, 206, 111, 'Набор для шунтирования ликвора для лечения гидроцефалии низкого, среднего, высокого давления ', 'Набор для шунтирования ликвора  лечения и гидроцефалии ', 1, '5600.0000', '5600.0000', '0.0000', 0),
(274, 207, 111, 'Набор для шунтирования ликвора для лечения гидроцефалии низкого, среднего, высокого давления ', 'Набор для шунтирования ликвора  лечения и гидроцефалии ', 1, '5600.0000', '5600.0000', '0.0000', 0),
(275, 208, 111, 'Набор для шунтирования ликвора для лечения гидроцефалии низкого, среднего, высокого давления ', 'Набор для шунтирования ликвора  лечения и гидроцефалии ', 1, '5600.0000', '5600.0000', '0.0000', 0),
(276, 209, 111, 'Набор для шунтирования ликвора для лечения гидроцефалии низкого, среднего, высокого давления ', 'Набор для шунтирования ликвора  лечения и гидроцефалии ', 1, '5600.0000', '5600.0000', '0.0000', 0),
(277, 210, 111, 'Набор для шунтирования ликвора для лечения гидроцефалии низкого, среднего, высокого давления ', 'Набор для шунтирования ликвора  лечения и гидроцефалии ', 1, '5600.0000', '5600.0000', '0.0000', 0),
(278, 211, 111, 'Набор для шунтирования ликвора для лечения гидроцефалии низкого, среднего, высокого давления ', 'Набор для шунтирования ликвора  лечения и гидроцефалии ', 1, '5600.0000', '5600.0000', '0.0000', 0),
(279, 212, 111, 'Набор для шунтирования ликвора для лечения гидроцефалии низкого, среднего, высокого давления ', 'Набор для шунтирования ликвора  лечения и гидроцефалии ', 1, '5600.0000', '5600.0000', '0.0000', 0),
(280, 213, 111, 'Набор для шунтирования ликвора для лечения гидроцефалии низкого, среднего, высокого давления ', 'Набор для шунтирования ликвора  лечения и гидроцефалии ', 1, '5600.0000', '5600.0000', '0.0000', 0),
(281, 214, 111, 'Набор для шунтирования ликвора для лечения гидроцефалии низкого, среднего, высокого давления ', 'Набор для шунтирования ликвора  лечения и гидроцефалии ', 1, '5600.0000', '5600.0000', '0.0000', 0),
(282, 215, 111, 'Набор для шунтирования ликвора для лечения гидроцефалии низкого, среднего, высокого давления ', 'Набор для шунтирования ликвора  лечения и гидроцефалии ', 1, '5600.0000', '5600.0000', '0.0000', 0),
(283, 216, 111, 'Набор для шунтирования ликвора для лечения гидроцефалии низкого, среднего, высокого давления ', 'Набор для шунтирования ликвора  лечения и гидроцефалии ', 1, '5600.0000', '5600.0000', '0.0000', 0),
(284, 217, 111, 'Набор для шунтирования ликвора для лечения гидроцефалии низкого, среднего, высокого давления ', 'Набор для шунтирования ликвора  лечения и гидроцефалии ', 1, '5600.0000', '5600.0000', '0.0000', 0),
(285, 218, 111, 'Набор для шунтирования ликвора для лечения гидроцефалии низкого, среднего, высокого давления ', 'Набор для шунтирования ликвора  лечения и гидроцефалии ', 1, '5600.0000', '5600.0000', '0.0000', 0),
(286, 219, 90, 'Двухкомпонентная шунтирующая система низкого потока NPH™', 'Двухкомпонентная шунтирующая система низкого потока', 1, '12000.0000', '12000.0000', '0.0000', 0),
(287, 220, 90, 'Двухкомпонентная шунтирующая система низкого потока NPH™', 'Двухкомпонентная шунтирующая система низкого потока', 1, '12000.0000', '12000.0000', '0.0000', 0),
(288, 221, 90, 'Двухкомпонентная шунтирующая система низкого потока NPH™', 'Двухкомпонентная шунтирующая система низкого потока', 1, '12000.0000', '12000.0000', '0.0000', 0),
(289, 222, 90, 'Двухкомпонентная шунтирующая система низкого потока NPH™', 'Двухкомпонентная шунтирующая система низкого потока', 1, '12000.0000', '12000.0000', '0.0000', 0),
(290, 223, 90, 'Двухкомпонентная шунтирующая система низкого потока NPH™', 'Двухкомпонентная шунтирующая система низкого потока', 1, '12000.0000', '12000.0000', '0.0000', 0),
(291, 224, 90, 'Двухкомпонентная шунтирующая система низкого потока NPH™', 'Двухкомпонентная шунтирующая система низкого потока', 1, '12000.0000', '12000.0000', '0.0000', 0),
(292, 225, 90, 'Двухкомпонентная шунтирующая система низкого потока NPH™', 'Двухкомпонентная шунтирующая система низкого потока', 1, '12000.0000', '12000.0000', '0.0000', 0),
(293, 226, 90, 'Двухкомпонентная шунтирующая система низкого потока NPH™', 'Двухкомпонентная шунтирующая система низкого потока', 1, '12000.0000', '12000.0000', '0.0000', 0),
(294, 227, 90, 'Двухкомпонентная шунтирующая система низкого потока NPH™', 'Двухкомпонентная шунтирующая система низкого потока', 1, '12000.0000', '12000.0000', '0.0000', 0),
(295, 228, 90, 'Двухкомпонентная шунтирующая система низкого потока NPH™', 'Двухкомпонентная шунтирующая система низкого потока', 1, '12000.0000', '12000.0000', '0.0000', 0),
(296, 229, 90, 'Двухкомпонентная шунтирующая система низкого потока NPH™', 'Двухкомпонентная шунтирующая система низкого потока', 1, '12000.0000', '12000.0000', '0.0000', 0),
(297, 230, 90, 'Двухкомпонентная шунтирующая система низкого потока NPH™', 'Двухкомпонентная шунтирующая система низкого потока', 1, '12000.0000', '12000.0000', '0.0000', 0),
(298, 231, 90, 'Двухкомпонентная шунтирующая система низкого потока NPH™', 'Двухкомпонентная шунтирующая система низкого потока', 1, '12000.0000', '12000.0000', '0.0000', 0),
(299, 232, 90, 'Двухкомпонентная шунтирующая система низкого потока NPH™', 'Двухкомпонентная шунтирующая система низкого потока', 1, '12000.0000', '12000.0000', '0.0000', 0),
(300, 233, 90, 'Двухкомпонентная шунтирующая система низкого потока NPH™', 'Двухкомпонентная шунтирующая система низкого потока', 1, '12000.0000', '12000.0000', '0.0000', 0),
(301, 234, 90, 'Двухкомпонентная шунтирующая система низкого потока NPH™', 'Двухкомпонентная шунтирующая система низкого потока', 1, '12000.0000', '12000.0000', '0.0000', 0),
(302, 235, 90, 'Двухкомпонентная шунтирующая система низкого потока NPH™', 'Двухкомпонентная шунтирующая система низкого потока', 1, '12000.0000', '12000.0000', '0.0000', 0),
(303, 236, 90, 'Двухкомпонентная шунтирующая система низкого потока NPH™', 'Двухкомпонентная шунтирующая система низкого потока', 1, '12000.0000', '12000.0000', '0.0000', 0),
(304, 237, 90, 'Двухкомпонентная шунтирующая система низкого потока NPH™', 'Двухкомпонентная шунтирующая система низкого потока', 1, '12000.0000', '12000.0000', '0.0000', 0),
(305, 238, 90, 'Двухкомпонентная шунтирующая система низкого потока NPH™', 'Двухкомпонентная шунтирующая система низкого потока', 1, '12000.0000', '12000.0000', '0.0000', 0),
(306, 239, 90, 'Двухкомпонентная шунтирующая система низкого потока NPH™', 'Двухкомпонентная шунтирующая система низкого потока', 1, '12000.0000', '12000.0000', '0.0000', 0),
(307, 240, 109, 'Подшиваемый имплантат для пластики ТМО DuraGen Suturable ', 'DURS1391ITL   ', 1, '4900.0000', '4900.0000', '0.0000', 0),
(308, 241, 111, 'Набор для шунтирования ликвора для лечения гидроцефалии низкого, среднего, высокого давления ', 'Набор для шунтирования ликвора  лечения и гидроцефалии ', 1, '5600.0000', '5600.0000', '0.0000', 0),
(309, 242, 190, ' Нутрикомп Файбер ликвид, 500 мл, пластиковый контейнер  (1 кКал/мл)', '3539632', 1, '340.0000', '340.0000', '0.0000', 0);

-- --------------------------------------------------------

--
-- Структура таблицы `ts_order_recurring`
--

CREATE TABLE IF NOT EXISTS `ts_order_recurring` (
  `order_recurring_id` int(11) NOT NULL AUTO_INCREMENT,
  `order_id` int(11) NOT NULL,
  `reference` varchar(255) NOT NULL,
  `product_id` int(11) NOT NULL,
  `product_name` varchar(255) NOT NULL,
  `product_quantity` int(11) NOT NULL,
  `recurring_id` int(11) NOT NULL,
  `recurring_name` varchar(255) NOT NULL,
  `recurring_description` varchar(255) NOT NULL,
  `recurring_frequency` varchar(25) NOT NULL,
  `recurring_cycle` smallint(6) NOT NULL,
  `recurring_duration` smallint(6) NOT NULL,
  `recurring_price` decimal(10,4) NOT NULL,
  `trial` tinyint(1) NOT NULL,
  `trial_frequency` varchar(25) NOT NULL,
  `trial_cycle` smallint(6) NOT NULL,
  `trial_duration` smallint(6) NOT NULL,
  `trial_price` decimal(10,4) NOT NULL,
  `status` tinyint(4) NOT NULL,
  `date_added` datetime NOT NULL,
  PRIMARY KEY (`order_recurring_id`)
) ENGINE=MyISAM DEFAULT CHARSET=utf8;

-- --------------------------------------------------------

--
-- Структура таблицы `ts_order_recurring_transaction`
--

CREATE TABLE IF NOT EXISTS `ts_order_recurring_transaction` (
  `order_recurring_transaction_id` int(11) NOT NULL AUTO_INCREMENT,
  `order_recurring_id` int(11) NOT NULL,
  `reference` varchar(255) NOT NULL,
  `type` varchar(255) NOT NULL,
  `amount` decimal(10,4) NOT NULL,
  `date_added` datetime NOT NULL,
  PRIMARY KEY (`order_recurring_transaction_id`)
) ENGINE=MyISAM DEFAULT CHARSET=utf8;

-- --------------------------------------------------------

--
-- Структура таблицы `ts_order_status`
--

CREATE TABLE IF NOT EXISTS `ts_order_status` (
  `order_status_id` int(11) NOT NULL AUTO_INCREMENT,
  `language_id` int(11) NOT NULL,
  `name` varchar(32) NOT NULL,
  PRIMARY KEY (`order_status_id`,`language_id`)
) ENGINE=MyISAM AUTO_INCREMENT=17 DEFAULT CHARSET=utf8;

--
-- Дамп данных таблицы `ts_order_status`
--

INSERT INTO `ts_order_status` (`order_status_id`, `language_id`, `name`) VALUES
(2, 2, 'В обработке'),
(3, 2, 'Отправленный'),
(7, 2, 'Отменен'),
(5, 2, 'Завершенный'),
(8, 2, 'Отказано'),
(9, 2, 'Canceled Reversal'),
(10, 2, 'Неудачный'),
(11, 2, 'Возвращено'),
(12, 2, 'Возврат'),
(13, 2, 'Chargeback'),
(1, 2, 'В ожидании'),
(16, 2, 'Аннулированный'),
(15, 2, 'Обработанный'),
(14, 2, 'Истекший');

-- --------------------------------------------------------

--
-- Структура таблицы `ts_order_total`
--

CREATE TABLE IF NOT EXISTS `ts_order_total` (
  `order_total_id` int(10) NOT NULL AUTO_INCREMENT,
  `order_id` int(11) NOT NULL,
  `code` varchar(32) NOT NULL,
  `title` varchar(255) NOT NULL,
  `value` decimal(15,4) NOT NULL DEFAULT '0.0000',
  `sort_order` int(3) NOT NULL,
  PRIMARY KEY (`order_total_id`),
  KEY `order_id` (`order_id`)
) ENGINE=MyISAM AUTO_INCREMENT=527 DEFAULT CHARSET=utf8;

--
-- Дамп данных таблицы `ts_order_total`
--

INSERT INTO `ts_order_total` (`order_total_id`, `order_id`, `code`, `title`, `value`, `sort_order`) VALUES
(419, 189, 'sub_total', 'Сумма', '5600.0000', 1),
(418, 188, 'total', 'Итого', '5600.0000', 9),
(417, 188, 'sub_total', 'Сумма', '5600.0000', 1),
(416, 187, 'total', 'Итого', '5600.0000', 9),
(415, 187, 'sub_total', 'Сумма', '5600.0000', 1),
(414, 186, 'total', 'Итого', '5600.0000', 9),
(413, 186, 'sub_total', 'Сумма', '5600.0000', 1),
(412, 185, 'total', 'Итого', '5600.0000', 9),
(411, 185, 'sub_total', 'Сумма', '5600.0000', 1),
(410, 184, 'total', 'Итого', '5600.0000', 9),
(409, 184, 'sub_total', 'Сумма', '5600.0000', 1),
(408, 183, 'total', 'Итого', '5600.0000', 9),
(407, 183, 'sub_total', 'Сумма', '5600.0000', 1),
(405, 182, 'sub_total', 'Сумма', '5600.0000', 1),
(406, 182, 'total', 'Итого', '5600.0000', 9),
(404, 181, 'total', 'Итого', '5600.0000', 9),
(403, 181, 'sub_total', 'Сумма', '5600.0000', 1),
(402, 180, 'total', 'Итого', '5600.0000', 9),
(401, 180, 'sub_total', 'Сумма', '5600.0000', 1),
(400, 179, 'total', 'Итого', '5600.0000', 9),
(399, 179, 'sub_total', 'Сумма', '5600.0000', 1),
(398, 178, 'total', 'Итого', '5600.0000', 9),
(397, 178, 'sub_total', 'Сумма', '5600.0000', 1),
(396, 177, 'total', 'Итого', '5600.0000', 9),
(395, 177, 'sub_total', 'Сумма', '5600.0000', 1),
(394, 176, 'total', 'Итого', '5600.0000', 9),
(393, 176, 'sub_total', 'Сумма', '5600.0000', 1),
(392, 175, 'total', 'Итого', '5600.0000', 9),
(391, 175, 'sub_total', 'Сумма', '5600.0000', 1),
(390, 174, 'total', 'Итого', '5600.0000', 9),
(389, 174, 'sub_total', 'Сумма', '5600.0000', 1),
(388, 173, 'total', 'Итого', '5600.0000', 9),
(387, 173, 'sub_total', 'Сумма', '5600.0000', 1),
(386, 172, 'total', 'Итого', '5600.0000', 9),
(385, 172, 'sub_total', 'Сумма', '5600.0000', 1),
(384, 171, 'total', 'Итого', '5600.0000', 9),
(383, 171, 'sub_total', 'Сумма', '5600.0000', 1),
(382, 170, 'total', 'Итого', '5600.0000', 9),
(381, 170, 'sub_total', 'Сумма', '5600.0000', 1),
(379, 169, 'sub_total', 'Сумма', '5600.0000', 1),
(380, 169, 'total', 'Итого', '5600.0000', 9),
(378, 168, 'total', 'Итого', '5600.0000', 9),
(377, 168, 'sub_total', 'Сумма', '5600.0000', 1),
(376, 167, 'total', 'Итого', '5600.0000', 9),
(375, 167, 'sub_total', 'Сумма', '5600.0000', 1),
(374, 166, 'total', 'Итого', '5600.0000', 9),
(372, 165, 'total', 'Итого', '5600.0000', 9),
(373, 166, 'sub_total', 'Сумма', '5600.0000', 1),
(371, 165, 'sub_total', 'Сумма', '5600.0000', 1),
(370, 164, 'total', 'Итого', '5600.0000', 9),
(369, 164, 'sub_total', 'Сумма', '5600.0000', 1),
(368, 163, 'total', 'Итого', '5600.0000', 9),
(367, 163, 'sub_total', 'Сумма', '5600.0000', 1),
(365, 162, 'sub_total', 'Сумма', '5600.0000', 1),
(366, 162, 'total', 'Итого', '5600.0000', 9),
(364, 161, 'total', 'Итого', '5600.0000', 9),
(363, 161, 'sub_total', 'Сумма', '5600.0000', 1),
(361, 160, 'sub_total', 'Сумма', '5600.0000', 1),
(362, 160, 'total', 'Итого', '5600.0000', 9),
(360, 159, 'total', 'Итого', '5600.0000', 9),
(359, 159, 'sub_total', 'Сумма', '5600.0000', 1),
(358, 158, 'total', 'Итого', '5600.0000', 9),
(357, 158, 'sub_total', 'Сумма', '5600.0000', 1),
(356, 157, 'total', 'Итого', '5600.0000', 9),
(355, 157, 'sub_total', 'Сумма', '5600.0000', 1),
(354, 156, 'total', 'Итого', '5600.0000', 9),
(353, 156, 'sub_total', 'Сумма', '5600.0000', 1),
(352, 155, 'total', 'Итого', '5600.0000', 9),
(351, 155, 'sub_total', 'Сумма', '5600.0000', 1),
(350, 154, 'total', 'Итого', '5600.0000', 9),
(349, 154, 'sub_total', 'Сумма', '5600.0000', 1),
(348, 153, 'total', 'Итого', '5600.0000', 9),
(347, 153, 'sub_total', 'Сумма', '5600.0000', 1),
(346, 152, 'total', 'Итого', '5600.0000', 9),
(345, 152, 'sub_total', 'Сумма', '5600.0000', 1),
(344, 151, 'total', 'Итого', '5600.0000', 9),
(343, 151, 'sub_total', 'Сумма', '5600.0000', 1),
(342, 150, 'total', 'Итого', '5600.0000', 9),
(341, 150, 'sub_total', 'Сумма', '5600.0000', 1),
(340, 149, 'total', 'Итого', '5600.0000', 9),
(339, 149, 'sub_total', 'Сумма', '5600.0000', 1),
(337, 148, 'sub_total', 'Сумма', '5600.0000', 1),
(338, 148, 'total', 'Итого', '5600.0000', 9),
(336, 147, 'total', 'Итого', '5600.0000', 9),
(335, 147, 'sub_total', 'Сумма', '5600.0000', 1),
(333, 146, 'sub_total', 'Сумма', '5600.0000', 1),
(334, 146, 'total', 'Итого', '5600.0000', 9),
(332, 145, 'total', 'Итого', '5600.0000', 9),
(331, 145, 'sub_total', 'Сумма', '5600.0000', 1),
(329, 144, 'sub_total', 'Сумма', '5600.0000', 1),
(330, 144, 'total', 'Итого', '5600.0000', 9),
(328, 143, 'total', 'Итого', '5600.0000', 9),
(327, 143, 'sub_total', 'Сумма', '5600.0000', 1),
(325, 142, 'sub_total', 'Сумма', '5600.0000', 1),
(326, 142, 'total', 'Итого', '5600.0000', 9),
(324, 141, 'total', 'Итого', '5600.0000', 9),
(323, 141, 'sub_total', 'Сумма', '5600.0000', 1),
(321, 140, 'sub_total', 'Сумма', '5600.0000', 1),
(322, 140, 'total', 'Итого', '5600.0000', 9),
(320, 139, 'total', 'Итого', '5600.0000', 9),
(319, 139, 'sub_total', 'Сумма', '5600.0000', 1),
(317, 138, 'sub_total', 'Сумма', '5600.0000', 1),
(318, 138, 'total', 'Итого', '5600.0000', 9),
(316, 137, 'total', 'Итого', '5600.0000', 9),
(315, 137, 'sub_total', 'Сумма', '5600.0000', 1),
(313, 136, 'sub_total', 'Сумма', '5600.0000', 1),
(314, 136, 'total', 'Итого', '5600.0000', 9),
(312, 135, 'total', 'Итого', '5600.0000', 9),
(311, 135, 'sub_total', 'Сумма', '5600.0000', 1),
(309, 134, 'sub_total', 'Сумма', '5600.0000', 1),
(310, 134, 'total', 'Итого', '5600.0000', 9),
(308, 133, 'total', 'Итого', '5600.0000', 9),
(307, 133, 'sub_total', 'Сумма', '5600.0000', 1),
(306, 132, 'total', 'Итого', '5600.0000', 9),
(305, 132, 'sub_total', 'Сумма', '5600.0000', 1),
(304, 131, 'total', 'Итого', '5600.0000', 9),
(302, 130, 'total', 'Итого', '5600.0000', 9),
(303, 131, 'sub_total', 'Сумма', '5600.0000', 1),
(301, 130, 'sub_total', 'Сумма', '5600.0000', 1),
(300, 129, 'total', 'Итого', '5600.0000', 9),
(298, 128, 'total', 'Итого', '5600.0000', 9),
(299, 129, 'sub_total', 'Сумма', '5600.0000', 1),
(297, 128, 'sub_total', 'Сумма', '5600.0000', 1),
(296, 127, 'total', 'Итого', '5600.0000', 9),
(294, 126, 'total', 'Итого', '5600.0000', 9),
(295, 127, 'sub_total', 'Сумма', '5600.0000', 1),
(293, 126, 'sub_total', 'Сумма', '5600.0000', 1),
(292, 125, 'total', 'Итого', '5600.0000', 9),
(290, 124, 'total', 'Итого', '5600.0000', 9),
(291, 125, 'sub_total', 'Сумма', '5600.0000', 1),
(289, 124, 'sub_total', 'Сумма', '5600.0000', 1),
(288, 123, 'total', 'Итого', '5600.0000', 9),
(287, 123, 'sub_total', 'Сумма', '5600.0000', 1),
(286, 122, 'total', 'Итого', '5600.0000', 9),
(285, 122, 'sub_total', 'Сумма', '5600.0000', 1),
(284, 121, 'total', 'Итого', '5600.0000', 9),
(283, 121, 'sub_total', 'Сумма', '5600.0000', 1),
(282, 120, 'total', 'Итого', '5600.0000', 9),
(281, 120, 'sub_total', 'Сумма', '5600.0000', 1),
(280, 119, 'total', 'Итого', '5600.0000', 9),
(279, 119, 'sub_total', 'Сумма', '5600.0000', 1),
(278, 118, 'total', 'Итого', '14700.0000', 9),
(277, 118, 'shipping', 'Бесплатно толька для Ростова-на-Дону ', '0.0000', 3),
(276, 118, 'sub_total', 'Сумма', '14700.0000', 1),
(274, 117, 'sub_total', 'Сумма', '10500.0000', 1),
(275, 117, 'total', 'Итого', '10500.0000', 9),
(273, 116, 'total', 'Итого', '10500.0000', 9),
(272, 116, 'sub_total', 'Сумма', '10500.0000', 1),
(270, 115, 'sub_total', 'Сумма', '12000.0000', 1),
(271, 115, 'total', 'Итого', '12000.0000', 9),
(269, 114, 'total', 'Итого', '12000.0000', 9),
(268, 114, 'sub_total', 'Сумма', '12000.0000', 1),
(266, 113, 'sub_total', 'Сумма', '12000.0000', 1),
(267, 113, 'total', 'Итого', '12000.0000', 9),
(265, 112, 'total', 'Итого', '12000.0000', 9),
(264, 112, 'sub_total', 'Сумма', '12000.0000', 1),
(263, 111, 'total', 'Итого', '41400.0000', 9),
(262, 111, 'shipping', 'Бесплатно толька для Ростова-на-Дону ', '0.0000', 3),
(261, 111, 'sub_total', 'Сумма', '41400.0000', 1),
(420, 189, 'total', 'Итого', '5600.0000', 9),
(421, 190, 'sub_total', 'Сумма', '5600.0000', 1),
(422, 190, 'total', 'Итого', '5600.0000', 9),
(423, 191, 'sub_total', 'Сумма', '5600.0000', 1),
(424, 191, 'total', 'Итого', '5600.0000', 9),
(425, 192, 'sub_total', 'Сумма', '5600.0000', 1),
(426, 192, 'total', 'Итого', '5600.0000', 9),
(427, 193, 'sub_total', 'Сумма', '5600.0000', 1),
(428, 193, 'total', 'Итого', '5600.0000', 9),
(429, 194, 'sub_total', 'Сумма', '5600.0000', 1),
(430, 194, 'total', 'Итого', '5600.0000', 9),
(431, 195, 'sub_total', 'Сумма', '5600.0000', 1),
(432, 195, 'total', 'Итого', '5600.0000', 9),
(433, 196, 'sub_total', 'Сумма', '5600.0000', 1),
(434, 196, 'total', 'Итого', '5600.0000', 9),
(435, 197, 'sub_total', 'Сумма', '5600.0000', 1),
(436, 197, 'total', 'Итого', '5600.0000', 9),
(437, 198, 'sub_total', 'Сумма', '5600.0000', 1),
(438, 198, 'total', 'Итого', '5600.0000', 9),
(439, 199, 'sub_total', 'Сумма', '5600.0000', 1),
(440, 199, 'total', 'Итого', '5600.0000', 9),
(441, 200, 'sub_total', 'Сумма', '5600.0000', 1),
(442, 200, 'total', 'Итого', '5600.0000', 9),
(443, 201, 'sub_total', 'Сумма', '5600.0000', 1),
(444, 201, 'total', 'Итого', '5600.0000', 9),
(445, 202, 'sub_total', 'Сумма', '5600.0000', 1),
(446, 202, 'total', 'Итого', '5600.0000', 9),
(447, 203, 'sub_total', 'Сумма', '5600.0000', 1),
(448, 203, 'total', 'Итого', '5600.0000', 9),
(449, 204, 'sub_total', 'Сумма', '5600.0000', 1),
(450, 204, 'total', 'Итого', '5600.0000', 9),
(451, 205, 'sub_total', 'Сумма', '5600.0000', 1),
(452, 205, 'total', 'Итого', '5600.0000', 9),
(453, 206, 'sub_total', 'Сумма', '5600.0000', 1),
(454, 206, 'total', 'Итого', '5600.0000', 9),
(455, 207, 'sub_total', 'Сумма', '5600.0000', 1),
(456, 207, 'total', 'Итого', '5600.0000', 9),
(457, 208, 'sub_total', 'Сумма', '5600.0000', 1),
(458, 208, 'total', 'Итого', '5600.0000', 9),
(459, 209, 'sub_total', 'Сумма', '5600.0000', 1),
(460, 209, 'total', 'Итого', '5600.0000', 9),
(461, 210, 'sub_total', 'Сумма', '5600.0000', 1),
(462, 210, 'total', 'Итого', '5600.0000', 9),
(463, 211, 'sub_total', 'Сумма', '5600.0000', 1),
(464, 211, 'total', 'Итого', '5600.0000', 9),
(465, 212, 'sub_total', 'Сумма', '5600.0000', 1),
(466, 212, 'total', 'Итого', '5600.0000', 9),
(467, 213, 'sub_total', 'Сумма', '5600.0000', 1),
(468, 213, 'total', 'Итого', '5600.0000', 9),
(469, 214, 'sub_total', 'Сумма', '5600.0000', 1),
(470, 214, 'total', 'Итого', '5600.0000', 9),
(471, 215, 'sub_total', 'Сумма', '5600.0000', 1),
(472, 215, 'total', 'Итого', '5600.0000', 9),
(473, 216, 'sub_total', 'Сумма', '5600.0000', 1),
(474, 216, 'total', 'Итого', '5600.0000', 9),
(475, 217, 'sub_total', 'Сумма', '5600.0000', 1),
(476, 217, 'total', 'Итого', '5600.0000', 9),
(477, 218, 'sub_total', 'Сумма', '5600.0000', 1),
(478, 218, 'total', 'Итого', '5600.0000', 9),
(479, 219, 'sub_total', 'Сумма', '12000.0000', 1),
(480, 219, 'total', 'Итого', '12000.0000', 9),
(481, 220, 'sub_total', 'Сумма', '12000.0000', 1),
(482, 220, 'total', 'Итого', '12000.0000', 9),
(483, 221, 'sub_total', 'Сумма', '12000.0000', 1),
(484, 221, 'total', 'Итого', '12000.0000', 9),
(485, 222, 'sub_total', 'Сумма', '12000.0000', 1),
(486, 222, 'total', 'Итого', '12000.0000', 9),
(487, 223, 'sub_total', 'Сумма', '12000.0000', 1),
(488, 223, 'total', 'Итого', '12000.0000', 9),
(489, 224, 'sub_total', 'Сумма', '12000.0000', 1),
(490, 224, 'total', 'Итого', '12000.0000', 9),
(491, 225, 'sub_total', 'Сумма', '12000.0000', 1),
(492, 225, 'total', 'Итого', '12000.0000', 9),
(493, 226, 'sub_total', 'Сумма', '12000.0000', 1),
(494, 226, 'total', 'Итого', '12000.0000', 9),
(495, 227, 'sub_total', 'Сумма', '12000.0000', 1),
(496, 227, 'total', 'Итого', '12000.0000', 9),
(497, 228, 'sub_total', 'Сумма', '12000.0000', 1),
(498, 228, 'total', 'Итого', '12000.0000', 9),
(499, 229, 'sub_total', 'Сумма', '12000.0000', 1),
(500, 229, 'total', 'Итого', '12000.0000', 9),
(501, 230, 'sub_total', 'Сумма', '12000.0000', 1),
(502, 230, 'total', 'Итого', '12000.0000', 9),
(503, 231, 'sub_total', 'Сумма', '12000.0000', 1),
(504, 231, 'total', 'Итого', '12000.0000', 9),
(505, 232, 'sub_total', 'Сумма', '12000.0000', 1),
(506, 232, 'total', 'Итого', '12000.0000', 9),
(507, 233, 'sub_total', 'Сумма', '12000.0000', 1),
(508, 233, 'total', 'Итого', '12000.0000', 9),
(509, 234, 'sub_total', 'Сумма', '12000.0000', 1),
(510, 234, 'total', 'Итого', '12000.0000', 9),
(511, 235, 'sub_total', 'Сумма', '12000.0000', 1),
(512, 235, 'total', 'Итого', '12000.0000', 9),
(513, 236, 'sub_total', 'Сумма', '12000.0000', 1),
(514, 236, 'total', 'Итого', '12000.0000', 9),
(515, 237, 'sub_total', 'Сумма', '12000.0000', 1),
(516, 237, 'total', 'Итого', '12000.0000', 9),
(517, 238, 'sub_total', 'Сумма', '12000.0000', 1),
(518, 238, 'total', 'Итого', '12000.0000', 9),
(519, 239, 'sub_total', 'Сумма', '12000.0000', 1),
(520, 239, 'total', 'Итого', '12000.0000', 9),
(521, 240, 'sub_total', 'Сумма', '4900.0000', 1),
(522, 240, 'total', 'Итого', '4900.0000', 9),
(523, 241, 'sub_total', 'Сумма', '5600.0000', 1),
(524, 241, 'total', 'Итого', '5600.0000', 9),
(525, 242, 'sub_total', 'Сумма', '340.0000', 1),
(526, 242, 'total', 'Итого', '340.0000', 9);

-- --------------------------------------------------------

--
-- Структура таблицы `ts_order_voucher`
--

CREATE TABLE IF NOT EXISTS `ts_order_voucher` (
  `order_voucher_id` int(11) NOT NULL AUTO_INCREMENT,
  `order_id` int(11) NOT NULL,
  `voucher_id` int(11) NOT NULL,
  `description` varchar(255) NOT NULL,
  `code` varchar(10) NOT NULL,
  `from_name` varchar(64) NOT NULL,
  `from_email` varchar(96) NOT NULL,
  `to_name` varchar(64) NOT NULL,
  `to_email` varchar(96) NOT NULL,
  `voucher_theme_id` int(11) NOT NULL,
  `message` text NOT NULL,
  `amount` decimal(15,4) NOT NULL,
  PRIMARY KEY (`order_voucher_id`)
) ENGINE=MyISAM DEFAULT CHARSET=utf8;

-- --------------------------------------------------------

--
-- Структура таблицы `ts_pavoslidergroups`
--

CREATE TABLE IF NOT EXISTS `ts_pavoslidergroups` (
  `id` int(11) NOT NULL AUTO_INCREMENT,
  `title` varchar(255) NOT NULL,
  `params` text NOT NULL,
  PRIMARY KEY (`id`)
) ENGINE=MyISAM AUTO_INCREMENT=2 DEFAULT CHARSET=utf8;

--
-- Дамп данных таблицы `ts_pavoslidergroups`
--

INSERT INTO `ts_pavoslidergroups` (`id`, `title`, `params`) VALUES
(1, 'Слайдер главная', 'a:20:{s:5:"title";s:29:"Слайдер главная";s:5:"delay";s:4:"9000";s:9:"fullwidth";s:0:"";s:5:"width";s:3:"862";s:6:"height";s:3:"390";s:13:"stop_on_hover";s:1:"1";s:12:"shuffle_mode";s:1:"0";s:11:"shadow_type";s:1:"0";s:14:"show_time_line";s:1:"0";s:16:"navigator_arrows";s:16:"verticalcentered";s:14:"navigator_type";s:6:"bullet";s:16:"navigation_style";s:5:"round";s:17:"offset_horizontal";s:1:"0";s:15:"offset_vertical";s:2:"20";s:14:"show_navigator";s:1:"0";s:20:"hide_navigator_after";s:3:"200";s:15:"thumbnail_width";s:3:"100";s:16:"thumbnail_height";s:2:"50";s:16:"thumbnail_amount";s:1:"5";s:17:"hide_screen_width";s:0:"";}');

-- --------------------------------------------------------

--
-- Структура таблицы `ts_pavosliderlayers`
--

CREATE TABLE IF NOT EXISTS `ts_pavosliderlayers` (
  `id` int(11) NOT NULL AUTO_INCREMENT,
  `title` varchar(255) NOT NULL,
  `parent_id` int(11) NOT NULL,
  `group_id` int(11) NOT NULL,
  `params` text NOT NULL,
  `layersparams` text NOT NULL,
  `image` varchar(255) NOT NULL,
  `status` tinyint(1) NOT NULL,
  `position` int(11) NOT NULL,
  PRIMARY KEY (`id`),
  KEY `id` (`id`)
) ENGINE=MyISAM AUTO_INCREMENT=3 DEFAULT CHARSET=utf8;

--
-- Дамп данных таблицы `ts_pavosliderlayers`
--

INSERT INTO `ts_pavosliderlayers` (`id`, `title`, `parent_id`, `group_id`, `params`, `layersparams`, `image`, `status`, `position`) VALUES
(1, 'Слайд 1', 0, 1, 'a:7:{s:17:"slider_transition";s:4:"fade";s:15:"slider_duration";s:3:"300";s:15:"slider_rotation";s:1:"0";s:11:"slider_link";s:0:"";s:7:"$$delay";i:9000;s:12:"slider_image";s:32:"catalog/slider/slidepanel-bg.jpg";s:20:"$$slider_image_thumb";s:69:"http://thai-style.artdevue.com/image/catalog/slider/slidepanel-bg.jpg";}', 'O:8:"stdClass":1:{s:6:"layers";a:3:{i:0;a:20:{s:10:"layer_type";s:5:"image";s:13:"layer_caption";s:7:"image 1";s:10:"time_start";i:300;s:10:"layer_left";s:4:"left";s:9:"layer_top";s:3:"top";s:13:"layer_hoffset";i:169;s:13:"layer_voffset";i:-5;s:15:"layer_animation";s:7:"tp-fade";s:12:"layer_easing";s:16:"Power3.easeInOut";s:11:"layer_split";s:4:"none";s:11:"layer_speed";i:300;s:18:"layer_endanimation";s:4:"auto";s:15:"layer_endeasing";s:7:"nothing";s:14:"layer_endspeed";i:300;s:14:"layer_endsplit";s:4:"none";s:6:"$$hide";b:0;s:13:"layer_content";s:23:"catalog/slider/coco.png";s:12:"$$time_range";a:2:{i:0;i:300;i:1;i:9000;}s:7:"$$thumb";s:60:"http://thai-style.artdevue.com/image/catalog/slider/coco.png";s:8:"$$active";b:0;}i:1;a:20:{s:10:"layer_type";s:5:"image";s:13:"layer_caption";s:7:"image 2";s:10:"time_start";i:600;s:10:"layer_left";s:4:"left";s:9:"layer_top";s:3:"top";s:13:"layer_hoffset";i:0;s:13:"layer_voffset";i:28;s:15:"layer_animation";s:7:"tp-fade";s:12:"layer_easing";s:16:"Power3.easeInOut";s:11:"layer_split";s:4:"none";s:11:"layer_speed";i:300;s:18:"layer_endanimation";s:4:"auto";s:15:"layer_endeasing";s:7:"nothing";s:14:"layer_endspeed";i:300;s:14:"layer_endsplit";s:4:"none";s:6:"$$hide";b:0;s:13:"layer_content";s:30:"catalog/slider/slider-logo.jpg";s:12:"$$time_range";a:2:{i:0;i:600;i:1;i:9000;}s:7:"$$thumb";s:67:"http://thai-style.artdevue.com/image/catalog/slider/slider-logo.jpg";s:8:"$$active";b:0;}i:2;a:19:{s:10:"layer_type";s:4:"text";s:13:"layer_caption";s:42:"Roi Thai<br/>Супы кокосовыеь";s:10:"time_start";i:2190;s:10:"layer_left";s:4:"left";s:9:"layer_top";s:3:"top";s:13:"layer_hoffset";i:2;s:13:"layer_voffset";i:279;s:15:"layer_animation";s:7:"tp-fade";s:12:"layer_easing";s:16:"Power3.easeInOut";s:11:"layer_split";s:4:"none";s:11:"layer_speed";i:300;s:18:"layer_endanimation";s:4:"auto";s:15:"layer_endeasing";s:7:"nothing";s:14:"layer_endspeed";i:300;s:14:"layer_endsplit";s:4:"none";s:6:"$$hide";b:0;s:12:"$$time_range";a:2:{i:0;i:2190;i:1;i:9000;}s:8:"$$active";b:1;s:11:"layer_class";s:17:"sliderPanel__name";}}}', 'catalog/slider/slidepanel-bg.jpg', 1, 0),
(2, 'Slide', 0, 1, 'a:7:{s:17:"slider_transition";s:4:"fade";s:15:"slider_duration";s:3:"300";s:15:"slider_rotation";s:1:"0";s:11:"slider_link";s:0:"";s:7:"$$delay";i:9000;s:12:"slider_image";s:32:"catalog/slider/slidepanel-bg.jpg";s:20:"$$slider_image_thumb";s:69:"http://thai-style.artdevue.com/image/catalog/slider/slidepanel-bg.jpg";}', 'O:8:"stdClass":1:{s:6:"layers";a:2:{i:0;a:20:{s:10:"layer_type";s:5:"image";s:13:"layer_caption";s:7:"image 1";s:10:"time_start";i:3206;s:10:"layer_left";s:4:"left";s:9:"layer_top";s:3:"top";s:13:"layer_hoffset";i:697;s:13:"layer_voffset";i:27;s:15:"layer_animation";s:7:"tp-fade";s:12:"layer_easing";s:16:"Power3.easeInOut";s:11:"layer_split";s:4:"none";s:11:"layer_speed";i:300;s:18:"layer_endanimation";s:4:"auto";s:15:"layer_endeasing";s:7:"nothing";s:14:"layer_endspeed";i:300;s:14:"layer_endsplit";s:4:"none";s:6:"$$hide";b:0;s:13:"layer_content";s:30:"catalog/slider/slider-logo.jpg";s:12:"$$time_range";a:2:{i:0;i:3206;i:1;i:9000;}s:7:"$$thumb";s:67:"http://thai-style.artdevue.com/image/catalog/slider/slider-logo.jpg";s:8:"$$active";b:1;}i:1;a:20:{s:10:"layer_type";s:5:"image";s:13:"layer_caption";s:7:"image 2";s:10:"time_start";i:632;s:10:"layer_left";s:4:"left";s:9:"layer_top";s:3:"top";s:13:"layer_hoffset";i:-5;s:13:"layer_voffset";i:4;s:15:"layer_animation";s:7:"tp-fade";s:12:"layer_easing";s:16:"Power3.easeInOut";s:11:"layer_split";s:4:"none";s:11:"layer_speed";i:300;s:18:"layer_endanimation";s:4:"auto";s:15:"layer_endeasing";s:7:"nothing";s:14:"layer_endspeed";i:300;s:14:"layer_endsplit";s:4:"none";s:6:"$$hide";b:0;s:13:"layer_content";s:23:"catalog/slider/coco.png";s:12:"$$time_range";a:2:{i:0;i:632;i:1;i:9000;}s:7:"$$thumb";s:60:"http://thai-style.artdevue.com/image/catalog/slider/coco.png";s:8:"$$active";b:0;}}}', 'catalog/slider/slidepanel-bg.jpg', 1, 0);

-- --------------------------------------------------------

--
-- Структура таблицы `ts_posts`
--

CREATE TABLE IF NOT EXISTS `ts_posts` (
  `posts_id` int(11) NOT NULL AUTO_INCREMENT,
  `image` varchar(255) NOT NULL,
  `date_added` datetime NOT NULL,
  `status` tinyint(1) NOT NULL,
  PRIMARY KEY (`posts_id`)
) ENGINE=InnoDB DEFAULT CHARSET=utf8;

-- --------------------------------------------------------

--
-- Структура таблицы `ts_posts_description`
--

CREATE TABLE IF NOT EXISTS `ts_posts_description` (
  `posts_description_id` int(11) NOT NULL AUTO_INCREMENT,
  `posts_id` int(11) NOT NULL,
  `language_id` int(11) NOT NULL,
  `title` varchar(255) CHARACTER SET utf8 COLLATE utf8_bin NOT NULL,
  `description` text CHARACTER SET utf8 COLLATE utf8_bin NOT NULL,
  `short_description` text CHARACTER SET utf8 COLLATE utf8_bin NOT NULL,
  PRIMARY KEY (`posts_description_id`)
) ENGINE=InnoDB DEFAULT CHARSET=utf8;

-- --------------------------------------------------------

--
-- Структура таблицы `ts_product`
--

CREATE TABLE IF NOT EXISTS `ts_product` (
  `product_id` int(11) NOT NULL AUTO_INCREMENT,
  `model` varchar(64) NOT NULL,
  `sku` varchar(64) NOT NULL,
  `upc` varchar(12) NOT NULL,
  `ean` varchar(14) NOT NULL,
  `jan` varchar(13) NOT NULL,
  `isbn` varchar(17) NOT NULL,
  `mpn` varchar(64) NOT NULL,
  `location` varchar(128) NOT NULL,
  `quantity` int(4) NOT NULL DEFAULT '0',
  `stock_status_id` int(11) NOT NULL,
  `image` varchar(255) DEFAULT NULL,
  `manufacturer_id` int(11) NOT NULL,
  `shipping` tinyint(1) NOT NULL DEFAULT '1',
  `price` decimal(15,4) NOT NULL DEFAULT '0.0000',
  `discounts` int(15) NOT NULL DEFAULT '0',
  `hit` tinyint(1) NOT NULL DEFAULT '0',
  `new` tinyint(1) NOT NULL DEFAULT '0',
  `points` int(8) NOT NULL DEFAULT '0',
  `tax_class_id` int(11) NOT NULL,
  `date_available` date NOT NULL DEFAULT '0000-00-00',
  `weight` decimal(15,8) NOT NULL DEFAULT '0.00000000',
  `weight_class_id` int(11) NOT NULL DEFAULT '0',
  `length` decimal(15,8) NOT NULL DEFAULT '0.00000000',
  `width` decimal(15,8) NOT NULL DEFAULT '0.00000000',
  `height` decimal(15,8) NOT NULL DEFAULT '0.00000000',
  `length_class_id` int(11) NOT NULL DEFAULT '0',
  `subtract` tinyint(1) NOT NULL DEFAULT '1',
  `minimum` int(11) NOT NULL DEFAULT '1',
  `sort_order` int(11) NOT NULL DEFAULT '0',
  `status` tinyint(1) NOT NULL DEFAULT '0',
  `viewed` int(5) NOT NULL DEFAULT '0',
  `date_added` datetime NOT NULL,
  `date_modified` datetime NOT NULL,
  PRIMARY KEY (`product_id`),
  KEY `price` (`price`),
  KEY `discount` (`discounts`),
  KEY `hit` (`hit`),
  KEY `new` (`new`),
  KEY `sort_order` (`sort_order`),
  KEY `status` (`status`),
  KEY `viewed` (`viewed`)
) ENGINE=MyISAM AUTO_INCREMENT=280 DEFAULT CHARSET=utf8;

--
-- Дамп данных таблицы `ts_product`
--

INSERT INTO `ts_product` (`product_id`, `model`, `sku`, `upc`, `ean`, `jan`, `isbn`, `mpn`, `location`, `quantity`, `stock_status_id`, `image`, `manufacturer_id`, `shipping`, `price`, `discounts`, `hit`, `new`, `points`, `tax_class_id`, `date_available`, `weight`, `weight_class_id`, `length`, `width`, `height`, `length_class_id`, `subtract`, `minimum`, `sort_order`, `status`, `viewed`, `date_added`, `date_modified`) VALUES
(276, 'BAR 1J', '', '', '', '', '', '', '', 100, 6, 'catalog/ онкология/vantris.jpg', 23, 1, '0.0000', 0, 0, 0, 0, 0, '2016-06-22', '1.00000000', 7, '0.00000000', '0.00000000', '0.00000000', 1, 0, 1, 1, 1, 21, '2016-06-22 11:54:06', '2016-06-29 17:31:31'),
(129, 'Пеленки bella baby Happy, 60х90, 10шт', '', '', '', '', '', '', '', 100, 6, 'catalog/ для детей/catalog/p1_result.jpg', 45, 1, '285.0000', 0, 0, 0, 0, 0, '2016-05-19', '0.00000000', 7, '0.00000000', '0.00000000', '0.00000000', 1, 0, 1, 1, 1, 59, '2016-05-19 12:56:01', '2016-06-29 19:57:42'),
(119, 'GPSL', '', '', '', '', '', '', '', 100, 6, 'catalog/ гинекология/ новое/ фото/p1_p2_Setka_Gynemesh_PS_result.jpg', 16, 1, '20500.0000', 0, 0, 0, 0, 0, '2016-05-18', '0.00000000', 7, '10.00000000', '0.00000000', '0.00000000', 1, 0, 1, 1, 1, 66, '2016-05-18 15:11:11', '2016-06-28 16:44:38'),
(77, 'BG-3502-5-G', '', '', '', '', '', '', '', 1000, 6, 'catalog/NEIRO/card/kley-biologicheskiy- Bioglue.jpg', 18, 1, '13125.0000', 0, 1, 0, 0, 0, '2015-07-01', '1000.00000000', 7, '0.00000000', '0.00000000', '0.00000000', 1, 0, 1, 6, 1, 413, '2015-07-13 10:09:21', '2016-06-28 16:00:21'),
(115, 'Коллагеновый имплантат для восстановления периферийных нервов', '', '', '', '', '', '', '', 1000, 6, 'catalog/NEIRO/card/collagenoviy-implant-dlya-vosstanovleniya-pereferiynix-nervov-NeuraGen.jpg', 18, 1, '52725.0000', 0, 0, 0, 0, 0, '2015-07-01', '330.00000000', 7, '0.00000000', '0.00000000', '0.00000000', 1, 0, 1, 10, 1, 256, '2015-09-10 19:22:13', '2016-06-28 16:11:07'),
(116, '909712', '', '', '', '', '', '', '', 1000, 6, 'catalog/NEIRO/card/dvuxkomponetnaya-shuntiruushaya-sistema-normalnogo-potoka-  OSVII.jpg', 18, 1, '53100.0000', 0, 1, 0, 0, 0, '2015-07-01', '1000.00000000', 7, '0.00000000', '0.00000000', '0.00000000', 1, 0, 1, 13, 1, 256, '2015-09-10 19:22:13', '2016-06-27 16:29:52'),
(117, 'Дренажная система высокого давления', '', '', '', '', '', '', '', 1000, 6, 'catalog/NEIRO/card/Untitled-2 (1) (1).jpg', 18, 1, '11500.0000', 0, 0, 0, 0, 0, '2015-07-01', '1000.00000000', 7, '0.00000000', '0.00000000', '0.00000000', 1, 0, 1, 12, 1, 307, '2015-09-10 19:22:13', '2016-06-24 14:56:02'),
(109, 'DURS1391ITL   ', '', '', '', '', '', '', '', 1000, 6, 'catalog/NEIRO/card/podshivayamiy-implantant-dlya-plastiki-ТМО DuraGenSuturable.jpg', 18, 1, '18825.0000', 0, 1, 0, 0, 0, '2015-07-01', '330.00000000', 7, '0.00000000', '0.00000000', '0.00000000', 1, 0, 1, 4, 1, 361, '2015-09-10 19:18:41', '2016-06-28 15:59:25'),
(111, 'Набор для шунтирования ликвора  лечения и гидроцефалии ', '', '', '', '', '', '', '', 1000, 6, 'catalog/NEIRO/card/nabor-dlya-shuntirovaniya-likvora-dlya-lecheniya-gidrotsefalii-nizkogo-srednego-vysokogo-davleniya- Essential-shunt.jpg', 18, 1, '27900.0000', 25, 0, 0, 0, 0, '2015-07-01', '1000.00000000', 7, '0.00000000', '0.00000000', '0.00000000', 1, 0, 1, 3, 1, 482, '2015-09-10 19:18:41', '2016-06-29 13:14:38'),
(112, 'Коллагеновый имплантат для защиты поврежденных  нервов ', '', '', '', '', '', '', '', 1000, 6, 'catalog/NEIRO/card/collagenoviy-implant-dlya-zashyti-povrejdennix-perefericheskix-nervov-NeuraGen.jpg', 18, 1, '67425.0000', 0, 0, 0, 0, 0, '2015-08-01', '1000.00000000', 7, '0.00000000', '0.00000000', '0.00000000', 1, 0, 1, 9, 1, 272, '2015-09-10 19:22:13', '2016-06-29 13:30:05'),
(113, 'ID1101I ', '', '', '', '', '', '', '', 1000, 6, 'catalog/NEIRO/card/collagenoviy-implant-dlya-plastiki-ТМО-DuraGen.jpg', 18, 1, '8850.0000', 0, 0, 0, 0, 0, '2015-07-01', '330.00000000', 7, '2.00000000', '2.00000000', '0.00000000', 1, 0, 1, 8, 1, 408, '2015-09-10 19:22:13', '2016-06-28 16:03:17'),
(118, 'DP1022I', '', '', '', '', '', '', '', 1000, 6, 'catalog/NEIRO/card/podshivaemyj-implant-dlya-plastiki-ТМО-Duragen-Plus.jpg', 18, 1, '19575.0000', 0, 1, 0, 0, 0, '2015-07-01', '330.00000000', 7, '5.00000000', '5.00000000', '0.00000000', 1, 0, 1, 2, 1, 73, '2016-05-05 13:13:18', '2016-06-27 16:24:30'),
(120, 'GPSXL3', '', '', '', '', '', '', 'GPSXL3', 100, 6, 'catalog/ гинекология/ новое/ фото/p1_p2_Setka_Gynemesh_PS_result.jpg', 16, 1, '110000.0000', 0, 0, 0, 0, 0, '2016-05-18', '0.00000000', 7, '0.00000000', '25.00000000', '25.00000000', 1, 0, 1, 1, 1, 69, '2016-05-18 15:26:26', '2016-06-28 16:42:45'),
(121, 'M4350', '', '', '', '', '', '', '', 100, 6, 'catalog/ гинекология/ новое/ фото/p3_INTERCEED_TC7_result.jpg', 16, 1, '58000.0000', 0, 0, 0, 0, 0, '2016-05-18', '0.00000000', 7, '0.00000000', '0.00000000', '0.00000000', 1, 0, 1, 1, 1, 91, '2016-05-18 15:40:25', '2016-06-28 16:35:29'),
(122, 'IC100', '', '', '', '', '', '', '', 100, 6, 'catalog/ гинекология/ новое/p4_intercoat_result.jpg', 16, 1, '14500.0000', 0, 0, 0, 0, 0, '2016-05-18', '0.00000000', 7, '0.00000000', '0.00000000', '0.00000000', 1, 0, 1, 1, 1, 117, '2016-05-18 15:45:21', '2016-06-28 16:34:48'),
(123, '810081L', '', '', '', '', '', '', '', 100, 6, 'catalog/ гинекология/ новое/ фото/p5_ТВТ_ОTVT_Obturator_result.jpg', 16, 1, '39000.0000', 0, 0, 0, 0, 0, '2016-05-18', '0.00000000', 7, '0.00000000', '0.00000000', '0.00000000', 1, 0, 1, 1, 1, 53, '2016-05-18 15:54:41', '2016-06-27 17:21:00'),
(124, 'TVTOML', '', '', '', '', '', '', '', 100, 6, 'catalog/ гинекология/ новое/ фото/p6_GYNECARE_TVT_ABBREVO_result.jpg', 16, 1, '46500.0000', 0, 0, 0, 0, 0, '2016-05-18', '0.00000000', 7, '0.00000000', '0.00000000', '0.00000000', 1, 0, 1, 1, 1, 51, '2016-05-18 15:59:28', '2016-06-27 17:19:53'),
(125, 'TVTRL', '', '', '', '', '', '', '', 100, 6, 'catalog/ гинекология/ новое/ фото/p7_GYNECARE_TVT_EXACT_result.jpg', 0, 1, '46000.0000', 0, 0, 0, 0, 0, '2016-05-18', '0.00000000', 7, '0.00000000', '0.00000000', '0.00000000', 1, 0, 1, 1, 1, 0, '2016-05-18 16:02:25', '2016-06-08 16:20:08'),
(126, 'УроСлинг ', '', '', '', '', '', '', '', 100, 6, 'catalog/ гинекология/ новое/ фото/p8_Uro_Sling_result.jpg', 29, 1, '15000.0000', 0, 0, 0, 0, 0, '2016-05-18', '0.00000000', 7, '0.00000000', '0.00000000', '0.00000000', 1, 0, 1, 1, 1, 40, '2016-05-18 16:11:27', '2016-06-27 17:24:46'),
(127, 'Урофикс ТО ', '', '', '', '', '', '', '', 100, 6, 'catalog/ гинекология/ новое/ фото/p9_Urofix_TO_result.jpg', 29, 1, '18000.0000', 0, 0, 0, 0, 0, '2016-05-18', '0.00000000', 7, '0.00000000', '0.00000000', '0.00000000', 1, 0, 1, 1, 1, 44, '2016-05-18 17:26:50', '2016-06-27 17:35:02'),
(128, 'Урофикс ПЛ ', '', '', '', '', '', '', '', 100, 6, 'catalog/ гинекология/ новое/ фото/p10_Urofix_PL_result.jpg', 29, 1, '11500.0000', 0, 0, 0, 0, 0, '2016-05-18', '0.00000000', 7, '0.00000000', '0.00000000', '0.00000000', 1, 0, 1, 1, 1, 41, '2016-05-18 17:29:38', '2016-06-27 17:27:25'),
(130, 'Подгузники для детей Panda, размер Junior, 12-25 кг, 36шт', '', '', '', '', '', '', '', 100, 6, 'catalog/ для детей/catalog/p2_result.jpg', 45, 1, '650.0000', 0, 0, 0, 0, 0, '2016-05-19', '0.00000000', 7, '0.00000000', '0.00000000', '0.00000000', 1, 0, 1, 1, 1, 59, '2016-05-19 13:02:58', '2016-06-29 19:58:24'),
(131, 'Подгузники для детей Panda, размер Maxi 8-18 кг 42шт   ', '', '', '', '', '', '', '', 100, 6, 'catalog/ для детей/catalog/p3_result.jpg', 0, 1, '650.0000', 0, 0, 0, 0, 0, '2016-05-19', '0.00000000', 7, '0.00000000', '0.00000000', '0.00000000', 1, 0, 1, 1, 1, 28, '2016-05-19 13:31:18', '2016-06-28 15:51:54'),
(132, 'Подгузники для детей Panda, размер Midi, 5-9 кг 48шт', '', '', '', '', '', '', '', 100, 6, 'catalog/ для детей/catalog/p4_result.jpg', 0, 1, '650.0000', 0, 0, 0, 0, 0, '2016-05-19', '0.00000000', 7, '0.00000000', '0.00000000', '0.00000000', 1, 0, 1, 1, 1, 52, '2016-05-19 13:39:10', '2016-06-28 15:52:06'),
(133, 'Набор стента 6 СН длиной 16 см ', '', '', '', '', '', '', '', 100, 6, 'catalog/ для детей/catalog/p5_2_result.jpg', 47, 1, '3400.0000', 0, 0, 0, 0, 0, '2016-05-19', '0.00000000', 7, '0.00000000', '0.00000000', '0.00000000', 1, 0, 1, 1, 1, 51, '2016-05-19 13:57:35', '2016-06-27 17:49:07'),
(134, 'TR101', '', '', '', '', '', '', '', 100, 6, 'catalog/ за пациентами/p6_sprey_result.jpg', 13, 1, '700.0000', 0, 0, 0, 0, 0, '2016-05-19', '0.00000000', 7, '0.00000000', '0.00000000', '0.00000000', 1, 0, 1, 1, 1, 74, '2016-05-19 14:52:27', '2016-06-28 11:20:42'),
(192, '3539636', '', '', '', '', '', '', '', 100, 6, 'catalog/ энтеральное/p4_result.jpg', 44, 1, '470.0000', 0, 0, 0, 0, 0, '2016-05-24', '0.00000000', 7, '0.00000000', '0.00000000', '0.00000000', 1, 0, 1, 1, 1, 30, '2016-05-24 15:02:37', '2016-06-28 14:08:24'),
(190, '3539632', '', '', '', '', '', '', '', 100, 6, 'catalog/ энтеральное/p2_result.jpg', 44, 1, '340.0000', 0, 0, 0, 0, 0, '2016-05-24', '0.00000000', 7, '0.00000000', '0.00000000', '0.00000000', 1, 0, 1, 1, 1, 78, '2016-05-24 14:42:48', '2016-06-28 13:49:52'),
(136, 'TR103', '', '', '', '', '', '', '', 100, 6, 'catalog/ для детей/catalog/p8_result.jpg', 13, 1, '1600.0000', 0, 0, 0, 0, 0, '2016-05-19', '0.00000000', 7, '0.00000000', '0.00000000', '0.00000000', 1, 0, 1, 1, 1, 51, '2016-05-19 15:34:09', '2016-06-28 15:14:12'),
(137, 'TR104', '', '', '', '', '', '', '', 100, 6, 'catalog/ для детей/catalog/p9_result.jpg', 13, 1, '700.0000', 0, 0, 0, 0, 0, '2016-05-19', '0.00000000', 7, '0.00000000', '0.00000000', '0.00000000', 1, 0, 1, 1, 1, 79, '2016-05-19 15:46:56', '2016-06-28 11:36:11'),
(138, '34-00-12', '', '', '', '', '', '', '', 100, 6, 'catalog/ для детей/catalog/p10_result.jpg', 24, 1, '7000.0000', 0, 0, 0, 0, 0, '2016-05-19', '0.00000000', 7, '0.00000000', '0.00000000', '0.00000000', 1, 0, 1, 1, 1, 57, '2016-05-19 16:12:00', '2016-06-08 16:46:56'),
(139, '909712P', '', '', '', '', '', '', '', 100, 6, 'catalog/ для детей/catalog/p11_result.jpg', 18, 1, '53100.0000', 0, 0, 0, 0, 0, '2016-05-19', '0.00000000', 7, '0.00000000', '0.00000000', '0.00000000', 1, 0, 1, 1, 1, 77, '2016-05-19 16:23:40', '2016-06-27 16:25:13'),
(140, '66250704    ', '', '', '', '', '', '', '', 100, 6, 'catalog/ для ран/p1.3_result.jpg', 27, 1, '0.0000', 0, 0, 0, 0, 0, '2016-05-20', '0.00000000', 7, '0.00000000', '0.00000000', '0.00000000', 1, 0, 1, 1, 1, 67, '2016-05-20 17:18:15', '2016-06-28 14:56:08'),
(141, '66250706      ', '', '', '', '', '', '', '', 100, 6, 'catalog/ для ран/p1.3_result.jpg', 27, 1, '0.0000', 0, 0, 0, 0, 0, '2016-05-20', '0.00000000', 7, '0.00000000', '0.00000000', '0.00000000', 1, 0, 1, 1, 1, 49, '2016-05-20 17:26:08', '2016-06-28 14:56:44'),
(142, '293700   ', '', '', '', '', '', '', '', 100, 6, 'catalog/ для ран/p3_4_result.jpg', 21, 1, '0.0000', 0, 0, 0, 0, 0, '2016-05-20', '0.00000000', 7, '0.00000000', '0.00000000', '0.00000000', 1, 0, 1, 1, 1, 34, '2016-05-20 17:39:33', '2016-06-28 15:04:02'),
(143, '293800', '', '', '', '', '', '', '', 100, 6, 'catalog/ для ран/p3_4_result.jpg', 21, 1, '0.0000', 0, 0, 0, 0, 0, '2016-05-20', '0.00000000', 7, '0.00000000', '0.00000000', '0.00000000', 1, 0, 1, 1, 1, 40, '2016-05-20 17:50:09', '2016-06-28 15:01:52'),
(144, '420676', '', '', '', '', '', '', '', 100, 6, 'catalog/ для ран/p5_6_result.jpg', 13, 1, '0.0000', 0, 0, 0, 0, 0, '2016-05-20', '0.00000000', 7, '0.00000000', '0.00000000', '0.00000000', 1, 0, 1, 1, 1, 44, '2016-05-20 18:07:54', '2016-06-28 14:51:48'),
(145, '420678', '', '', '', '', '', '', '', 100, 6, 'catalog/ для ран/p5_6_result.jpg', 13, 1, '0.0000', 0, 0, 0, 0, 0, '2016-05-20', '0.00000000', 7, '0.00000000', '0.00000000', '0.00000000', 1, 0, 1, 1, 1, 34, '2016-05-20 18:25:19', '2016-06-28 14:52:51'),
(146, '412019', '', '', '', '', '', '', '', 100, 6, 'catalog/ для ран/p7_8_result.jpg', 13, 1, '0.0000', 0, 0, 0, 0, 0, '2016-05-20', '0.00000000', 7, '0.00000000', '0.00000000', '0.00000000', 1, 0, 1, 1, 1, 55, '2016-05-20 18:36:46', '2016-06-28 14:57:16'),
(147, '412020', '', '', '', '', '', '', '', 100, 6, 'catalog/ для ран/p7_8_result.jpg', 13, 1, '0.0000', 0, 0, 0, 0, 0, '2016-05-20', '0.00000000', 7, '0.00000000', '0.00000000', '0.00000000', 1, 0, 1, 1, 1, 38, '2016-05-20 18:46:48', '2016-06-28 14:58:26'),
(149, 'Колетекс с хлоргексидином', '', '', '', '', '', '', '', 100, 6, 'catalog/ для ран/9_10_result.jpg', 31, 1, '0.0000', 0, 0, 0, 0, 0, '2016-05-20', '0.00000000', 7, '0.00000000', '0.00000000', '0.00000000', 1, 0, 1, 1, 1, 48, '2016-05-20 19:11:35', '2016-06-28 14:41:29'),
(150, 'Материал гидрогелевый «Колетекс-Бета» ', '', '', '', '', '', '', '', 100, 6, 'catalog/ для ран/p11_result.jpg', 31, 1, '1550.0000', 0, 0, 0, 0, 0, '2016-05-20', '0.00000000', 7, '0.00000000', '0.00000000', '0.00000000', 1, 0, 1, 1, 1, 76, '2016-05-20 19:19:00', '2016-06-29 09:49:15'),
(151, '187961', '', '', '', '', '', '', '', 100, 6, 'catalog/ для ран/p13_result.jpg', 13, 1, '0.0000', 0, 0, 0, 0, 0, '2016-05-20', '0.00000000', 7, '0.00000000', '0.00000000', '0.00000000', 1, 0, 1, 1, 1, 66, '2016-05-20 19:24:23', '2016-06-28 14:55:09'),
(152, 'Материал гидрогелевый «Колетекс-гель-ДНК', '', '', '', '', '', '', '', 100, 6, 'catalog/ для ран/p12_result.jpg', 31, 1, '0.0000', 0, 0, 0, 0, 0, '2016-05-20', '0.00000000', 7, '0.00000000', '0.00000000', '0.00000000', 1, 0, 1, 1, 1, 338, '2016-05-20 19:34:14', '2016-06-28 14:54:38'),
(153, '418000', '', '', '', '', '', '', '', 100, 6, 'catalog/ за пациентами/p1.jpg', 13, 1, '18000.0000', 0, 0, 0, 0, 0, '2016-05-23', '0.00000000', 7, '0.00000000', '0.00000000', '0.00000000', 1, 0, 1, 1, 1, 49, '2016-05-23 13:30:44', '2016-06-27 09:53:15'),
(154, 'Трубка трахеостомическая с манжетой', '', '', '', '', '', '', '', 100, 6, 'catalog/ за пациентами/ConvaTec-tr01_1.jpg', 13, 1, '650.0000', 0, 0, 0, 0, 0, '2016-05-23', '0.00000000', 7, '0.00000000', '0.00000000', '0.00000000', 1, 0, 1, 1, 1, 42, '2016-05-23 13:50:44', '2016-06-27 10:36:41'),
(155, 'Трубка трахеостомическая без манжеты', '', '', '', '', '', '', '', 100, 6, 'catalog/ за пациентами/ConvaTec-tr01_1.jpg', 13, 1, '1300.0000', 0, 0, 0, 0, 0, '2016-05-23', '0.00000000', 7, '0.00000000', '0.00000000', '0.00000000', 1, 0, 1, 1, 1, 32, '2016-05-23 14:12:42', '2016-06-27 10:35:35'),
(156, '7413-X', '', '', '', '', '', '', '', 100, 6, 'catalog/ за пациентами/p5.jpg', 25, 1, '250.0000', 0, 0, 0, 0, 0, '2016-05-23', '0.00000000', 7, '0.00000000', '0.00000000', '0.00000000', 1, 0, 1, 1, 1, 32, '2016-05-23 14:47:42', '2016-06-28 11:59:17'),
(157, '7803-X', '', '', '', '', '', '', '', 100, 6, 'catalog/ за пациентами/p4.jpg', 25, 1, '300.0000', 0, 0, 0, 0, 0, '2016-05-23', '0.00000000', 7, '0.00000000', '0.00000000', '0.00000000', 1, 0, 1, 1, 1, 36, '2016-05-23 14:56:10', '2016-06-28 11:58:27'),
(158, '7409-X', '', '', '', '', '', '', '', 100, 6, 'catalog/ за пациентами/p6.jpg', 25, 1, '330.0000', 0, 0, 0, 0, 0, '2016-05-23', '0.00000000', 7, '0.00000000', '0.00000000', '0.00000000', 1, 0, 1, 1, 1, 33, '2016-05-23 15:03:09', '2016-06-28 17:09:57'),
(159, '995 029 О', '', '', '', '', '', '', '', 100, 6, 'catalog/ за пациентами/p7_result.jpg', 17, 1, '410.0000', 0, 0, 0, 0, 0, '2016-05-23', '0.00000000', 7, '0.00000000', '0.00000000', '0.00000000', 1, 0, 1, 1, 1, 30, '2016-05-23 15:09:27', '2016-06-28 14:18:09'),
(160, '995 027 О', '', '', '', '', '', '', '', 100, 6, 'catalog/ за пациентами/p8_result.jpg', 17, 1, '420.0000', 0, 0, 0, 0, 0, '2016-05-23', '0.00000000', 7, '0.00000000', '0.00000000', '0.00000000', 1, 0, 1, 1, 1, 39, '2016-05-23 15:15:39', '2016-06-28 14:19:11'),
(161, '995 026 О', '', '', '', '', '', '', '', 100, 6, 'catalog/ за пациентами/p9_result.jpg', 17, 1, '650.0000', 0, 0, 0, 0, 0, '2016-05-23', '0.00000000', 7, '0.00000000', '0.00000000', '0.00000000', 1, 0, 1, 1, 1, 30, '2016-05-23 15:30:30', '2016-06-28 14:18:45'),
(162, '85-12-41', '', '', '', '', '', '', '', 100, 6, 'catalog/ за пациентами/p10_result.jpg', 24, 1, '300.0000', 0, 0, 0, 0, 0, '2016-05-23', '0.00000000', 7, '0.00000000', '0.00000000', '0.00000000', 1, 0, 1, 1, 1, 58, '2016-05-23 15:39:43', '2016-06-28 13:58:42'),
(193, '3539644', '', '', '', '', '', '', '', 100, 6, 'catalog/ энтеральное/p5_result.jpg', 0, 1, '600.0000', 0, 0, 0, 0, 0, '2016-05-24', '0.00000000', 7, '0.00000000', '0.00000000', '0.00000000', 1, 0, 1, 1, 1, 0, '2016-05-24 15:06:34', '2016-06-08 09:37:55'),
(164, 'TR102', '', '', '', '', '', '', '', 100, 6, 'catalog/ для детей/catalog/p7_result.jpg', 13, 1, '1600.0000', 0, 0, 0, 0, 0, '2016-05-23', '0.00000000', 7, '0.00000000', '0.00000000', '0.00000000', 1, 0, 1, 1, 1, 35, '2016-05-23 15:50:53', '2016-06-28 11:23:26'),
(191, '3539633', '', '', '', '', '', '', '', 100, 6, 'catalog/ энтеральное/p3_result.jpg', 44, 1, '460.0000', 0, 0, 0, 0, 0, '2016-05-24', '0.00000000', 7, '0.00000000', '0.00000000', '0.00000000', 1, 0, 1, 1, 1, 25, '2016-05-24 14:57:11', '2016-06-24 12:34:03'),
(189, '3539631', '', '', '', '', '', '', '', 100, 6, 'catalog/ энтеральное/p1_result.jpg', 44, 1, '315.0000', 0, 0, 0, 0, 0, '2016-05-24', '0.00000000', 7, '0.00000000', '0.00000000', '0.00000000', 1, 0, 1, 1, 1, 19, '2016-05-24 14:36:08', '2016-06-24 12:32:38'),
(167, 'Матрас противопролежневый Orthoforma', '', '', '', '', '', '', '', 100, 6, 'catalog/ за пациентами/p15_matras_result.jpg', 0, 1, '2350.0000', 0, 0, 0, 0, 0, '2016-05-23', '0.00000000', 7, '0.00000000', '0.00000000', '0.00000000', 1, 0, 1, 1, 1, 44, '2016-05-23 16:26:45', '2016-06-27 09:35:25'),
(168, 'Чулки противоэмболические ', '', '', '', '', '', '', '', 100, 6, 'catalog/ за пациентами/p16_chulki_result.jpg', 46, 1, '700.0000', 0, 0, 0, 0, 0, '2016-05-23', '0.00000000', 7, '0.00000000', '0.00000000', '0.00000000', 1, 0, 1, 1, 1, 37, '2016-05-23 16:40:54', '2016-06-27 10:01:13'),
(169, 'Пеленка впитывающая 40х60см /800 мл', '', '', '', '', '', '', '', 100, 6, 'catalog/ за пациентами/p17_19_result.jpg', 43, 1, '300.0000', 0, 0, 0, 0, 0, '2016-05-23', '0.00000000', 7, '0.00000000', '0.00000000', '0.00000000', 1, 0, 1, 1, 1, 32, '2016-05-23 16:48:12', '2016-06-28 11:29:51'),
(170, 'Пеленка впитывающая 60х60см /1100 мл', '', '', '', '', '', '', '', 100, 6, 'catalog/ за пациентами/p17_19_result.jpg', 43, 1, '370.0000', 0, 0, 0, 0, 0, '2016-05-23', '0.00000000', 7, '0.00000000', '0.00000000', '0.00000000', 1, 0, 1, 1, 1, 20, '2016-05-23 16:54:30', '2016-06-28 14:11:09'),
(171, 'Пеленка впитывающая 60х90см /1500 мл', '', '', '', '', '', '', '', 100, 6, 'catalog/ за пациентами/p17_19_result.jpg', 43, 1, '500.0000', 0, 0, 0, 0, 0, '2016-05-23', '0.00000000', 7, '0.00000000', '0.00000000', '0.00000000', 1, 0, 1, 1, 1, 26, '2016-05-23 17:01:06', '2016-06-28 14:11:43'),
(172, '20254', '', '', '', '', '', '', '', 100, 6, 'catalog/ за пациентами/p25_povyazka_result.jpg', 19, 1, '8500.0000', 0, 0, 0, 0, 0, '2016-05-23', '0.00000000', 7, '0.00000000', '0.00000000', '0.00000000', 1, 0, 1, 1, 1, 41, '2016-05-23 17:13:31', '2016-06-28 11:08:45'),
(174, 'Подгузники для взрослых Euron Form S', '', '', '', '', '', '', '', 100, 6, 'catalog/ за пациентами/p23.5_result.jpg', 40, 1, '1200.0000', 0, 0, 0, 0, 0, '2016-05-24', '0.00000000', 7, '0.00000000', '0.00000000', '0.00000000', 1, 0, 1, 1, 1, 17, '2016-05-24 10:29:53', '2016-06-28 11:39:53'),
(173, '20255', '', '', '', '', '', '', '', 100, 6, 'catalog/ за пациентами/p25_povyazka_result.jpg', 19, 1, '15000.0000', 0, 0, 0, 0, 0, '2016-05-23', '0.00000000', 7, '0.00000000', '0.00000000', '0.00000000', 1, 0, 1, 1, 1, 40, '2016-05-23 17:23:51', '2016-06-28 11:09:46'),
(175, 'Подгузники для взрослых Euron Form, размер M', '', '', '', '', '', '', '', 100, 6, 'catalog/ за пациентами/p26_L_result.jpg', 40, 1, '1200.0000', 0, 0, 0, 0, 0, '2016-05-24', '0.00000000', 7, '0.00000000', '0.00000000', '0.00000000', 1, 0, 1, 1, 1, 17, '2016-05-24 10:46:20', '2016-06-28 11:38:52'),
(176, 'Подгузники для взрослых Euron Form, размер L', '', '', '', '', '', '', '', 100, 6, 'catalog/ за пациентами/p26_L_result.jpg', 40, 1, '1300.0000', 0, 0, 0, 0, 0, '2016-05-24', '0.00000000', 7, '0.00000000', '0.00000000', '0.00000000', 1, 0, 1, 1, 1, 22, '2016-05-24 10:58:36', '2016-06-28 11:38:24'),
(177, 'Подгузники для взрослых Euron Form, размер XL', '', '', '', '', '', '', '', 100, 6, 'catalog/ за пациентами/p26_XL_result.jpg', 40, 1, '1600.0000', 0, 0, 0, 0, 0, '2016-05-24', '0.00000000', 7, '0.00000000', '0.00000000', '0.00000000', 1, 0, 1, 1, 1, 23, '2016-05-24 11:07:10', '2016-06-28 11:40:35'),
(178, 'Пластырь Compeed от влажных мозолей на ногах ', '', '', '', '', '', '', '', 100, 6, 'catalog/ за пациентами/p27_result.jpg', 42, 1, '340.0000', 0, 0, 0, 0, 0, '2016-05-24', '0.00000000', 7, '0.00000000', '0.00000000', '0.00000000', 1, 0, 1, 1, 1, 22, '2016-05-24 11:10:49', '2016-06-28 11:33:44'),
(179, 'Compeed Пластырь от сухих мозолей на ногах средний', '', '', '', '', '', '', '', 100, 6, 'catalog/ за пациентами/p28_result.jpg', 42, 1, '310.0000', 0, 0, 0, 0, 0, '2016-05-24', '0.00000000', 7, '0.00000000', '0.00000000', '0.00000000', 1, 0, 1, 1, 1, 49, '2016-05-24 11:15:53', '2016-06-28 10:58:50'),
(180, '24 151 8-50', '', '', '', '', '', '', '', 100, 6, 'catalog/ за пациентами/p29_result.jpg', 13, 1, '1800.0000', 0, 0, 0, 0, 0, '2016-05-24', '0.00000000', 7, '0.00000000', '0.00000000', '0.00000000', 1, 0, 1, 1, 1, 57, '2016-05-24 11:22:11', '2016-06-24 17:35:59'),
(181, '0644-20', '', '', '', '', '', '', '', 100, 6, 'catalog/ за стомой/mik2-1415864038_result.jpg', 41, 1, '7700.0000', 0, 0, 0, 0, 0, '2016-05-24', '0.00000000', 7, '0.00000000', '0.00000000', '0.00000000', 1, 0, 1, 1, 1, 99, '2016-05-24 11:52:56', '2016-06-28 13:56:35'),
(194, '3640712', '', '', '', '', '', '', '', 100, 6, 'catalog/ энтеральное/p6_result.jpg', 44, 1, '600.0000', 0, 0, 0, 0, 0, '2016-05-24', '0.00000000', 7, '0.00000000', '0.00000000', '0.00000000', 1, 0, 1, 1, 1, 26, '2016-05-24 15:12:43', '2016-06-24 12:14:36'),
(184, '650803', '', '', '', '', '', '', '', 100, 6, 'catalog/ за стомой/p4_result.jpg', 13, 1, '0.0000', 0, 0, 0, 0, 0, '2016-05-24', '0.00000000', 7, '0.00000000', '0.00000000', '0.00000000', 1, 0, 1, 1, 1, 50, '2016-05-24 12:03:23', '2016-06-28 12:22:11'),
(185, '405836', '', '', '', '', '', '', '', 100, 6, 'catalog/ за стомой/p5_result.jpg', 13, 1, '0.0000', 0, 0, 0, 0, 0, '2016-05-24', '0.00000000', 7, '0.00000000', '0.00000000', '0.00000000', 1, 0, 1, 1, 1, 41, '2016-05-24 12:20:58', '2016-06-28 12:23:55'),
(186, '402523', '', '', '', '', '', '', '', 100, 6, 'catalog/ за стомой/p6_result.jpg', 13, 1, '0.0000', 0, 0, 0, 0, 0, '2016-05-24', '0.00000000', 7, '0.00000000', '0.00000000', '0.00000000', 1, 0, 1, 1, 1, 34, '2016-05-24 13:39:18', '2016-06-28 12:22:49'),
(187, '402524', '', '', '', '', '', '', '', 100, 6, 'catalog/ за стомой/p6_result.jpg', 13, 1, '0.0000', 0, 0, 0, 0, 0, '2016-05-24', '0.00000000', 7, '0.00000000', '0.00000000', '0.00000000', 1, 0, 1, 1, 1, 31, '2016-05-24 13:48:11', '2016-06-28 12:23:17'),
(188, '25535', '', '', '', '', '', '', '', 100, 6, 'catalog/ за стомой/p9_result.jpg', 13, 1, '0.0000', 0, 0, 0, 0, 0, '2016-05-24', '0.00000000', 7, '0.00000000', '0.00000000', '0.00000000', 1, 0, 1, 1, 1, 34, '2016-05-24 13:53:21', '2016-06-28 12:24:33'),
(195, '30160', '', '', '', '', '', '', '', 100, 6, 'catalog/ дип/p11_result.jpg', 19, 1, '0.0000', 0, 0, 0, 0, 0, '2016-05-24', '0.00000000', 7, '0.00000000', '0.00000000', '0.00000000', 1, 0, 1, 1, 1, 29, '2016-05-24 17:09:02', '2016-06-27 12:08:12'),
(196, 'Обувь для ходьбы в гипсовой повязке', '', '', '', '', '', '', '', 100, 6, 'catalog/ дип/podmetki_Cellona_result.jpg', 19, 1, '0.0000', 0, 0, 0, 0, 0, '2016-05-24', '0.00000000', 7, '0.00000000', '0.00000000', '0.00000000', 1, 0, 1, 1, 1, 45, '2016-05-24 17:22:21', '2016-06-28 17:03:12'),
(197, '10692', '', '', '', '', '', '', '', 100, 6, 'catalog/ дип/cellona_sinteticheskaya_vata9z_enl_result.jpg', 19, 1, '0.0000', 0, 0, 0, 0, 0, '2016-05-24', '0.00000000', 7, '0.00000000', '0.00000000', '0.00000000', 1, 0, 1, 1, 1, 28, '2016-05-24 17:39:33', '2016-06-28 17:01:47'),
(198, '10694', '', '', '', '', '', '', '', 100, 6, 'catalog/ дип/cellona_sinteticheskaya_vata9z_enl_result.jpg', 19, 1, '0.0000', 0, 0, 0, 0, 0, '2016-05-24', '0.00000000', 7, '0.00000000', '0.00000000', '0.00000000', 1, 0, 1, 1, 1, 33, '2016-05-24 17:42:43', '2016-06-28 17:01:10'),
(199, '25203', '', '', '', '', '', '', '', 100, 6, 'catalog/ дип/Cellacast-Xtra3d_enl_result.jpg', 19, 1, '0.0000', 0, 0, 0, 0, 0, '2016-05-24', '0.00000000', 7, '0.00000000', '0.00000000', '0.00000000', 1, 0, 1, 1, 1, 37, '2016-05-24 18:38:27', '2016-06-28 12:26:05'),
(200, '25202', '', '', '', '', '', '', '', 100, 6, 'catalog/ дип/Cellacast-Xtra3d_enl_result.jpg', 19, 1, '0.0000', 0, 0, 0, 0, 0, '2016-05-24', '0.00000000', 7, '0.00000000', '0.00000000', '0.00000000', 1, 0, 1, 1, 1, 26, '2016-05-24 18:44:06', '2016-06-28 12:27:00'),
(201, '24003', '', '', '', '', '', '', '', 100, 6, 'catalog/ дип/trubchatiy_bint_result.jpg', 19, 1, '0.0000', 0, 0, 0, 0, 0, '2016-05-24', '0.00000000', 7, '0.00000000', '0.00000000', '0.00000000', 1, 0, 1, 1, 1, 27, '2016-05-24 18:59:07', '2016-06-28 16:57:20'),
(202, '24005', '', '', '', '', '', '', '', 100, 6, 'catalog/ дип/trubchatiy_bint_result.jpg', 19, 1, '0.0000', 0, 0, 0, 0, 0, '2016-05-24', '0.00000000', 7, '0.00000000', '0.00000000', '0.00000000', 1, 0, 1, 1, 1, 25, '2016-05-24 19:01:57', '2016-06-28 16:57:57'),
(203, 'Помпа микроинфузионная  Accufuser Continuous', '', '', '', '', '', '', '', 100, 6, 'catalog/ онкология/4.5_result.jpg', 22, 1, '682.0000', 0, 0, 0, 0, 0, '2016-05-25', '0.00000000', 7, '0.00000000', '0.00000000', '0.00000000', 1, 0, 1, 1, 1, 37, '2016-05-25 11:38:03', '2016-06-27 16:45:06'),
(204, 'Набор для инфузии.', '', '', '', '', '', '', '', 100, 6, 'catalog/ онкология/4.5_result.jpg', 22, 1, '577.0000', 0, 0, 0, 0, 0, '2016-05-25', '0.00000000', 7, '0.00000000', '0.00000000', '0.00000000', 1, 0, 1, 1, 1, 37, '2016-05-25 12:23:40', '2016-06-27 16:42:10'),
(205, 'Микросферы для эмболизации ', '', '', '', '', '', '', '', 100, 6, 'catalog/ онкология/p6-10_result.jpg', 49, 1, '27615.0000', 0, 0, 0, 0, 0, '2016-05-25', '0.00000000', 7, '0.00000000', '0.00000000', '0.00000000', 1, 0, 1, 1, 1, 59, '2016-05-25 13:14:47', '2016-06-27 16:33:11'),
(206, 'NuPort LP', '', '', '', '', '', '', '', 100, 6, 'catalog/ онкология/p18_NuPort_result.jpg', 22, 1, '40950.0000', 0, 0, 0, 0, 0, '2016-05-25', '0.00000000', 7, '0.00000000', '0.00000000', '0.00000000', 1, 0, 1, 1, 1, 28, '2016-05-25 13:50:46', '2016-06-28 10:33:14'),
(207, 'С-Port', '', '', '', '', '', '', '', 100, 6, 'catalog/ онкология/p19_С-Port_result.jpg', 22, 1, '34650.0000', 0, 0, 0, 0, 0, '2016-05-25', '0.00000000', 7, '0.00000000', '0.00000000', '0.00000000', 1, 0, 1, 1, 1, 25, '2016-05-25 14:08:12', '2016-06-28 10:39:58'),
(264, 'набор', '', '', '', '', '', '', '', 100, 6, 'catalog/ за пациентами/p4_p6_2.jpg', 25, 1, '0.0000', 0, 0, 0, 0, 0, '2016-06-08', '0.00000000', 7, '0.00000000', '0.00000000', '0.00000000', 1, 0, 1, 1, 1, 40, '2016-06-08 17:25:20', '2016-06-28 11:13:38'),
(208, 'Салфетки «Колетекс-М»', '', '', '', '', '', '', '', 100, 6, 'catalog/ онкология/p15_result.jpg', 31, 1, '245.0000', 0, 0, 0, 0, 0, '2016-05-25', '0.00000000', 7, '0.00000000', '0.00000000', '0.00000000', 1, 0, 1, 1, 1, 36, '2016-05-25 14:51:09', '2016-06-28 10:26:55'),
(209, 'Материал гидрогелевый «Колетекс-АКЛ', '', '', '', '', '', '', '', 100, 6, 'catalog/ онкология/p16_result.jpg', 31, 1, '2285.0000', 0, 0, 0, 0, 0, '2016-05-25', '0.00000000', 7, '0.00000000', '0.00000000', '0.00000000', 1, 0, 1, 1, 1, 34, '2016-05-25 15:09:24', '2016-06-27 17:38:33'),
(210, 'Стент пищеводный с покрытием PTFE', '', '', '', '', '', '', '', 100, 6, 'catalog/ онкология/pish_result.jpg', 0, 1, '46500.0000', 0, 0, 0, 0, 0, '2016-05-25', '0.00000000', 7, '0.00000000', '0.00000000', '0.00000000', 1, 0, 1, 1, 1, 17, '2016-05-25 15:31:49', '2016-06-28 10:42:02'),
(211, 'Стенты трахеобронхиальные', '', '', '', '', '', '', '', 100, 6, 'catalog/ онкология/3a_result.jpg', 0, 1, '46500.0000', 0, 0, 0, 0, 0, '2016-05-25', '0.00000000', 7, '0.00000000', '0.00000000', '0.00000000', 1, 0, 1, 1, 1, 1, '2016-05-25 15:57:49', '2016-06-08 16:54:26'),
(212, 'CT0050L', '', '', '', '', '', '', '', 100, 6, 'catalog/ онкология/P1_Accufuser_ABx_result.jpg', 48, 1, '1680.0000', 0, 0, 0, 0, 0, '2016-05-25', '0.00000000', 7, '0.00000000', '0.00000000', '0.00000000', 1, 0, 1, 1, 1, 30, '2016-05-25 16:18:52', '2016-06-28 10:43:47'),
(213, 'Помпа микроинфузионная одноразовая', '', '', '', '', '', '', 'V1248L', 100, 6, 'catalog/ онкология/p2_result.jpg', 48, 1, '2625.0000', 0, 0, 0, 0, 0, '2016-05-25', '0.00000000', 7, '0.00000000', '0.00000000', '0.00000000', 1, 0, 1, 1, 1, 27, '2016-05-25 16:29:19', '2016-06-28 10:52:10'),
(214, '2-0539', '', '', '', '', '', '', '', 100, 6, 'catalog/ для дип/p1_result.jpg', 14, 1, '0.0000', 0, 0, 0, 0, 0, '2016-05-25', '0.00000000', 7, '0.00000000', '0.00000000', '0.00000000', 1, 0, 1, 1, 1, 32, '2016-05-25 16:58:09', '2016-06-28 16:51:54'),
(215, 'RP-411050', '', '', '', '', '', '', '', 100, 6, 'catalog/ для дип/p2_result.jpg', 52, 1, '0.0000', 0, 0, 0, 0, 0, '2016-05-25', '0.00000000', 7, '0.00000000', '0.00000000', '0.00000000', 1, 0, 1, 1, 1, 38, '2016-05-25 17:10:01', '2016-06-28 15:56:35'),
(216, 'Набор для чрескожного дренирования', '', '', '', '', '', '', '', 100, 6, 'catalog/ для дип/p3_result.jpg', 47, 1, '0.0000', 0, 0, 0, 0, 0, '2016-05-25', '0.00000000', 7, '0.00000000', '0.00000000', '0.00000000', 1, 0, 1, 1, 1, 27, '2016-05-25 17:18:13', '2016-06-27 13:07:35'),
(217, 'Набор  мочеточникового стента', '', '', '', '', '', '', '', 100, 6, 'catalog/ для дип/p4_result.jpg', 47, 1, '0.0000', 0, 0, 0, 0, 0, '2016-05-25', '0.00000000', 7, '0.00000000', '0.00000000', '0.00000000', 1, 0, 1, 1, 1, 38, '2016-05-25 17:29:05', '2016-06-28 15:55:21'),
(218, 'чрескожное дренирование', '', '', '', '', '', '', '', 100, 6, 'catalog/ для дип/p5_result.jpg', 47, 1, '0.0000', 0, 0, 0, 0, 0, '2016-05-25', '0.00000000', 7, '0.00000000', '0.00000000', '0.00000000', 1, 0, 1, 1, 1, 27, '2016-05-25 17:48:50', '2016-06-27 13:09:39'),
(219, 'Набор для установки нефростомического катетера', '', '', '', '', '', '', '', 100, 6, 'catalog/ для дип/p6_result.jpg', 24, 1, '0.0000', 0, 0, 0, 0, 0, '2016-05-25', '0.00000000', 7, '0.00000000', '0.00000000', '0.00000000', 1, 0, 1, 1, 1, 33, '2016-05-25 17:56:46', '2016-06-28 15:53:49'),
(220, '34-00-56', '', '', '', '', '', '', '', 100, 6, 'catalog/ для дип/p7_result.jpg', 0, 1, '0.0000', 0, 0, 0, 0, 0, '2016-05-25', '0.00000000', 7, '0.00000000', '0.00000000', '0.00000000', 1, 0, 1, 1, 1, 0, '2016-05-25 18:15:44', '0000-00-00 00:00:00'),
(221, '31-00-00', '', '', '', '', '', '', '', 100, 6, 'catalog/ для дип/p8_result.jpg', 24, 1, '0.0000', 0, 0, 0, 0, 0, '2016-05-25', '0.00000000', 7, '0.00000000', '0.00000000', '0.00000000', 1, 0, 1, 1, 1, 30, '2016-05-25 18:25:31', '2016-06-28 15:58:28'),
(222, '33-44-00', '', '', '', '', '', '', '', 100, 6, 'catalog/ для дип/p9_result.jpg', 24, 1, '0.0000', 0, 0, 0, 0, 0, '2016-05-25', '0.00000000', 7, '0.00000000', '0.00000000', '0.00000000', 1, 0, 1, 1, 1, 27, '2016-05-25 18:33:22', '2016-06-28 15:57:55'),
(223, 'Стент хирургический мочеточниковый ', '', '', '', '', '', '', '', 100, 6, 'catalog/ для дип/p10_result.jpg', 24, 1, '0.0000', 0, 0, 0, 0, 0, '2016-05-25', '0.00000000', 7, '0.00000000', '0.00000000', '0.00000000', 1, 0, 1, 1, 1, 24, '2016-05-25 18:39:28', '2016-06-28 15:57:27'),
(224, '17-00-03', '', '', '', '', '', '', '', 100, 6, 'catalog/ для дип/p11_2_result.jpg', 24, 1, '0.0000', 0, 0, 0, 0, 0, '2016-05-25', '0.00000000', 7, '0.00000000', '0.00000000', '0.00000000', 1, 0, 1, 1, 1, 47, '2016-05-25 18:50:33', '2016-06-28 17:07:38'),
(225, '17-06-30', '', '', '', '', '', '', '', 100, 6, 'catalog/ для дип/p12_13_result.jpg', 24, 1, '0.0000', 0, 0, 0, 0, 0, '2016-05-25', '0.00000000', 7, '0.00000000', '0.00000000', '0.00000000', 1, 0, 1, 1, 1, 35, '2016-05-25 19:01:29', '2016-06-28 17:18:23'),
(226, '65-07-04', '', '', '', '', '', '', '', 100, 6, 'catalog/ для дип/p14_result.jpg', 24, 1, '0.0000', 0, 0, 0, 0, 0, '2016-05-25', '0.00000000', 7, '0.00000000', '0.00000000', '0.00000000', 1, 0, 1, 1, 1, 36, '2016-05-25 19:25:00', '2016-06-27 13:03:17'),
(227, 'КОЭ-50-240', '', '', '', '', '', '', '', 100, 6, 'catalog/ эндо/p38_result.jpg', 34, 1, '0.0000', 0, 0, 0, 0, 0, '2016-05-26', '0.00000000', 7, '0.00000000', '0.00000000', '0.00000000', 1, 0, 1, 1, 1, 15, '2016-05-26 11:22:41', '2016-06-28 17:18:54'),
(228, '101030А-AC-S', '', '', '', '', '', '', '', 100, 6, 'catalog/ эндо/p39_result.jpg', 34, 1, '0.0000', 0, 0, 0, 0, 0, '2016-05-26', '0.00000000', 7, '0.00000000', '0.00000000', '0.00000000', 1, 0, 1, 1, 1, 16, '2016-05-26 11:37:44', '2016-06-27 15:36:08'),
(229, '101030-AC-S', '', '', '', '', '', '', '', 100, 6, 'catalog/ эндо/p40_result.jpg', 34, 1, '0.0000', 0, 0, 0, 0, 0, '2016-05-26', '0.00000000', 7, '0.00000000', '0.00000000', '0.00000000', 1, 0, 1, 1, 1, 10, '2016-05-26 12:14:11', '2016-06-27 15:39:08'),
(230, 'T-0516', '', '', '', '', '', '', '', 100, 6, 'catalog/ эндо/p41_42_result.jpg', 34, 1, '0.0000', 0, 0, 0, 0, 0, '2016-05-26', '0.00000000', 7, '0.00000000', '0.00000000', '0.00000000', 1, 0, 1, 1, 1, 13, '2016-05-26 12:21:27', '2016-06-27 15:13:31'),
(231, 'T-1011', '', '', '', '', '', '', '', 100, 6, 'catalog/ эндо/p41_result.jpg', 0, 1, '0.0000', 0, 0, 0, 0, 0, '2016-05-26', '0.00000000', 7, '0.00000000', '0.00000000', '0.00000000', 1, 0, 1, 1, 1, 4, '2016-05-26 12:41:36', '0000-00-00 00:00:00'),
(232, 'LV-0510', '', '', '', '', '', '', '', 100, 6, 'catalog/ эндо/p43_result.jpg', 34, 1, '0.0000', 0, 0, 0, 0, 0, '2016-05-26', '0.00000000', 7, '0.00000000', '0.00000000', '0.00000000', 1, 0, 1, 1, 1, 19, '2016-05-26 12:50:59', '2016-06-28 17:25:42'),
(233, 'LR-0210', '', '', '', '', '', '', '', 100, 6, 'catalog/ эндо/p44_result.jpg', 34, 1, '0.0000', 0, 0, 0, 0, 0, '2016-05-26', '0.00000000', 7, '0.00000000', '0.00000000', '0.00000000', 1, 0, 1, 1, 1, 7, '2016-05-26 13:01:50', '2016-06-27 14:33:52'),
(234, 'EH344', '', '', '', '', '', '', '', 100, 6, 'catalog/ эндо/p45_result.jpg', 34, 1, '0.0000', 0, 0, 0, 0, 0, '2016-05-26', '0.00000000', 7, '0.00000000', '0.00000000', '0.00000000', 1, 0, 1, 1, 1, 7, '2016-05-26 13:13:33', '2016-06-27 14:34:45'),
(235, 'LD-03051M3', '', '', '', '', '', '', '', 100, 6, 'catalog/ эндо/p46_result.jpg', 34, 1, '0.0000', 0, 0, 0, 0, 0, '2016-05-26', '0.00000000', 7, '0.00000000', '0.00000000', '0.00000000', 1, 0, 1, 1, 1, 15, '2016-05-26 13:21:54', '2016-06-27 14:28:12'),
(236, 'LZ-01051M2', '', '', '', '', '', '', '', 100, 6, 'catalog/ эндо/p48_result.jpg', 34, 1, '0.0000', 0, 0, 0, 0, 0, '2016-05-26', '0.00000000', 7, '0.00000000', '0.00000000', '0.00000000', 1, 0, 1, 1, 1, 16, '2016-05-26 13:35:23', '2016-06-27 14:29:06'),
(237, ' LM-02051', '', '', '', '', '', '', '', 100, 6, 'catalog/ эндо/p49_result.jpg', 34, 1, '0.0000', 0, 0, 0, 0, 0, '2016-05-26', '0.00000000', 7, '0.00000000', '0.00000000', '0.00000000', 1, 0, 1, 1, 1, 12, '2016-05-26 13:44:28', '2016-06-27 15:49:03'),
(238, ' LS-09051M3', '', '', '', '', '', '', '', 100, 6, 'catalog/ эндо/p50_result.jpg', 34, 1, '0.0000', 0, 0, 0, 0, 0, '2016-05-26', '0.00000000', 7, '0.00000000', '0.00000000', '0.00000000', 1, 0, 1, 1, 1, 17, '2016-05-26 13:54:20', '2016-06-27 15:01:37'),
(239, 'В-0005 ', '', '', '', '', '', '', '', 100, 6, 'catalog/ эндо/p51_result.jpg', 34, 1, '0.0000', 0, 0, 0, 0, 0, '2016-05-26', '0.00000000', 7, '0.00000000', '0.00000000', '0.00000000', 1, 0, 1, 1, 1, 9, '2016-05-26 13:57:07', '2016-06-27 15:47:20'),
(240, '25442', '', '', '', '', '', '', '', 100, 6, 'catalog/ эндо/p21_22_result.jpg', 19, 1, '0.0000', 0, 0, 0, 0, 0, '2016-05-26', '0.00000000', 7, '0.00000000', '0.00000000', '0.00000000', 1, 0, 1, 1, 1, 15, '2016-05-26 15:02:26', '2016-06-28 17:15:37'),
(241, '25443', '', '', '', '', '', '', '', 100, 6, 'catalog/ эндо/p21_22_result.jpg', 19, 1, '0.0000', 0, 0, 0, 0, 0, '2016-05-26', '0.00000000', 7, '0.00000000', '0.00000000', '0.00000000', 1, 0, 1, 1, 1, 5, '2016-05-26 15:14:57', '2016-06-28 17:15:22'),
(242, '12780', '', '', '', '', '', '', '', 100, 6, 'catalog/ эндо/p25_result.jpg', 19, 1, '0.0000', 0, 0, 0, 0, 0, '2016-05-26', '0.00000000', 7, '0.00000000', '0.00000000', '0.00000000', 1, 0, 1, 1, 1, 7, '2016-05-26 15:23:16', '2016-06-27 14:31:15'),
(243, '12781', '', '', '', '', '', '', '', 100, 6, 'catalog/ эндо/p25_result.jpg', 19, 1, '0.0000', 0, 0, 0, 0, 0, '2016-05-26', '0.00000000', 7, '0.00000000', '0.00000000', '0.00000000', 1, 0, 1, 1, 1, 11, '2016-05-26 15:33:54', '2016-06-27 14:33:00'),
(244, '26021185 ', '', '', '', '', '', '', '', 100, 6, 'catalog/ эндо/p16_result.jpg', 13, 1, '0.0000', 0, 0, 0, 0, 0, '2016-05-26', '0.00000000', 7, '0.00000000', '0.00000000', '0.00000000', 1, 0, 1, 1, 1, 32, '2016-05-26 15:51:03', '2016-06-28 16:48:33'),
(245, '26060185', '', '', '', '', '', '', '', 100, 6, 'catalog/ эндо/p17_result.jpg', 13, 1, '0.0000', 0, 0, 0, 0, 0, '2016-05-26', '0.00000000', 7, '0.00000000', '0.00000000', '0.00000000', 1, 0, 1, 1, 1, 28, '2016-05-26 16:04:08', '2016-06-27 14:16:46'),
(246, '13001185 13002185', '', '', '', '', '', '', '', 100, 6, 'catalog/ эндо/p18_result.jpg', 13, 1, '0.0000', 0, 0, 0, 0, 0, '2016-05-26', '0.00000000', 7, '0.00000000', '0.00000000', '0.00000000', 1, 0, 1, 1, 1, 11, '2016-05-26 16:16:52', '2016-06-27 15:43:39'),
(247, 'Т-1333', '', '', '', '', '', '', '', 100, 6, 'catalog/ эндо/p32_result.jpg', 50, 1, '0.0000', 0, 0, 0, 0, 0, '2016-05-26', '0.00000000', 7, '0.00000000', '0.00000000', '0.00000000', 1, 0, 1, 1, 1, 27, '2016-05-26 16:47:19', '2016-06-27 16:02:01'),
(248, 'Т-1332', '', '', '', '', '', '', '', 100, 6, 'catalog/ эндо/p33_result.jpg', 50, 1, '0.0000', 0, 0, 0, 0, 0, '2016-05-26', '0.00000000', 7, '0.00000000', '0.00000000', '0.00000000', 1, 0, 1, 1, 1, 27, '2016-05-26 16:55:57', '2016-06-27 15:59:11'),
(249, 'Т-1339', '', '', '', '', '', '', '', 100, 6, 'catalog/ эндо/p34_result.jpg', 50, 1, '0.0000', 0, 0, 0, 0, 0, '2016-05-26', '0.00000000', 7, '0.00000000', '0.00000000', '0.00000000', 1, 0, 1, 1, 1, 24, '2016-05-26 17:01:05', '2016-06-27 16:15:45'),
(250, 'Т-1338', '', '', '', '', '', '', '', 100, 6, 'catalog/ эндо/p35_result.jpg', 50, 1, '0.0000', 0, 0, 0, 0, 0, '2016-05-26', '0.00000000', 7, '0.00000000', '0.00000000', '0.00000000', 1, 0, 1, 1, 1, 27, '2016-05-26 17:07:55', '2016-06-27 16:13:14'),
(251, 'Сетчатый эндопротез для восстановительной хирургии Эсфил', '', '', '', '', '', '', '', 100, 6, 'catalog/ эндо/p26_28_result.jpg', 29, 1, '0.0000', 0, 0, 0, 0, 0, '2016-05-26', '0.00000000', 7, '0.00000000', '0.00000000', '0.00000000', 1, 0, 1, 1, 1, 13, '2016-05-26 17:33:09', '2016-06-27 15:10:56'),
(252, 'Сетчатый эндопротез для восстановительной хирургии Эсфил', '', '', '', '', '', '', '', 100, 6, 'catalog/ эндо/p26_28_result.jpg', 29, 1, '0.0000', 0, 0, 0, 0, 0, '2016-05-26', '0.00000000', 7, '0.00000000', '0.00000000', '0.00000000', 1, 0, 1, 1, 1, 15, '2016-05-26 17:42:03', '2016-06-27 15:08:03'),
(253, 'Сетчатый эндопротез для восстановительной хирургии Эсфил', '', '', '', '', '', '', '', 100, 6, 'catalog/ эндо/p26_28_result.jpg', 29, 1, '0.0000', 0, 0, 0, 0, 0, '2016-05-26', '0.00000000', 7, '0.00000000', '0.00000000', '0.00000000', 1, 0, 1, 1, 1, 15, '2016-05-26 17:48:53', '2016-06-27 15:09:20'),
(254, 'Сетчатый эндопротез для восстановительной хирургии УНИФЛЕКС', '', '', '', '', '', '', '', 100, 6, 'catalog/ эндо/p29_30_result.jpg', 29, 1, '0.0000', 0, 0, 0, 0, 0, '2016-05-26', '0.00000000', 7, '0.00000000', '0.00000000', '0.00000000', 1, 0, 1, 1, 1, 15, '2016-05-26 17:57:09', '2016-06-27 15:06:07'),
(255, 'Сетчатый эндопротез для восстановительной хирургии УНИФЛЕКС ', '', '', '', '', '', '', '', 100, 6, 'catalog/ эндо/p29_30_result.jpg', 29, 1, '0.0000', 0, 0, 0, 0, 0, '2016-05-26', '0.00000000', 7, '0.00000000', '0.00000000', '0.00000000', 1, 0, 1, 1, 1, 13, '2016-05-26 18:03:32', '2016-06-27 15:05:06'),
(256, 'WK544171', '', '', '', '', '', '', '', 100, 6, 'catalog/ эндо/p36_result.jpg', 24, 1, '0.0000', 0, 0, 0, 0, 0, '2016-05-26', '0.00000000', 7, '0.00000000', '0.00000000', '0.00000000', 1, 0, 1, 1, 1, 25, '2016-05-26 18:18:24', '2016-06-28 17:08:07'),
(257, 'WK544230', '', '', '', '', '', '', '', 100, 6, 'catalog/ эндо/p37_result.jpg', 24, 1, '0.0000', 0, 0, 0, 0, 0, '2016-05-26', '0.00000000', 7, '0.00000000', '0.00000000', '0.00000000', 1, 0, 1, 1, 1, 18, '2016-05-26 18:35:06', '2016-06-27 14:56:56'),
(258, 'Анти-эмболические чулки T.E.D до бедра', '', '', '', '', '', '', '', 100, 6, 'catalog/ эндо/p19_result.jpg', 11, 1, '0.0000', 0, 0, 0, 0, 0, '2016-05-26', '0.00000000', 7, '0.00000000', '0.00000000', '0.00000000', 1, 0, 1, 1, 1, 35, '2016-05-26 18:52:55', '2016-06-27 16:23:31'),
(259, 'Анти-эмболические чулки T.E.D до колена ', '', '', '', '', '', '', '', 100, 6, 'catalog/ эндо/p20_result.jpg', 11, 1, '0.0000', 0, 0, 0, 0, 0, '2016-05-26', '0.00000000', 7, '0.00000000', '0.00000000', '0.00000000', 1, 0, 1, 1, 1, 27, '2016-05-26 19:03:06', '2016-06-27 16:18:19'),
(260, 'Троакар Endopath Xcel без ножа 6шт/уп', '', '', '', '', '', '', '', 100, 6, 'catalog/ эндо/p1_result.jpg', 16, 1, '0.0000', 0, 0, 0, 0, 0, '2016-05-27', '0.00000000', 7, '0.00000000', '0.00000000', '0.00000000', 1, 0, 1, 1, 1, 36, '2016-05-27 14:14:03', '2016-06-27 15:18:14'),
(261, 'Троакар Endopath Xcel с плоским лезвием, диаметр 5 мм', '', '', '', '', '', '', '', 100, 6, 'catalog/ эндо/p1_result.jpg', 16, 1, '0.0000', 0, 0, 0, 0, 0, '2016-05-27', '0.00000000', 7, '0.00000000', '0.00000000', '0.00000000', 1, 0, 1, 1, 1, 25, '2016-05-27 14:57:59', '2016-06-28 16:53:38'),
(262, 'Эндоскопический инструмент ENDOPATH ', '', '', '', '', '', '', '', 100, 6, 'catalog/ эндо/p7_result.jpg', 16, 1, '0.0000', 0, 0, 0, 0, 0, '2016-05-27', '0.00000000', 7, '0.00000000', '0.00000000', '0.00000000', 1, 0, 1, 1, 1, 21, '2016-05-27 15:20:57', '2016-06-27 15:53:13'),
(263, '5DCD', '', '', '', '', '', '', '', 100, 6, 'catalog/ эндо/p10_result.jpg', 16, 1, '0.0000', 0, 0, 0, 0, 0, '2016-05-27', '0.00000000', 7, '0.00000000', '0.00000000', '0.00000000', 1, 0, 1, 1, 1, 13, '2016-05-27 15:31:24', '2016-06-27 15:57:07'),
(265, 'Scar Fix силиконовые пластины', '', '', '', '', '', '', '', 100, 6, 'catalog/ гинекология/ новое/scarfx-modeliruemogo-razmera.jpg', 0, 1, '0.0000', 0, 0, 0, 0, 0, '2016-06-08', '0.00000000', 7, '0.00000000', '0.00000000', '0.00000000', 1, 0, 1, 1, 1, 84, '2016-06-08 18:00:23', '2016-06-28 10:10:39'),
(266, 'Колетекс с мочевиной', '', '', '', '', '', '', '', 100, 6, 'catalog/ онкология/124328.jpg', 31, 1, '0.0000', 0, 0, 0, 0, 0, '2016-06-08', '0.00000000', 7, '0.00000000', '0.00000000', '0.00000000', 1, 0, 1, 1, 1, 48, '2016-06-08 18:01:47', '2016-06-28 15:00:38'),
(267, 'Колетекс с прополисом ', '', '', '', '', '', '', '', 100, 6, 'catalog/ онкология/124340.jpg', 31, 1, '0.0000', 0, 0, 0, 0, 0, '2016-06-08', '0.00000000', 7, '0.00000000', '0.00000000', '0.00000000', 1, 0, 1, 1, 1, 50, '2016-06-08 18:02:28', '2016-06-29 15:58:40'),
(268, 'Колетекс с 5-фторурацилом ', '', '', '', '', '', '', '', 100, 6, 'catalog/ онкология/c81202436e456b2adcd32f48d5f06346.jpg', 31, 1, '0.0000', 0, 0, 0, 0, 0, '2016-06-08', '0.00000000', 7, '0.00000000', '0.00000000', '0.00000000', 1, 0, 1, 1, 1, 35, '2016-06-08 18:03:25', '2016-06-29 16:11:49'),
(269, 'Колетекс с деринатом', '', '', '', '', '', '', '', 100, 6, 'catalog/ онкология/ae2db0531296d667327ecd816870a117.JPG', 31, 1, '0.0000', 0, 0, 0, 0, 0, '2016-06-08', '0.00000000', 7, '0.00000000', '0.00000000', '0.00000000', 1, 0, 1, 1, 1, 30, '2016-06-08 18:04:05', '2016-06-29 15:33:31'),
(277, 'DАM+ в шприцах ', '', '', '', '', '', '', '', 100, 6, 'catalog/ для детей/card/tovar_2831048.jpg', 0, 1, '0.0000', 0, 0, 0, 0, 0, '2016-06-22', '0.00000000', 7, '0.00000000', '0.00000000', '0.00000000', 1, 0, 1, 1, 1, 9, '2016-06-22 13:18:09', '2016-06-29 17:26:57'),
(275, '0120-12-0.8', '', '', '', '', '', '', '', 100, 6, 'catalog/ за стомой/mik2-1415864038_result.jpg', 41, 1, '0.0000', 0, 0, 0, 0, 0, '2016-06-17', '0.00000000', 7, '0.00000000', '0.00000000', '0.00000000', 1, 0, 1, 1, 1, 28, '2016-06-17 17:17:18', '2016-06-22 12:01:35'),
(279, '1902GB', '', '', '', '', '', '', '', 100, 6, 'catalog/NEIRO/card/IMG_6829.jpg', 42, 1, '0.0000', 0, 0, 0, 0, 0, '2016-06-29', '0.00000000', 7, '0.00000000', '0.00000000', '0.00000000', 1, 0, 1, 1, 1, 3, '2016-06-29 13:04:41', '2016-06-29 17:17:54');

-- --------------------------------------------------------

--
-- Структура таблицы `ts_product_action`
--

CREATE TABLE IF NOT EXISTS `ts_product_action` (
  `product_id` int(11) NOT NULL,
  `related_id` int(11) NOT NULL,
  PRIMARY KEY (`product_id`,`related_id`)
) ENGINE=MyISAM DEFAULT CHARSET=utf8;

--
-- Дамп данных таблицы `ts_product_action`
--

INSERT INTO `ts_product_action` (`product_id`, `related_id`) VALUES
(0, 75),
(0, 90),
(0, 114),
(0, 116),
(0, 117),
(2, 75),
(2, 90),
(2, 116),
(2, 117),
(4, 75),
(4, 90),
(4, 114),
(4, 116),
(4, 117);

-- --------------------------------------------------------

--
-- Структура таблицы `ts_product_attribute`
--

CREATE TABLE IF NOT EXISTS `ts_product_attribute` (
  `product_id` int(11) NOT NULL,
  `attribute_id` int(11) NOT NULL,
  `language_id` int(11) NOT NULL,
  `text` text NOT NULL,
  PRIMARY KEY (`product_id`,`attribute_id`,`language_id`)
) ENGINE=MyISAM DEFAULT CHARSET=utf8;

--
-- Дамп данных таблицы `ts_product_attribute`
--

INSERT INTO `ts_product_attribute` (`product_id`, `attribute_id`, `language_id`, `text`) VALUES
(190, 17, 2, 'Не содержит глютена, холестерина, лактозы. Имеет максимально полноценный белковый состав – 60% молочного протеина, 40% соевого протеина.\r\n\r\n Жировой компонент представлен в виде комбинации соевого и рапсового масел, МСТ и рыбьего жира, углеводный компонент – мальтодекстрином с высоким содержанием полисахаридов. \r\n\r\nЭнергетическая ценность : белки 15%, жиры 29%, углеводы 53%, пищевые волокна 3%. Для пациентов с высокой потребностью в белке и энергии.'),
(276, 17, 2, 'Преимущества эндоскопического лечения с Vantris\r\n\r\nВ отличие от хирургической альтернативы, данное лечение обходится намного дешевле \r\nНемедленное получение результата, отсутствие хирургических рисков\r\n\r\n Минимальная инвазивность процедуры, амбулаторное проведение лечения\r\n\r\nОтсутствие различных побочных эффектов, связанных с длительным медикаментозным лечением'),
(269, 17, 2, 'При помощи гидрогелевого материала можно снять спазм на периферических сосудах. А входящий в состав альгинат натрия ускоряет процесс восстановления тканей, способствуя предотвращению и значительному снижению кровотечений, создавая атравматичный защитный слой на поверхности кожи или слизистых, предотвращая их повреждение во время лечебных манипуляций. '),
(112, 17, 2, 'Имплантат изготовлен из коллагена высокой степени очистки (Ultra Pure Collagen или эквивалент), полученного из ахилловых сухожилий быков. \r\nОбеспечивает механическую прочность соединения. \r\nПоставляется стерильным, в двойном барьере для обеспечения стерильности. '),
(196, 17, 2, 'Размер S соответствует 35-38 размеру обуви с длиной стопы от 22,5 см до 24,5 см.\r\nРазмер M соответствует 39-41 размеру обуви с длиной стопы от 24,5 см до 26,5 см.\r\nРазмер L соответствует 42-43 размеру обуви с длиной стопы от 26,5 см до 28,5 см.\r\nРазмер XL соответствует 44-47 размеру обуви с длиной стопы от 28,5 см до 30,5 см.\r\n'),
(192, 17, 2, 'Смесь не содержит глютена, холестерина, лактозы, обогащена мононенасыщенными жирными кислотами и антиоксидантами. Имеет максимально полноценный белковый состав – 75% молочного протеина, 25% соевого протеина. Жировой компонент представлен в виде комбинации подсолнечного, соевого, рапсового масел и рыбьего жира, углеводный компонент – крахмалом. Энергетическая ценность распределяется следующим образом: белки 16%, жиры 32%, углеводы 48%, пищевые волокна 4%. '),
(194, 17, 2, 'Смесь обогащена глутамином, полученным из пшеничного белкового гидролизата, антиоксидантами и пищевыми волокнами (1,4 г/100 мл), не содержит холестерина; содержание лактозы составляет 14 мг в 100 мл, глютена – 30 мг в 100 г. Жировой компонент представлен в виде уникального липидного комплекса из МСТ, LCT и рыбьего жира;  углеводный компонент – мальтодекстрином с высоким содержанием полисахаридов. Энергетическая ценность распределяется следующим образом: белки 20%, жиры 24%, углеводы 54%, пищевые волокна 2%. '),
(189, 17, 2, 'Не содержит пищевых волокон, глютена, холестерина, лактозы. Имеет максимально полноценный белковый состав – 60% молочного протеина, 40% соевого протеина. Жировой компонент представлен в виде комбинации соевого масла, МСТ и рыбьего жира, углеводный компонент – мальтодекстрином с высоким содержанием полисахаридов. Энергетическая ценность распределяется следующим образом: белки 15%, жиры 30%, углеводы 55%. '),
(191, 17, 2, ' Не содержит глютена; содержание холестерина составляет 5,1 г в 100 мл, лактозы – 20 г в 100 мл. Энергетической ценности следующее: 20% приходится на белки, представленные комбинацией молочного (75%) и соевого (25%) протеинов; 29%  – на жиры, сочетающие МСТ (52%), рапсовое масло и рыбий жир; 48% составляют углеводы в виде мальтодекстрина с высоким содержанием полисахаридов; 3% занимают пищевые волокна.'),
(157, 17, 2, 'Размер салфетки: 200х200 мм. Полотно пропитано специальным мягким чистящим раствором без запаха, содержащим особым образом очищенную воду, экстракт алое и витамин Е. Салфетки могут быть предварительно разогреты в микроволновой печи мощностью 1000 Вт для обеспечения большего комфорта пациента. '),
(111, 17, 2, 'Набор для шунтирования ликвора низкого давления , среднего и высокого давления состоит:\r\nКонтурный клапан с плоским дном -1 штука\r\nИнтегрированный перитонеального катетера длиной 120 см - 1штука, 90 см для высокого давления\r\nВентрикулярного катетера длиной 18 см - 1 штука, 15 см для высокого давления\r\nНаправляющей вентрикулярного катетера под углом 90º - 1штука \r\nКлапан имеет интегрированный резервуар для забора проб ликвора и введения лекарственных препаратов. \r\nМатериал копуса - силикон (эластомер), без примеси латекса\r\nВысота профиля клапана 7 мм, 8 мм для высокого давления\r\nДлина (без коннекторов) 32 мм, ширина 15 мм. 16 мм для высокого давления\r\nПоставляется в стерильной упаковке. \r\nРентгенконтрастность.\r\nНаружный диаметр 2,5 мм. Внутренний диаметр 1,3 мм. \r\nОткрытый кончик катетера.\r\n\r\n'),
(77, 17, 2, 'Полимеризация в течение 20-30 секунд, возможность оказания любого давления на область применения через 2 минуты.  \r\n\r\nКомплект поставки включает в себя одноразовый стерильный шприц  с раствором биоклея, 4 аппликатора для нанесения клея на ткани. '),
(113, 17, 2, 'Содержание чистого коллагена - не менее 99%. \r\nИмплантат поставляется стерильным, в двойном барьере для обеспечения стерильности. \r\nИмплантаты DuraGen выпускаются в нескольких размерах для лучшего соответствия конкретному дефекту; кроме того, каждый имплантат можно легко обрезать под требуемые параметры.'),
(115, 17, 2, 'Имплантат изготовлен из коллагена высокой степени очистки (Ultra Pure Collagen или эквивалент), полученного из ахилловых сухожилий быков. \r\nОбеспечивает механическую прочность соединения. \r\nПоставляется стерильным, в двойном барьере для обеспечения стерильности. '),
(117, 17, 2, 'Низкое давление 15-54 мм вод.ст\r\nСреднее давление 55-94 мм вод.ст\r\nВысокое давление 95-144 мм вод.ст '),
(116, 17, 2, 'Набор поставляется стерильным. \r\nСостав: клапан шунтирующей системы с регуляцией по потоку ликвора - 1 шт., \r\nИнтегрированный резервуар - 1 шт., \r\nИнтегрированный перитонеальный катетер 110 см - 1 шт., \r\nПрямой вентрикулярный катетер 15 см. с рентгенконтрастными метками - 1 шт.,\r\nПрямой коннектор - 1 шт., \r\nКоннектор Люэра - 1 шт., \r\nМандрен - 1 шт., \r\nНаправляющая для вентрикулярного катетера под углом 90⁰ - 1 шт.\r\n'),
(139, 17, 2, 'Набор поставляется стерильным. \r\nСостав: клапан шунтирующей системы с регуляцией по потоку ликвора - 1 шт., \r\nИнтегрированный резервуар - 1 шт., \r\nИнтегрированный перитонеальный катетер 110 см - 1 шт., \r\nПрямой вентрикулярный катетер 15 см. с рентгенконтрастными метками - 1 шт.,\r\nПрямой коннектор - 1 шт., \r\nКоннектор Люэра - 1 шт., \r\nмандрен - 1 шт., \r\nНаправляющая для вентрикулярного катетера под углом 90⁰ - 1 шт.\r\n'),
(118, 17, 2, 'Имплант обладает трехмерной структурой открытых пор. \r\nСодержание чистого коллагена - не менее 99%. \r\nИмплант поставляться стерильным, в двойном барьере для обеспечения стерильности. Метод заводской стерилизации – этиленоксид. \r\n\r\n'),
(224, 17, 2, ' В комплект входит вспомогательный пластиковый стилет для большего комфорта установки.\r\nОбъем баллона 1,5 мл;  3,0 мл;  объем баллона 5,0 мл. Длина всех катетеров составляет 31 см. '),
(150, 17, 2, 'Предназначен в качестве местного средства:\r\nдля комплексного лечения неинфицированных трофических язв и длительно незаживающих ран;\r\nпапилломовирусной инфекции кожи;\r\nрецидивирующего фурункулеза;\r\nпростого герпеса;\r\nриносинуситов;\r\nв онкологии для лечения поражений слизистых оболочек и кожи при лучевой терапии опухолей;\r\nв гинекологии при лечении вагинального герпеса.'),
(225, 17, 2, 'Объем баллона 30-50 мл. Длина всех катетеров составляет 41 см'),
(226, 17, 2, 'Максимально возможная глубина пункции составляет 18 см. \r\nОбъем баллона 10 мл. '),
(214, 17, 2, 'В состав комплекта входят две хирургические простыни специального назначения, одна из которых имеет отверстие с фиксирующим липким краем для проведения цистостомии и полиэтиленовый карман для отвода жидкости во время операции; высокие бахилы-легинсы.'),
(268, 17, 2, 'Противопоказаний к применению геля «КОЛЕТЕКС» с 5-ФТУР не выявлено. Как показали клинические испытания, лечение с помощью   хорошо переносится больными, побочных явлений и осложнений при их применении не отмечалось.'),
(219, 17, 2, 'Как правило, нефростомию назначают после операций по удалению камней из почек, после травм почек или мочеточника, при раковых заболеваниях, поражающих простату или мочевой пузырь. В некоторых случаях нефростома может применяться для доступа к верхним мочевым путям, установки стентов, для проведения специализированных исследований, а также в качестве подготовительного этапа для дальнейшего хирургического лечения, проведения химиотерапии.\r\n\r\n'),
(216, 17, 2, 'Доступные размеры комплектующих набора: катетеры типа «свиной хвост» диаметром 9СН, 12СН, 14СН; троакары диаметром 10СН, 12 СН, 14 СН; интродюсеры с внутренними размерами 10СН, 14СН, 16 СН.'),
(109, 17, 2, 'Имплантаты DuraGenвыпускаются в нескольких размерах для лучшего соответствия конкретному дефекту; кроме того, каждый имплантат можно легко обрезать под требуемые параметры.\r\n\r\n'),
(218, 17, 2, 'Набор состоит из: \r\n- дренажа типа «свиной хвост&quot; диаметром 8СН,9 СН, 10 СН с симметричным расположением завитка, 6 отверстий на &quot;свином хвосте&quot;, из  рентгеноконтрастного полиуретана (мягкий),длиной 30 см,  адаптер Люер-Лок, фиксатор (кожный диск); \r\n- установочной канюли из нержавеющей стали длиной 31см;\r\n- одинарной пункционной иглы 20 см, диаметром 18 G (1,35мм), трехгранная заточка на стилете, ультразвуковые метки на игле и на стилете, с пластмассовым адаптером\r\n- силиконизированного изогнутого сверхжесткого проводника диаметром 0,032 дюйма, длиной 100см, длина гибкой части 12см, радиус изгиба 3мм;\r\n- бужей фасциальных 6 и 8СН,7 и 9 СН,  6, 8, 10СН   длина 25см; \r\n- удлинителя (переходника) диаметр трубки 14СН длина 25см,имеет адаптер Люер-Лок и адаптер Жане; \r\n'),
(215, 17, 2, 'Катетер снабжен коннектором Люер-Лок, клапаном для регулировки оттока мочи; на завитке катетера имеются дренажные отверстия. Доступные длины длина 24, 30 и 34 см.'),
(221, 17, 2, 'Длина 26, 28 и 30 см.'),
(180, 17, 2, 'Ножной мочеприемник Careline может быть присоединен к ночному (прикроватному) мочеприемнику для увеличения времени функционирования системы «мочеприемник – урокатетер» в закрытом состоянии.'),
(162, 17, 2, 'Гидрофильные свойства катетера активируются в течение 30 секунд с помощью входящего в набор пакетика с физраствором. \r\nДлина катетера  20 см, 40 см; \r\n'),
(173, 17, 2, 'Повязка Vliwaktiv используется при лечении инфицированных ран с обильными выделениями, таких как трофические язвы, язвы голени, ректальные свищи, ожоговые раны.'),
(167, 18, 2, ' Автоматический компрессор попеременно нагнетает воздух в камеры, изменяя давление в них каждые 6 минут, что позволяет обеспечивать массажное воздействие на ткани пациента.  Максимальная нагрузка: 135 кг. '),
(159, 17, 2, 'Menalind Professional – это линия профессиональных гигиенических средств для очищения, защиты, питания и увлажнения зрелой, сухой и чувствительной кожи. Разработана специально для обеспечения качественного ухода за кожей пожилых людей, лежачих больных и пациентов, страдающих недержанием. Объем 400мл\r\n'),
(174, 17, 2, 'Подгузники для взрослых и подростков Euron Form предназначены для ухода за лежачими больными и пациентами, страдающими средней и тяжелой степенью недержания'),
(175, 17, 2, 'Подгузники для взрослых и подростков Euron Form предназначены для ухода за лежачими больными и пациентами, страдающими средней и тяжелой степенью недержания.'),
(176, 17, 2, 'Подгузники для взрослых и подростков Euron Form предназначены для ухода за лежачими больными и пациентами, страдающими средней и тяжелой степенью недержания. Верхний, прилегающий к коже слой подгузника изготовлен из мягкого нетканого воздухопроницаемого материала белого цвета с добавлением хлопка.'),
(177, 17, 2, 'Подгузники для взрослых и подростков Euron Form предназначены для ухода за лежачими больными и пациентами, страдающими средней и тяжелой степенью недержания.'),
(156, 17, 2, 'Размер салфетки: 200х200 мм. Полотно пропитано специальным мягким чистящим раствором без запаха, содержащим особым образом очищенную воду, экстракт алое и витамин Е. Салфетки могут быть предварительно разогреты в микроволновой печи мощностью 1000 Вт для обеспечения большего комфорта пациента. '),
(131, 17, 2, 'Panda Junior снабжены надежными застежками-липучками с маркировкой размера и трех уровней плотности застегивания подгузника, имеют эластичные края-«бортики», которые служат дополнительной защитой от протекания. Наличие специального выреза в области пупка способствует быстрому заживлению пупочной раны.'),
(161, 17, 2, 'Средство легко распределяется и быстро впитывается. Защитный крем Menalind Professional содержит запатентованный высокоэффективный нейтрализатор запахов. Объем 200мл. '),
(160, 17, 2, 'Разработана специально для обеспечения качественного ухода за кожей пожилых людей, лежачих больных и пациентов, страдающих недержанием. Средства серии Menalind Professional не сушат и не раздражают кожу, поддерживают рН-баланс и подходят для ежедневного использования. Объем 500мл\r\n\r\n '),
(172, 17, 2, 'Повязка Vliwaktiv используется при лечении инфицированных ран с обильными выделениями, таких как трофические язвы, язвы голени, ректальные свищи, ожоговые раны.'),
(264, 17, 2, 'Размер салфетки: 200х200 мм. 8 шт/уп.  Возможно разогревать в микроволновой печи до 200 вт. \r\nПрименяется при уходе за лежачими больными, также эффективна в ситуациях, когда осуществление обычного мытья головы не представляется возможным (например, при отсутствии горячей воды).  '),
(178, 17, 2, 'Пластырь «Compeed» от влажных мозолей создает идеальные условия для лечения кожи на любой стадии образования влажной мозоли, прост и удобен в применении, водостоек, может держаться на коже более 24 часов.'),
(169, 17, 2, 'Одноразовые пеленки – многослойные изделия прямоугольной формы, предназначенные, для защиты постельного белья и различных поверхностей от выделений пациента. '),
(140, 17, 2, 'Полностью водонепроницаемый, пластырь отлично пропускает воздух, имеет безопасный химический состав, комфортен при ношении, легко и безболезненно удаляется при помощи мыльного раствора. Срок применения одного пластыря Cica-Care от двух недель до месяца (до 40 раз повторного использования).'),
(170, 17, 2, 'Одноразовые пеленки – многослойные изделия прямоугольной формы, предназначенные, для защиты постельного белья и различных поверхностей от выделений пациента. Пеленки используются при уходе за лежачими больными и пациентами, которым показан постельный режим на период послеоперационного восстановления. '),
(171, 17, 2, 'Одноразовые пеленки – многослойные изделия прямоугольной формы, предназначенные,  для защиты постельного белья и различных поверхностей от выделений пациента. '),
(137, 17, 2, 'Рекомендован к ежедневному применению при обработке ран, смене калоприемников и урологических устройств.\r\nБарьерный эффект длится до 72 часов.'),
(153, 17, 2, 'В комплект Flexi-Seal SIGNAL plus также входят три сменных сборных мешка размера 300х150 мм, каждый из которых снабжен дезодорирующим угольным фильтром, предупреждающим скопление газов; шприц объемом до 45 мл для раздувания манжеты и промывания системы; маркировочные стикеры, пластиковый зажим, защищающий катетер от преждевременного вытекания лекарственного средства; инструкция по применению.'),
(168, 17, 2, 'Компрессионные чулки различаются по составу, степени эластичности и классу компрессии – 1-ый (давление 18-22 мм рт. ст.), 2-й (23-32 мм рт. ст.) или 3-й (34-46 мм рт. ст.).'),
(155, 17, 2, 'В комплект поставки входят специальный проводник-обтуратор, фиксирующая лента, две внутренних канюли и колпачок деканюляции.'),
(154, 17, 2, 'В комплект поставки входят специальный проводник-обтуратор и фиксирующая лента.'),
(208, 17, 2, 'Депо-материалы применяются при лечении бытовых порезов и ожогов, в хирургии для закрытия послеоперационных швов, при лечении пролежней; в гинекологии, стоматологии и онкологии.'),
(265, 17, 2, 'Пластина представлены виде средств для коррекции и профилактики  рубцов после конкретных видов операций маммопластики и имеют различные формы:\r\nСиликоновые пластины Scar Fx® формы &quot;Круг&quot;\r\nсиликоновые пластины Scar Fx® формы &quot;Якорь&quot;\r\nсиликоновые пластины Scar Fx® формы &quot;Леденец&quot;\r\nсиликоновые пластины Scar Fx® формы &quot;Круг&quot;\r\n\r\n'),
(151, 17, 2, 'Кроме того, гидроколлоидную повязку можно легко обрезать до требуемой формы и размера. Рекомендованы при терапии и профилактике всех видов пролежней, изъязвлений кожи трофического характера и диабетических язв, при лечении ожогов 1-й и 2-й степени.  '),
(147, 17, 2, 'Повязки с серебром Aquacel Burn используются при терапии дермальных поверхностных и глубоких ожогов, показаны при лечении трофических язв нижних конечностей, язвенных дефектов стоп у больных сахарным диабетом, пролежней с частичным или полным поражением тканей. Оказывают выраженный положительный эффект при лечении ран с высоким риском развития кровотечения, послеоперационных и постравматических ран. Рекомендованный срок применения повязки – до 21 дня. '),
(146, 17, 2, 'Повязки с серебром Aquacel Burn используются при терапии дермальных поверхностных и глубоких ожогов, показаны при лечении трофических язв нижних конечностей, язвенных дефектов стоп у больных сахарным диабетом, пролежней с частичным или полным поражением тканей. Оказывают выраженный положительный эффект при лечении ран с высоким риском развития кровотечения, послеоперационных и постравматических ран. Рекомендованный срок применения повязки – до 21 дня. \r\n'),
(144, 17, 2, 'В состав повязки Aquacel Ag Extra входит 1,2% раствор ионного серебра, которое обладает выраженным антимикробным действием по отношению к широкому спектру возбудителей инфекции.  \r\nПовязки с серебром показаны активно используются при лечении трофических язв нижних конечностей, язвенных дефектов стоп у больных сахарным диабетом, пролежней с частичным или полным поражением тканей; дермальных поверхностных и глубоких ожогов. Рекомендуются для лечения болезненных или склонных к кровотечению ран, послеоперационных ран различной этиологии. \r\n'),
(158, 17, 2, ' Применяется при уходе за лежачими больными, также эффективна в ситуациях, когда осуществление обычного мытья головы не представляется возможным (например, при отсутствии горячей воды.'),
(152, 17, 2, 'Депо-материалы «Колегель» широко применяются в онкологии, в частности, в радиологии и при проведении химиотерапии, а также в гинекологии, урологии, проктологии (шприцевая форма выпуска), дерматологии и общей хирургии. «Колегель» позволяет вводить лекарство в строго заданной концентрации непосредственно в очаг поражения, что снижает риски интоксикации окружающих тканей и повышает общую эффективность лечения. Масса 50гр.'),
(145, 17, 2, 'В состав повязки Aquacel Ag Extra входит 1,2% раствор ионного серебра, которое обладает выраженным антимикробным действием по отношению к широкому спектру возбудителей инфекции.  \r\nАктивно используются при лечении трофических язв нижних конечностей, язвенных дефектов стоп у больных сахарным диабетом, пролежней с частичным или полным поражением тканей; дермальных поверхностных и глубоких ожогов. Рекомендуются для лечения болезненных или склонных к кровотечению ран, послеоперационных ран различной этиологии.'),
(143, 17, 2, 'Полностью водонепроницаемая, повязка отлично пропускает воздух, имеет фильтр УФ-лучей 7.7, что позволяет коже под повязкой загорать точно так же, как на открытых участках тела. Телесный оттенок верхнего слоя из нетканого вискозного покрытия обладает хорошим маскирующим эффектом, что создает дополнительный комфорт при ношении. Срок применения одной повязки Mepiform составляет от пяти дней до двух недель с возможностью многократного использования.'),
(142, 17, 2, 'Полностью водонепроницаемая, повязка отлично пропускает воздух, имеет фильтр УФ-лучей 7.7, что позволяет коже под повязкой загорать точно так же, как на открытых участках тела. Телесный оттенок верхнего слоя из нетканого вискозного покрытия обладает хорошим маскирующим эффектом, что создает дополнительный комфорт при ношении. Срок применения одной повязки Mepiform составляет от пяти дней до двух недель с возможностью многократного использования.'),
(184, 17, 2, 'Системы по уходу за стомой (калоприемники) предназначены для сбора выделений из илеостомы или колостомы. Они состоят из сборного мешка и адгезивной пластины, с помощью которой мешок прикрепляется к телу пациента. По способу соединения мешка и пластины калоприемники подразделяются на одно- и двухкомпонентные: в двухкомпонентной системе клеящаяся пластина отделяется от мешка, тогда как в однокомпонентной системе мешок и пластина составляют одно целое.'),
(181, 17, 2, 'Цель процедуры состоит в обеспечении искусственного энтерального поступления пищи пациентам, которые не могут принимать пищу естественным путем или находятся без сознания. В ходе операции создается искусственный вход в желудок через переднюю брюшную стенку – пища через трубку-зонд направляется непосредственно в желудок, минуя ротовую полость, глотку и пищевод. '),
(186, 17, 2, 'Системы по уходу за стомой (калоприемники) предназначены для сбора выделений из илеостомы или колостомы. Они состоят из сборного мешка и адгезивной пластины, с помощью которой мешок прикрепляется к телу пациента.'),
(187, 17, 2, 'Системы по уходу за стомой (калоприемники) предназначены для сбора выделений из илеостомы или колостомы. Они состоят из сборного мешка и адгезивной пластины, с помощью которой мешок прикрепляется к телу пациента. '),
(188, 17, 2, 'Применение продуктов серии Stomahesive в качестве профилактических средств позволяет полностью исключить риск повреждений кожи, связанных с ношением моче- или калоприемников.\r\n\r\n '),
(185, 17, 2, 'Однокомпонентные открытые калоприемники серии Esteem предназначены для ухода за илеостомой. Сборный мешок имеет анатомически выверенную несимметричную форму с удобной выемкой под паховую область'),
(199, 17, 2, 'Полимерный затвердевающий бинт Cellacast Xtra используется в качестве альтернативы гипсовым повязкам при переломах, применяется для наложения стабилизирующих повязок при операциях, проведении ортопедической коррекции, лечении суставов и заболеваний костей, а также для усиления круговых и шинных повязок. Затвердевание материала осуществляется в течение 4-10 минут вследствие химической реакции, происходящей при воздействии на бинт водой или парами влаги.'),
(200, 17, 2, 'Полимерный затвердевающий бинт Cellacast Xtra используется в качестве альтернативы гипсовым повязкам при переломах, применяется для наложения стабилизирующих повязок при операциях, проведении ортопедической коррекции, лечении суставов и заболеваний костей, а также для усиления круговых и шинных повязок. Затвердевание материала осуществляется в течение 4-10 минут вследствие химической реакции, происходящей при воздействии на бинт водой или парами влаги.'),
(267, 17, 2, 'Использование противопоказано при индивидуальной непереносимости к прополису.'),
(201, 17, 2, 'Состав 67% отбеленный хлопок, 33% вискоза. Возможна стерилизация методом автоклавирования при температуре 121 градус по Цельсию. '),
(202, 17, 2, 'Состав 67% отбеленный хлопок, 33% вискоза. Возможна стерилизация методом автоклавирования при температуре 121 градус по Цельсию. '),
(279, 17, 2, 'Характеристики продукта:\r\nЭффективный гемостаз в течение 2-3 минут \r\nОтсутствие тканевой реакции вследствие отсутствия компонентов животного происхождения \r\nРассасывается ферментативным гидролизом в течение 1-2 недель \r\nДополнительный бактерицидный эффект \r\nЭластичность, возможность моделировать по размеру \r\nВозможность проведения электрокоагуляции через ткань гемостатика \r\nНе липнет к инструментам, перчаткам \r\nСтабилен, может храниться при комнатной температуре.'),
(198, 17, 2, 'Вата изготовлена из 100% полиэстера, обладает хорошей воздухопроницаемостью и гидрофобными свойствами, что способствует быстрому затвердеванию наложенной повязки.'),
(197, 17, 2, 'Вата изготовлена из 100% полиэстера, обладает хорошей воздухопроницаемостью и гидрофобными свойствами, что способствует быстрому затвердеванию наложенной повязки. '),
(195, 17, 2, 'Пластырь Porofix выполнен из натуральной вискозной ткани, обладающей необходимой воздухопроницаемостью для предупреждения появления опрелостей и раздражения кожи, и покрыт тонким слоем гипоаллергенного клея из синтетического каучука без содержания канифоли. '),
(217, 17, 2, 'Длина 26 и 28 см; проводники с диаметром сердечника 0,035 и 0,038 длиной 150 см.'),
(223, 17, 2, 'В комплект входят два фиксирующих пластиковых зажима, полиуретановый толкатель и струна-проводник с неподвижным сердечником, гибким и жестким наконечниками, выполненная из нержавеющей стали с тефлоновым покрытием.'),
(222, 17, 2, 'Показанием к установке стента является наличие инфекций почек или заболеваний мочевого пузыря, проведение различных хирургических операций на мочевыводящих путях. Размер, форма и срок постановки стента варьируются в зависимости от истории болезни и анатомии конкретного пациента.'),
(258, 17, 2, 'Доступные размеры: окружность бедра – от 63,5 см до 91,4 см; окружность голени в самой широкой части – от 30,5 см до 66 см; длина ноги от стопы до ягодицы – от 74 см до 84 см.'),
(232, 17, 2, 'Применение данной вставки позволяет работать инструментом с диаметром 5 мм через порт с диаметром 10 мм с минимальными потерями давления углекислого газа в полости. \r\nДлина переходника составляет 110 мм. \r\n'),
(245, 17, 2, 'Объем сборного мешка 600 мл'),
(244, 17, 2, 'Система UnoVac укомплектована дренажом Ульмера, который отличается от стандартных дренажных трубок (трубок Редона) тем, что имеет дренажные отверстия неодинакового диаметра. Диаметр отверстий возрастает по мере удаления от источника вакуума вглубь раны, что способствует равномерной аспирации раневого отделяемого и ускоряет процесс заживления'),
(235, 17, 2, 'Диаметр рабочей части инструмента составляет 5 мм, ее длина – 320 мм. Длина браншей – 16 мм. Инструмент укомплектован разъемом 4 мм для монополярного подключения к ЭХВЧ-аппаратам. '),
(236, 17, 2, 'Диаметр рабочей части инструмента составляет 5 мм, ее длина – 320 мм. '),
(242, 17, 2, 'Размер развернутого полотна – 0,0036 м2. Длина тупфера составляет 15 мм,'),
(243, 17, 2, 'Длина тупфера составляет 20 мм. Размер развернутого полотна – 0,0064 м2.'),
(233, 17, 2, 'Диаметр рабочей части инструмента составляет 10 мм, длина инструмента – 210 мм.'),
(234, 17, 2, ' Диаметр штекера составляет 4 мм. Длина кабеля – 3 м. Имеются два соединения для подключения. '),
(227, 17, 2, 'Кабель совместим с оптическими трубками диаметром от 5 мм. Имеет следующие стандарты разъемов: эндоскопа – Storz, осветителя - Storz, Wolf, Olympus.'),
(256, 17, 2, 'Многоразовый клипс-аппликатор Hem-o-lok от Weck  предназначен для работы с нерассасывающимися полимерными клипсами. Возможность клипировать ткани до 10 мм в диаметре через 5-милиметровый троакар создает дополнительный комфорт при эксплуатации устройства Hem-o-lok. Клип-аппликатор содержит 15 клипс, которые подаются автоматически через порт 5 мм. '),
(257, 17, 2, 'Возможность клипировать ткани до 10 мм в диаметре через 5-милиметровый троакар создает дополнительный комфорт при эксплуатации устройства Hem-o-lok. Клип-аппликатор содержит 15 клипс, которые подаются автоматически через порт 5 мм. '),
(238, 17, 2, 'Диаметр рабочей части инструмента составляет 5 мм,  длина – 320 мм. Инструмент укомплектован разъемом 4 мм для монополярного подключения к ЭХВЧ-аппаратам. \r\n'),
(240, 17, 2, 'Пленка обладает хорошей растяжимостью и прочностью на разрыв, ее легко можно наклеить на участки со сложным рельефом. Удаление пленки происходит перед или после наложения швов.\r\n\r\n '),
(241, 17, 2, 'Пленка обладает хорошей растяжимостью и прочностью на разрыв, ее легко можно наклеить на участки со сложным рельефом. Удаление пленки происходит перед или после наложения швов.\r\n\r\n '),
(255, 17, 2, 'Небольшая толщина сетки (0,5 мм) и высокая пористость (80-85%) способствуют быстрому и качественному прорастанию эндопротеза соединительной тканью при минимальном количестве послеоперационных осложнений. '),
(254, 17, 2, 'Небольшая толщина сетки (0,5 мм) и высокая пористость (80-85%) способствуют быстрому и качественному прорастанию эндопротеза соединительной тканью при минимальном количестве послеоперационных осложнений. \r\n '),
(252, 17, 2, 'Изготовлен из биоинертных полипропиленовых мононитей диаметром 0,12 мм. Сравнительно небольшая толщина сетки – 0,5-0,6 мм – и высокая пористость (85%) способствуют быстрому и качественному прорастанию эндопротеза соединительной тканью.'),
(253, 17, 2, 'Изготовлен из биоинертных полипропиленовых мононитей диаметром 0,12 мм. Сравнительно небольшая толщина сетки – 0,5-0,6 мм – и высокая пористость (85%) способствуют быстрому и качественному прорастанию эндопротеза соединительной тканью.'),
(251, 17, 2, 'Изготовлен из биоинертных полипропиленовых мононитей диаметром 0,12 мм. Сравнительно небольшая толщина сетки – 0,5-0,6 мм – и высокая пористость (85%) способствуют быстрому и качественному прорастанию эндопротеза соединительной тканью.'),
(230, 17, 2, 'Троакар изготовлен из металла, рабочие части имеют антибликовое покрытие. '),
(260, 17, 2, 'Доступные размеры: диаметр 5 мм, длина рабочей части 75 мм и 100 мм; \r\nдиаметр 11 мм, длина рабочей части 100 мм; \r\nдиаметр 12 мм, длина рабочей части 100 мм; \r\nдиаметр 15 мм, длина рабочей части 100 мм. \r\n'),
(261, 17, 2, 'Инновационная технология очистки OptiView гарантирует высокую четкость изображения в течение всей операции за счет своевременного удаления загрязнений, появляющихся в процессе взаимодействия инструментов или оптики с троакаром. Встроенный в канюлю механизм представляет собой гибкую полиизопреновую мембрану с системой капиллярных каналов для оттока жидкости и абсорбирующим кольцом.'),
(228, 17, 2, 'Эндоскоп может быть стерилизован методом автоклавирования (стерилизация с применением влажного жара под давлением) при температуре 130-134°C с продолжительностью 4-6 минут.\r\n\r\n\r\n '),
(229, 17, 2, 'Эндоскоп может быть стерилизован методом автоклавирования (стерилизация с применением влажного жара под давлением) при температуре 130-134°C с продолжительностью 4-6 минут.\r\n\r\n '),
(246, 17, 2, 'Доступны два варианта комплектации системы: с катетером Ульмера СН О8 и с катетером Редона СН 06. Сильфон может быть опорожнен и повторно присоединен к дренажному катетеру для продолжения процедуры дренирования.'),
(239, 17, 2, 'Доступны изделия со следующими размерами: диаметр 5 мм и 10 мм, длина не менее 350 мм.\r\n'),
(237, 17, 2, 'Диаметр рабочей части инструмента составляет 5 мм, ее длина – 320 мм. Инструмент укомплектован разъемом 4 мм для монополярного подключения к ЭХВЧ-аппаратам. '),
(262, 17, 2, 'Диаметр зажима равен 5 мм, длина ствола составляет 33,3 см, длина браншей – 20,6 мм.\r\n'),
(263, 17, 2, 'Диаметр держателя равен 10 мм, длина ствола составляет 38 см, длина браншей – 22 мм.'),
(248, 17, 2, 'Доступные размеры изделия: XS (окружность талии 63-70 см), S (70-83 см), M (83-96 см), L (96-109 см), XL (109-122 см), XXL (122-140 см). '),
(247, 17, 2, 'Доступные размеры изделия: XS (окружность талии 63-70 см), S (70-83 см), M (83-96 см), L (96-109 см), XL (109-122 см), XXL (122-140 см). '),
(250, 17, 2, 'Доступные размеры изделия: 1 (окружность грудной клетки 70-80 см), 2 (80-90 см), 3 (90-100 см), 4 (100-110 см), 5 (110-120 см), 6 (120-130 см).'),
(249, 17, 2, 'Доступные размеры изделия: 1 (окружность грудной клетки 70-80 см), 2 (80-90 см), 3 (90-100 см), 4 (100-110 см), 5 (110-120 см), 6 (120-130 см). '),
(259, 17, 2, 'Выбор размера чулок-гольфов T.E.D. зависит от значений окружности широкой части голени и длины ноги от стопы до подколенной ямки. Доступные размеры  (S, M, L, XL, XXL, XXXL) с окружность голени в самой широкой части – от 30,5 см до 66 см; длина до подколенной ямки – от 40,6 см до 46 см.  '),
(205, 17, 2, 'Размерный ряд микросфер  чрезвычайно широк и включает все доступные на сегодняшний день диаметры: от 40 мкм до 1300 мкм.  Форма выпуска – предварительно наполненный шприц, индивидуальной цветовой кодировкой для конкретного размера'),
(204, 17, 2, 'Изогнутая под углом 90⁰ игла предназначена для проведения краткосрочных инъекций и инфузий средней продолжительности.'),
(203, 17, 2, 'Изогнутая под углом 90⁰ игла предназначена для проведения краткосрочных инъекций и инфузий средней продолжительности. '),
(122, 17, 2, 'Полностью рассасывается в организме по истечению 30 дней после операции.'),
(121, 17, 2, 'Принцип действия барьера основан на физическом разделении поверхностей тканей, прилегающих друг к другу во время реперитонизации. Interceed полностью резорбируется в организме по мере заживления (в среднем, через четыре недели). '),
(119, 17, 2, 'Эндопротезы представляют собой вязаные («трикотажные») полотна из тонких монофиламентных полипропиленовых нитей. На размещенной в полости тела сетке, как на матрице, прорастает новая соединительная ткань, замещая разорванные связки и фасции и восстанавливая тем самым нормальное положение органов малого таза. Конструкция полотна позволяет вырезать сетку любой формы и размера без разрушения края.'),
(124, 17, 2, 'Комплект системы TVT Abbrevo включает спиралевидные проводники, служащие анатомическими ориентирами для точного введения устройства, имплантируемую петлю 12 см с чехлами для проводника, направитель, который задает правильную траекторию введения иглы, что предотвращает травмирование мочевого пузыря и уретры; позиционирующие нити и позиционирующую петлю. '),
(123, 17, 2, 'Комплект системы TVT Obturator включает спиралевидные проводники, служащие анатомическими ориентирами для точного введения устройства, имплантируемую петлю с чехлами для проводника, и направитель, который задает правильную траекторию введения иглы, что предотвращает травмирование мочевого пузыря и уретры. Операция предполагает минимальное рассечение тканей, что, в свою очередь, устраняет риски интраоперационных инфекционных и геморрагических осложнений.'),
(126, 17, 2, 'Эндопротезы УроСлинг отличаются крайне низкой подпороговой растяжимостью, не превышающей 5-10%, что улучшает манипуляционные свойства изделия и облегчает процесс размещения эндопротеза в полости тела. Операция по установке УроСлинга предполагает минимальное рассечение тканей, что, в свою очередь, устраняет риски интраоперационных инфекционных и геморрагических осложнений.'),
(128, 17, 2, 'Эндопротезы УроСлинг отличаются крайне низкой подпороговой растяжимостью, не превышающей 5-10%, что улучшает манипуляционные свойства изделия и облегчает процесс размещения эндопротеза в полости тела. Операция по установке УроСлинга предполагает минимальное рассечение тканей, что, в свою очередь, устраняет риски интраоперационных инфекционных и геморрагических осложнений.'),
(127, 17, 2, 'Эндопротезы УроСлинг отличаются крайне низкой подпороговой растяжимостью, не превышающей 5-10%, что улучшает манипуляционные свойства изделия и облегчает процесс размещения эндопротеза в полости тела. Операция по установке УроСлинга предполагает минимальное рассечение тканей, что, в свою очередь, устраняет риски интраоперационных инфекционных и геморрагических осложнений.'),
(209, 17, 2, 'Депо-материалы «Колегель» широко применяются в онкологии, в частности, в радиологии и при проведении химиотерапии, а также в гинекологии, урологии, проктологии (шприцевая форма выпуска), дерматологии и общей хирургии. «Колегель» позволяет вводить лекарство в строго заданной концентрации непосредственно в очаг поражения, что снижает риски интоксикации окружающих тканей и повышает общую эффективность лечения.'),
(277, 17, 2, 'Материал биополимер водосодержащий с ионами серебра предназначен для контурной пластики мягких тканей. Стерильный одноразовый шприц, заполненный однородным студенистым веществом. Применяется для имплантации под устье мочеточника при эндоскопическом лечении пузырно-мочеточникового рефлюкса у детей, 1 набор в упаковке.'),
(130, 17, 2, 'Panda Junior снабжены надежными застежками-липучками с маркировкой размера и трех уровней плотности застегивания подгузника, имеют эластичные края-«бортики», которые служат дополнительной защитой от протекания. Наличие специального выреза в области пупка способствует быстрому заживлению пупочной раны.'),
(206, 17, 2, ' Диаметр катетера составляет 7,5 Fr (F), длина равна 50 см. \r\nПоставляется в комплекте с установочным набором.\r\n'),
(207, 17, 2, 'Поставляется в комплекте с установочным набором . Размеры  7,5 Fr (F), материал изготовления – полиуретан;  Длина катетера  50 см. '),
(210, 17, 2, 'Доступны стенты со следующими параметрами: общая длина 90 мм, 110 мм, 130 мм, 150 мм, 170 мм; диаметр основной части 18 и 20 мм; диаметр плеча (самой широкой части) 26 мм и 28 мм. Длина доставочной системы составляет 70 см для всех типов стентов. \r\n'),
(212, 17, 2, 'Accufuser CTx используется как в лечебно-профилактических учреждениях, так и на дому, при уходе за амбулаторными пациентами. Время инфузии – 2 суток. '),
(213, 17, 2, 'Помпа имеет четыре регулятора скорости, обеспечивающие показатели на выбор  от 1 до 15 мл/ч с и 10 мл/ч. Переключатели скорости оснащены механизмом блокировки для предотвращения несанкционированного доступа. Время инфузии – от 20 часов до 12,5 суток '),
(179, 17, 2, ' Пластырь способен удерживаться на месте несколько дней, не отклеиваясь при контакте с водой. Практически незаметен на коже и приятен на ощупь. '),
(134, 17, 2, 'Niltac не содержит спирта, латекса, масел, отдушки или консервантов, является гипоаллергенным и биосовместимым, способствует увлажнению кожи, быстро испаряется без следа и не препятствует наклеиванию новой пластины. \r\n\r\n '),
(164, 17, 2, 'Размер салфетки составляет 120х160 мм.  Содержание очистителя в каждой салфетке 3 г.'),
(141, 17, 2, 'Полностью водонепроницаемый, пластырь отлично пропускает воздух, имеет безопасный химический состав, комфортен при ношении, легко и безболезненно удаляется при помощи мыльного раствора. Срок применения одного пластыря Cica-Care от двух недель до месяца (до 40 раз повторного использования).'),
(132, 17, 2, 'Panda Junior снабжены надежными застежками-липучками с маркировкой размера и трех уровней плотности застегивания подгузника, имеют эластичные края-«бортики», которые служат дополнительной защитой от протекания. Наличие специального выреза в области пупка способствует быстрому заживлению пупочной раны.');

-- --------------------------------------------------------

--
-- Структура таблицы `ts_product_description`
--

CREATE TABLE IF NOT EXISTS `ts_product_description` (
  `product_id` int(11) NOT NULL,
  `language_id` int(11) NOT NULL,
  `name` varchar(255) NOT NULL,
  `description` text NOT NULL,
  `short_description` text NOT NULL,
  `tag` text NOT NULL,
  `meta_title` varchar(255) NOT NULL,
  `meta_description` varchar(255) NOT NULL,
  `meta_keyword` varchar(255) NOT NULL,
  PRIMARY KEY (`product_id`,`language_id`),
  KEY `language_id` (`language_id`)
) ENGINE=MyISAM DEFAULT CHARSET=utf8;

--
-- Дамп данных таблицы `ts_product_description`
--

INSERT INTO `ts_product_description` (`product_id`, `language_id`, `name`, `description`, `short_description`, `tag`, `meta_title`, `meta_description`, `meta_keyword`) VALUES
(123, 2, 'Система для лечения стрессового недержания мочи у женщин GYNECARE TVT Obturator', '&lt;p class=&quot;MsoNormal&quot; style=&quot;margin-bottom: 0.0001pt;&quot;&gt;Установка\r\nпетли TVT Obturator происходит\r\nпосредством трансобтураторного доступа (ТОТ, или метод «внутрь-наружу»),\r\nкоторый считается более безопасным, чем позадилонный метод, особенно для\r\nпациенток с рецидивным СНМ.&amp;nbsp;&lt;o:p&gt;&lt;/o:p&gt;&lt;/p&gt;&lt;p style=&quot;margin: 0cm 0cm 0.0001pt; background-image: initial; background-attachment: initial; background-size: initial; background-origin: initial; background-clip: initial; background-position: initial; background-repeat: initial;&quot;&gt;&lt;o:p&gt;&amp;nbsp;&lt;/o:p&gt;&lt;/p&gt;&lt;p style=&quot;margin: 0cm 0cm 0.0001pt; background-image: initial; background-attachment: initial; background-size: initial; background-origin: initial; background-clip: initial; background-position: initial; background-repeat: initial;&quot;&gt;О компании:&lt;o:p&gt;&lt;/o:p&gt;&lt;/p&gt;&lt;p class=&quot;Pa2&quot;&gt;В прошлом известный изготовитель хирургических шовных материалов,\r\nинструментов и средств для закрытия ран компания Ethicon является дочерним\r\nпредприятием корпорации Johnson &amp;amp; Johnson: в 1949 году из подразделения\r\nкорпорации она превратилась в самостоятельную\r\nбизнес-единицу. Сегодня Ethicon осуществляет деятельность в 52 странах и насчитывает около\r\n11&amp;nbsp;000 сотрудников. Штаб-квартира Ethicon находится в Сомервилле\r\n(штат Нью-Джерси, США).&lt;o:p&gt;&lt;/o:p&gt;&lt;/p&gt;&lt;p class=&quot;MsoNormal&quot; style=&quot;margin-bottom: 0.0001pt; background-image: initial; background-attachment: initial; background-size: initial; background-origin: initial; background-clip: initial; background-position: initial; background-repeat: initial;&quot;&gt;&lt;br&gt;&lt;/p&gt;&lt;p style=&quot;margin: 0cm 0cm 0.0001pt; line-height: 16.8pt; background-image: initial; background-attachment: initial; background-size: initial; background-origin: initial; background-clip: initial; background-position: initial; background-repeat: initial;&quot;&gt;&lt;span style=&quot;font-family:&amp;quot;Calibri&amp;quot;,&amp;quot;sans-serif&amp;quot;;mso-ascii-theme-font:minor-latin;\r\nmso-hansi-theme-font:minor-latin;mso-bidi-theme-font:minor-latin;background:\r\nlightgrey;mso-highlight:lightgrey&quot;&gt;&lt;o:p&gt;&amp;nbsp;&lt;/o:p&gt;&lt;/span&gt;&lt;/p&gt;&lt;p class=&quot;MsoNormal&quot; style=&quot;margin-bottom:0cm;margin-bottom:.0001pt&quot;&gt;&lt;span style=&quot;font-size:12.0pt;line-height:115%;mso-bidi-font-family:Calibri;\r\nmso-bidi-theme-font:minor-latin;mso-fareast-language:RU&quot;&gt;&lt;o:p&gt;&amp;nbsp;&lt;/o:p&gt;&lt;/span&gt;&lt;/p&gt;&lt;p&gt;\r\n\r\n\r\n\r\n\r\n\r\n\r\n\r\n\r\n\r\n\r\n\r\n\r\n\r\n\r\n\r\n&lt;/p&gt;&lt;p class=&quot;MsoNormal&quot; style=&quot;margin-bottom:0cm;margin-bottom:.0001pt&quot;&gt;&lt;span style=&quot;font-size:12.0pt;line-height:115%;mso-bidi-font-family:Calibri;\r\nmso-bidi-theme-font:minor-latin;mso-fareast-language:RU&quot;&gt;&amp;nbsp;&lt;/span&gt;&lt;/p&gt;', 'Gynecare TVT Obturator – это субуретральное полипропиленовое петлевое устройство (слинг), предназначенное для лечения стрессового недержания мочи у женщин, вызванного излишней подвижностью уретры или недостаточностью ее внутреннего сфинктера. Установка слинга происходит при минимальном инвазивном вмешательстве, дополнительные инструменты, входящие в комплект системы, обеспечивают удобное и безопасное введение слинга, а также его точное размещение, исключая риск повреждения внутренних органов. \r\n  \r\n', '', 'Система для лечения стрессового недержания мочи у женщин GYNECARE TVT Obturator', '', ''),
(131, 2, 'Подгузники для детей Panda, размер Maxi 8-18 кг 42шт   ', '&lt;p class=&quot;MsoNormal&quot; style=&quot;&quot;&gt;Подгузники марки Panda от польской компании &lt;span lang=&quot;EN-US&quot;&gt;Bella&lt;/span&gt; состоят из внешнего слоя, изготовленного из\r\nвоздухопроницаемого («дышащего») непромокаемого материала, обеспечивающего\r\nнеобходимую циркуляцию воздуха, гипоаллергенной нетканой внутренней\r\nповерхности, быстро распределяющей влагу внутри подгузника и сохраняющей\r\nсухость кожи ребенка, и абсорбирующего слоя. Впитывающий слой представляет\r\nсобой комбинацию целлюлозы и суперабсорбирующего полимера, преобразующего\r\nжидкость в гель. &lt;o:p&gt;&lt;/o:p&gt;&lt;/p&gt;&lt;p class=&quot;1&quot;&gt;&lt;o:p&gt;&amp;nbsp;&lt;/o:p&gt;&lt;/p&gt;&lt;p class=&quot;1&quot;&gt;О\r\nкомпании&lt;o:p&gt;&lt;/o:p&gt;&lt;/p&gt;&lt;p style=&quot;margin: 0cm 0cm 0.0001pt;&quot;&gt;Под маркой &lt;span lang=&quot;EN-US&quot;&gt;Bella&lt;/span&gt;&lt;span lang=&quot;EN-US&quot;&gt; &lt;/span&gt;&lt;span lang=&quot;EN-US&quot;&gt;Baby&lt;/span&gt;&lt;span lang=&quot;EN-US&quot;&gt; &lt;/span&gt;&lt;span lang=&quot;EN-US&quot;&gt;Happy&lt;/span&gt;\r\nпредставлена продукция для ежедневного ухода за маленькими детьми, включающая\r\nнесколько линий гигиенических и косметических средств. Владелец марки –\r\nпольская компания &lt;span lang=&quot;EN-US&quot;&gt;TZMO&lt;/span&gt;&lt;span lang=&quot;EN-US&quot;&gt; &lt;/span&gt;&lt;span lang=&quot;EN-US&quot;&gt;S&lt;/span&gt;.&lt;span lang=&quot;EN-US&quot;&gt;A&lt;/span&gt;.\r\n(Торуньский Завод перевязочных материалов) – является одним из ведущих европейских\r\nпроизводителей и поставщиком изделий медицинского и гигиенического назначения\r\nна глобальный рынок. Собственный научно-исследовательский центр компании, &lt;span lang=&quot;EN-US&quot;&gt;Tricomed&lt;/span&gt;, сотрудничает с передовыми научными институтами и\r\nисследовательскими лабораториями, принимает активное участие в решении вопросов\r\nв области медицинской инженерии, биотехнологии и косметологии; на счету Центра\r\n– множество престижных премий и несколько десятков патентов на изобретения.&lt;o:p&gt;&lt;/o:p&gt;&lt;/p&gt;&lt;p style=&quot;margin: 0cm 0cm 0.0001pt;&quot;&gt;&lt;br&gt;&lt;/p&gt;', 'Мягкие детские подгузники Panda Maxi от Bella предназначены для детей весом 8-18 кг. Подгузники хорошо впитывают влагу, оставляя кожу ребенка сухой и предотвращая тем самым появление опрелостей. Форма впитывающего вкладыша разработана с учетом детской анатомии, что позволяет подгузнику легко адаптироваться к телу ребенка и делает ношение подгузника максимально комфортным. Panda Maxi снабжены надежными застежками-липучками с маркировкой размера и трех уровней плотности застегивания подгузника, имеют эластичные края-«бортики», которые служат дополнительной защитой от протекания. Наличие специального выреза в области пупка способствует быстрому заживлению пупочной раны. Впитываемость подгузника составляет не менее 600 мл.  ', '', 'Подгузники для детей Panda, размер Maxi 8-18 кг 42шт   ', '', ''),
(77, 2, 'Клей биологический Bioglue', '&lt;p style=&quot;margin: 0cm 0cm 0.0001pt;&quot;&gt;В состав клея\r\n&lt;span lang=&quot;EN-US&quot;&gt;BioGlue&lt;/span&gt; входит очищенный бычий сывороточный белок альбумин (БСА) и &amp;nbsp;глутаральдегид – денатурированный спирт.&lt;/p&gt;&lt;p style=&quot;margin: 0cm 0cm 0.0001pt;&quot;&gt; При взаимодействии\r\nкомпонентов клея образуется пластичный и высокопрочный биополимер, который\r\nпосле попадания в ткани тела превращается в мягкий, гибкий гидрогель,\r\nсохраняющий свою эластичность в течение всего периода рассасывания. &lt;/p&gt;&lt;p style=&quot;margin: 0cm 0cm 0.0001pt;&quot;&gt;Молекулы геля\r\nсвязываются с тканевыми белками, формируя механический изолирующий слой, куда &amp;nbsp;впоследствии внедряются клетки соединительной\r\nткани (фибробласты).&lt;/p&gt;&lt;p style=&quot;margin: 0cm 0cm 0.0001pt;&quot;&gt; Фибробласты создают новое межклеточное вещество,\r\nобеспечивающее полное замещение клея органической тканью. &lt;/p&gt;&lt;br&gt;&lt;p class=&quot;MsoNormal&quot;&gt;&lt;br&gt;&lt;/p&gt;&lt;p class=&quot;MsoNormal&quot;&gt;О компании&lt;/p&gt;&lt;p class=&quot;MsoNoSpacing&quot;&gt;Основанная в 1984 году американская лаборатория &lt;span lang=&quot;EN-US&quot;&gt;CryoLife&lt;/span&gt; стала первой биомедицинской компанией, специализирующейся на\r\nкриоконсервации (низкотемпературной консервации) клапанов человеческого сердца,\r\nкоторые применяются для комплексной реконструкции сердца, в первую очередь, у\r\nдетей с врожденными сердечными пороками. За годы неустанной и продуктивной\r\nработы технология криоконсервации сердечно-сосудистых тканей тела &lt;span lang=&quot;EN-US&quot;&gt;CryoLife&lt;/span&gt; была значительно усовершенствована и сегодня включает в себя\r\nсердечные заплаты, подкожные вены, бедренные вены и артерии, а также\r\nподвздошные артерии, используемые в восстановлении центральных и периферических\r\nсосудов.&lt;/p&gt;', 'Двухкомпонентный хирургический клей BioGlue применяется для герметизации и укрепления хирургических швов с целью предотвращения просачивания через них крови, ликвора, иных жидкостей и воздуха. Представляет собой близкий по составу к тканям человеческого тела водный раствор, состоящий из бычьего сывороточного альбумина и глутеральдегида. Клей BioGlue отличается крайне высокой прочностью, эффективностью и безопасностью, а также легкостью использования. \r\n\r\n\r\n\r\n', '', 'Клей биологически Bioglue', '', ''),
(140, 2, 'Пластырь моделируемый гелевый CICA CARE, 12x6см.', '&lt;p class=&quot;MsoNoSpacing&quot;&gt;Принцип действия C&lt;span lang=&quot;EN-US&quot;&gt;ica&lt;/span&gt;-&lt;span lang=&quot;EN-US&quot;&gt;Care&lt;/span&gt; основан на непрерывном и равномерном давлении тонкой силиконовой\r\nпластины на поврежденную ткань.&amp;nbsp;Пластырь C&lt;span lang=&quot;EN-US&quot;&gt;ica&lt;/span&gt;-&lt;span lang=&quot;EN-US&quot;&gt;Care&lt;/span&gt; представляет собой мягкую тонкую прямоугольную пластину из\r\nуплотненного силиконового геля, нижняя сторона которой снабжена самоклеющимся\r\nслоем для точного прилегания к коже.&amp;nbsp;&lt;/p&gt;&lt;p class=&quot;MsoNoSpacing&quot;&gt;&lt;o:p&gt;&lt;/o:p&gt;&lt;/p&gt;&lt;p class=&quot;MsoNoSpacing&quot;&gt;&lt;o:p&gt;&amp;nbsp;&lt;/o:p&gt;&lt;/p&gt;&lt;p class=&quot;MsoNormal&quot;&gt;Описание компании&lt;o:p&gt;&lt;/o:p&gt;&lt;/p&gt;&lt;p&gt;\r\n\r\n\r\n\r\n\r\n\r\n\r\n\r\n\r\n\r\n&lt;/p&gt;&lt;p style=&quot;margin: 0cm 0cm 0.0001pt; vertical-align: baseline; background-image: initial; background-attachment: initial; background-size: initial; background-origin: initial; background-clip: initial; background-position: initial; background-repeat: initial;&quot;&gt;&lt;span style=&quot;border: 1pt none windowtext; padding: 0cm;&quot;&gt;Smith &amp;amp; Nephew&lt;/span&gt;&lt;span class=&quot;apple-converted-space&quot;&gt;&lt;span style=&quot;border: 1pt none windowtext; padding: 0cm;&quot;&gt;&amp;nbsp;&lt;/span&gt;&lt;/span&gt;&lt;span class=&quot;accent&quot;&gt;&lt;span style=&quot;border: 1pt none windowtext; padding: 0cm;&quot;&gt;– одна из крупнейших международных компаний со\r\n150-летней историей в области разработки и продажи товаров медицинского\r\nназначения. &lt;/span&gt;&lt;/span&gt;&lt;span style=&quot;border: 1pt none windowtext; padding: 0cm;&quot;&gt;&amp;nbsp;Компания является признанным\r\nмировым лидером в нескольких отраслях медицинского производства, предлагая\r\nвысококачественную и высокоэффективную продукцию для спортивной медицины,\r\nортопедии и травматологии, включая средства и решения для реабилитации после\r\nтяжелых травм, эндохирургии и общей хирургии. Одним из приоритетных, динамично\r\nразвивающихся направлений деятельности стала разработка продуктов для лечения\r\nран различной степени тяжести и передовых перевязочных материалов.&lt;/span&gt;&lt;/p&gt;', 'Самоклеющийся силиконовый пластырь Cica-Care многоразового использования применяется для лечения послеоперационных, ожоговых и травматических шрамов и рубцов, а также для профилактики образования рубцовой ткани и предотвращения появления шрамов при заживлении ран. Способствует прекращению роста, уменьшению плотности и размера участка рубцовой ткани, повышению эластичности кожи и значительному улучшению внешнего вида и состояния поврежденной ткани. Размер 12х6см.  1шт/уп \r\n', '', 'Пластырь моделируемый гелевый CICA CARE', '', ''),
(113, 2, 'Коллагеновый имплантат для пластики ТМО DuraGen', '&lt;p class=&quot;MsoNormal&quot;&gt;Оптимизированная пористая структура имплантатов способствует равномерному\r\nвосстановлению ткани по всей матрице иплантата. Через 6-8 недель после\r\nпроведения операции имплантат полностью резорбируется и замещается мозговой\r\nоболочкой. «Новая» ТМО развивается в зрелую примерно через год.&amp;nbsp;&lt;/p&gt;&lt;p class=&quot;MsoNormal&quot;&gt;О компании:&lt;o:p&gt;&lt;/o:p&gt;&lt;/p&gt;&lt;p class=&quot;MsoNormal&quot;&gt;&lt;o:p&gt;&lt;/o:p&gt;&lt;/p&gt;&lt;p class=&quot;MsoNormal&quot;&gt;Основанная в 1989 году американская компания&amp;nbsp;&lt;span class=&quot;A2&quot;&gt;Integra LifeSciences сегодня является одним из мировых лидеров в разработке и производстве различных продуктов и инструментов медицинского назначения. Основной акцент в своей работе компания делает на развитие ортопедии и нейрохирургии. Так, ортопедическая продукция Integra включает в себя специализированные металлические имплантаты для восстановления травмированных конечностей (стоп и голеностопа, кисти и запястья), плеч, локтей, позвоночника, ортобиологическую продукцию для восстановления целостности костей, приспособления и имплантаты для регенерации кожи, продукцию для&amp;nbsp;&lt;/span&gt;защиты и восстановления сухожилий и периферических нервов, заживления ран.&amp;nbsp;&lt;/p&gt;', 'DuraGen – инновационный коллагеновый имплантат, предназначенный для восстановления ТМО. Имеет высокие показатели биологической и иммунной совместимости, что сводит к нулю риск отторжения. Препятствует возникновению спаек и рубцов. По мере заживления полностью рассасывается, замещаясь «новой» тканью ТМО. Не требует наложения швов, однако при желании можно использовать фиксирующие швы без натяжения. Размер 2.5 см x 2.5 см\r\n\r\n\r\n', '', 'Коллагеновый имплантат для пластики ТМО DuraGen', '', ''),
(141, 2, 'Пластырь моделируемый гелевый CICA CARE, 12х15см ', '&lt;p class=&quot;MsoNoSpacing&quot; style=&quot;font-size: 12px;&quot;&gt;Принцип действия C&lt;span lang=&quot;EN-US&quot;&gt;ica&lt;/span&gt;-&lt;span lang=&quot;EN-US&quot;&gt;Care&lt;/span&gt;&amp;nbsp;основан на непрерывном и равномерном давлении тонкой силиконовой пластины на поврежденную ткань.&amp;nbsp;&lt;span style=&quot;font-size: 12px;&quot;&gt;Пластырь C&lt;/span&gt;&lt;span lang=&quot;EN-US&quot; style=&quot;font-size: 12px;&quot;&gt;ica&lt;/span&gt;&lt;span style=&quot;font-size: 12px;&quot;&gt;-&lt;/span&gt;&lt;span lang=&quot;EN-US&quot; style=&quot;font-size: 12px;&quot;&gt;Care&lt;/span&gt;&lt;span style=&quot;font-size: 12px;&quot;&gt;&amp;nbsp;представляет собой мягкую тонкую прямоугольную пластину из уплотненного силиконового геля, нижняя сторона которой снабжена самоклеющимся слоем для точного прилегания к коже.&amp;nbsp;&lt;/span&gt;&lt;/p&gt;&lt;p class=&quot;MsoNoSpacing&quot; style=&quot;font-size: 12px;&quot;&gt;&lt;o:p&gt;&lt;/o:p&gt;&lt;/p&gt;&lt;p class=&quot;MsoNoSpacing&quot; style=&quot;font-size: 12px;&quot;&gt;&lt;o:p&gt;&amp;nbsp;&lt;/o:p&gt;&lt;/p&gt;&lt;p class=&quot;MsoNormal&quot; style=&quot;font-size: 12px;&quot;&gt;Описание компании&lt;o:p&gt;&lt;/o:p&gt;&lt;/p&gt;&lt;p style=&quot;font-size: 12px;&quot;&gt;&lt;/p&gt;&lt;p style=&quot;margin: 0cm 0cm 0.0001pt; font-size: 12px; vertical-align: baseline; background-image: initial; background-attachment: initial; background-size: initial; background-origin: initial; background-clip: initial; background-position: initial; background-repeat: initial;&quot;&gt;&lt;span style=&quot;border: 1pt none windowtext; padding: 0cm;&quot;&gt;Smith &amp;amp; Nephew&lt;/span&gt;&lt;span class=&quot;apple-converted-space&quot;&gt;&amp;nbsp;&lt;/span&gt;&lt;span class=&quot;accent&quot;&gt;– одна из крупнейших международных компаний со 150-летней историей в области разработки и продажи товаров медицинского назначения. &lt;/span&gt;&lt;span style=&quot;border: 1pt none windowtext; padding: 0cm;&quot;&gt;&amp;nbsp;Компания является признанным мировым лидером в нескольких отраслях медицинского производства, предлагая высококачественную и высокоэффективную продукцию для спортивной медицины, ортопедии и травматологии, включая средства и решения для реабилитации после тяжелых травм, эндохирургии и общей хирургии. Одним из приоритетных, динамично развивающихся направлений деятельности стала разработка продуктов для лечения ран различной степени тяжести и передовых перевязочных материалов.&lt;/span&gt;&lt;/p&gt;', 'Самоклеющийся силиконовый пластырь Cica-Care многоразового использования применяется для лечения послеоперационных, ожоговых и травматических шрамов и рубцов, а также для профилактики образования рубцовой ткани и предотвращения появления шрамов при заживлении ран. Способствует прекращению роста, уменьшению плотности и размера участка рубцовой ткани, повышению эластичности кожи и значительному улучшению внешнего вида и состояния поврежденной ткани. Размер 12х15см  1 шт/уп\r\n   ', '', 'Пластырь моделируемый гелевый CICA CARE ', '', ''),
(115, 2, 'Оболочка для сшивания нерва NeuraGen', '&lt;p class=&quot;MsoNormal&quot;&gt;NeuraGen® - биосовместимый\r\nимплантат, предназначенный для восстановления периферийных нервов, представляет\r\nсобой полупроницаемую трубку из коллагена &lt;span lang=&quot;EN-US&quot;&gt;I&lt;/span&gt; типа.&amp;nbsp;\r\nNeuraGen® изолирует поврежденный участок, обеспечивая специфическую\r\nзащитную среду для возобновления роста аксонов по всей площади разрыва нерва и\r\nроста шванновских клеток – элементов, ответственных за восстановление функций\r\nтравмированного нерва.&amp;nbsp;&lt;o:p&gt;&lt;/o:p&gt;&lt;/p&gt;&lt;p class=&quot;MsoNormal&quot;&gt;\r\n\r\n&lt;/p&gt;&lt;p class=&quot;MsoNormal&quot;&gt;&lt;br&gt;&lt;/p&gt;&lt;p class=&quot;MsoNormal&quot;&gt;О компании&lt;/p&gt;&lt;p class=&quot;MsoNormal&quot;&gt;Основанная в 1989 году\r\nамериканская компания &lt;span class=&quot;A2&quot;&gt;Integra LifeSciences сегодня является одним из мировых\r\nлидеров в разработке и производстве различных продуктов и инструментов\r\nмедицинского назначения. Основной акцент в своей работе компания делает на\r\nразвитие ортопедии и нейрохирургии. Так, ортопедическая продукция Integra\r\nвключает в себя специализированные металлические имплантаты для восстановления\r\nтравмированных конечностей (стоп и голеностопа, кисти и запястья), плеч,\r\nлоктей, позвоночника, ортобиологическую продукцию для восстановления\r\nцелостности костей, приспособления и имплантаты для регенерации кожи, продукцию\r\nдля &lt;/span&gt;защиты и восстановления сухожилий и периферических нервов, заживления ран.&amp;nbsp;&lt;/p&gt;', 'Биосовместимый имплантат NeuraGen представляет собой полупроницаемую трубку из коллагена I типа. Он изолирует поврежденный участок нерва, обеспечивая специфическую защитную среду для возобновления роста аксонов и шванновских клеток – элементов, ответственных за восстановление функций нерва. NeuraGen® прост и удобен в применении, позволяет сократить время операции, препятствует образованию спаек. По завершению восстановления нерва имплантат полностью рассасывается.\r\n', '', 'Коллагеновый имплантат для восстановления периферийных нервов NeuraGen', '', ''),
(268, 2, ' Материал гидрогелевый  «Колетекс с 5-фторурацилом»', '&lt;p class=&quot;MsoNormal&quot;&gt;Открытие у 5-ФТУР помимо цитотоксических свойств еще и\r\nрадиомодифицирующего эффекта, основанного на способности синхронизировать\r\nклеточный цикл, позволило использовать этот препарат и при лучевой терапии\r\nновообразований в качестве местного радиосенсибилизирующего средства при\r\nлучевом и комбинированном способах лечения.&lt;o:p&gt;&lt;/o:p&gt;&lt;/p&gt;&lt;p class=&quot;MsoNormal&quot;&gt;Особенностью новой лекарственной формы является\r\nпролонгированный дозированный выход препарата в ткани. При этом создается\r\nвысокая заданная концентрация 5-ФУ избирательно в зоне опухоли, а в кровяное\r\nрусло препарат практически не попадает, что позволяет избежать побочного\r\nтоксического действия.&lt;o:p&gt;&lt;/o:p&gt;&lt;/p&gt;&lt;p&gt;\r\n\r\n\r\n\r\n\r\n\r\n\r\n\r\n\r\n\r\n\r\n\r\n&lt;/p&gt;О компании&lt;p style=&quot;margin-bottom: 20px; max-height: 99999px; position: relative; color: rgb(0, 0, 0); font-family: Arial, sans-serif; font-size: 13px; line-height: 22.1px;&quot;&gt;&lt;/p&gt;&lt;p style=&quot;margin-bottom: 20px; max-height: 99999px; position: relative;&quot;&gt;Группа компаний «Колетекс», объединяющая в свое составе ООО «НПО Текстильпрогресс», ООО «Колетекс» и ООО «Тексаль», занимается научной разработкой, производством и продажей изделий медицинского и косметического назначения в общей сложности более 20 лет. Собственная научно-исследовательская лаборатория «Колетекс» осуществляет разработки совместно с учеными РАН и РАМН при сохранении тесного сотрудничества с врачами ведущих клиник страны. Уникальность продукции и технологий ГК «Колетекс» отмечена многочисленными патентами, эффективность изделий неоднократно подтверждена клиническими испытаниями и длительным опытом практического применения.&amp;nbsp;&lt;br&gt;&lt;br&gt;&lt;/p&gt;&lt;p style=&quot;margin-bottom: 20px; max-height: 99999px; position: relative; color: rgb(0, 0, 0); font-family: Arial, sans-serif; font-size: 13px; line-height: 22.1px;&quot;&gt;&lt;/p&gt;', '5-фторурацил(5-ФУ) — противоопухолевый препарат из группы антиметаболитов (аналогов пиримидина), обладающий радиомодифицирующими свойствами. Широко применяется в онкологической практике для лечения злокачественных опухолей различной локализации как в самостоятельном плане, так и в сочетании с другими химиопрепаратами. Предназначен для лечения местнораспространенных форм злокачественных новообразований при различных формах опухолей кожи, в т.ч. базальноклеточный рак, опухоли  молочной железы, гинекологической сферы и т.д.; при рецидивах распадающихся форм опухоли, в т.ч. у инкурабельных больных (в качестве паллиативного метода лечения); при проведении курса лучевой терапии (при использовании 5-фторурацила в качестве модификатора с целью повышения эффективности лучевого лечения).', '', ' Материал гидрогелевый  «Колетекс с 5-фторурацилом»', '', ''),
(269, 2, 'Материал гидрогелевый &quot;Колетекс с деринатом&quot; в шприце 20г', '&lt;p class=&quot;MsoNormal&quot;&gt;Обладает неспецифическим общебиологическим стимулирующим\r\nдействием на органы и ткани, нормализует иммунный статус пациентов,\r\nстабилизирует гемопоэз (процесс кроветворения), усиливает регенерацию тканей и\r\nтем самым ускоряет восстановление. При применении в онкологической практике\r\nоказывает радиопротекторное действие, существенно снижая чувствительность\r\nклеток нормальных тканей к повреждающему действию лучевой терапии, что\r\nпозволяет увеличить подводимую дозу при лучевой терапии и сократить интервалы\r\nмежду курсами лечения у онкологических больных.&lt;/p&gt;&lt;p class=&quot;MsoNormal&quot;&gt;О компании&lt;/p&gt;&lt;p class=&quot;MsoNormal&quot;&gt;&lt;span style=&quot;font-size: 12px;&quot;&gt;Группа компаний «Колетекс», объединяющая в свое составе ООО «НПО Текстильпрогресс», ООО «Колетекс» и ООО «Тексаль», занимается научной разработкой, производством и продажей изделий медицинского и косметического назначения в общей сложности более 20 лет. Собственная научно-исследовательская лаборатория «Колетекс» осуществляет разработки совместно с учеными РАН и РАМН при сохранении тесного сотрудничества с врачами ведущих клиник страны. Уникальность продукции и технологий ГК «Колетекс» отмечена многочисленными патентами, эффективность изделий неоднократно подтверждена клиническими испытаниями и длительным опытом практического применения.&lt;/span&gt;&lt;/p&gt;&lt;p&gt;\r\n\r\n\r\n\r\n&lt;/p&gt;&lt;br&gt;', 'Гидрогелевый материал &quot;колетекс гель с деринатом&quot; (Дезоксирибонуклеат натрия) является эффективным средством сопровождения при проведении лучевой и комбинированной терапии, способствует профилактике и лечению лучевых реакций и повреждений кожи и слизистых оболочек (полости рта и ротоглотки, мочевого пузыря, прямой кишки, предстательной железы, шейки матки и т.д.) в процессе и/или после проведения лучевой терапии, а также для лечения длительно незаживающих ран, а также для лечения ректитов и геморроидальных проявлений.', '', 'Материал гидрогелевый &quot;Колетекс с деринатом&quot;', '', ''),
(136, 2, 'Пленка защитная КонваТек Силесс, салфетки 30 шт/уп', '&lt;p class=&quot;MsoNormal&quot; style=&quot;&quot;&gt;&lt;span style=&quot;font-family:&amp;quot;Calibri&amp;quot;,&amp;quot;sans-serif&amp;quot;;\r\nmso-ascii-theme-font:minor-latin;mso-hansi-theme-font:minor-latin;mso-bidi-theme-font:\r\nminor-latin&quot;&gt;&lt;o:p&gt;&amp;nbsp;&lt;/o:p&gt;&lt;/span&gt;&lt;span style=&quot;font-size: 12px;&quot;&gt;Общее\r\nописание&lt;/span&gt;&lt;/p&gt;&lt;p class=&quot;MsoNormal&quot;&gt;&lt;o:p&gt;&lt;/o:p&gt;&lt;/p&gt;&lt;p class=&quot;MsoNormal&quot;&gt;Салфетки &lt;span lang=&quot;EN-US&quot;&gt;Silesse&lt;/span&gt; изготовлены по особой технологии,\r\nбазирующейся на уникальных свойствах 100% силикона, способного испаряться за\r\nсчитанные секунды. Пленка\r\nнадежно защищает кожу как от повреждений, причиняемых адгезивными приспособлениями,\r\nтак и от негативного воздействия выделений организма, кожных испарений. Рекомендованы к ежедневному\r\nприменению при обработке ран, смене калоприемников и урологических устройств.&lt;/p&gt;&lt;p class=&quot;MsoNormal&quot;&gt;&lt;span style=&quot;font-size: 12px;&quot;&gt;&amp;nbsp;&lt;/span&gt;&lt;/p&gt;&lt;p class=&quot;MsoNormal&quot;&gt;О\r\nкомпании&lt;o:p&gt;&lt;/o:p&gt;&lt;/p&gt;&lt;p class=&quot;MsoNormal&quot;&gt;Английская компания «ConvaTec» работает в сфере производства\r\nмедицинской продукции и технологий без малого 30 лет и является одним из\r\nведущих поставщиков продукции по комплексному уходу за стомой и средств для\r\nлечения ран. Также занимается производством средств для лечебного, профилактического\r\nи гигиенического ухода за кожей, разрабатывает различные изделия для\r\nиспользования в интенсивной терапии.&lt;o:p&gt;&lt;/o:p&gt;&lt;/p&gt;&lt;p&gt;\r\n\r\n\r\n\r\n\r\n\r\n\r\n\r\n\r\n\r\n\r\n\r\n\r\n\r\n\r\n\r\n&lt;/p&gt;&lt;p class=&quot;MsoNormal&quot;&gt;&lt;span lang=&quot;EN-US&quot;&gt;&amp;nbsp;&lt;/span&gt;&lt;/p&gt;', 'Защитная пленка Silesse,  предназначена для защиты кожи от воздействия биологических жидкостей и выделений при смене катетеров, памперсов, кало- и мочеприемников, самоклеящихся раневых повязок. Не содержат спирта или масел, которые могут вызывать зуд или жжение, а также оставляют после себя налет. Размер салфетки составляет 120х160 мм. Содержание  пленкообразующего вещества в каждой салфетке 3 г.', '', 'Пленка защитная КонваТек Силесс, салфетки ', '', ''),
(137, 2, 'Пленка защитная КонваТек Силесс, спрей, 50 мл ', '&lt;p class=&quot;MsoNormal&quot; style=&quot;&quot;&gt;Защитный спрей &lt;span lang=&quot;EN-US&quot;&gt;Silesse&lt;/span&gt; изготовлен из 100% силикона,\r\nспособного испаряться за считанные секунды, образовывая стойкий «дышащий»\r\nбарьерный слой-пленку, который надежно защищает кожу как от повреждений. &amp;nbsp;&lt;span lang=&quot;ES&quot; style=&quot;font-size: 12px;&quot;&gt;Silesse&lt;/span&gt;&lt;span lang=&quot;ES&quot; style=&quot;font-size: 12px;&quot;&gt; &lt;/span&gt;&lt;span style=&quot;font-size: 12px;&quot;&gt;не содержит спирта, латекса, масел, отдушки, воды или\r\nконсервантов, является гипоаллергенным, не вызывает жжения и не оставляет\r\nследов или загрязнений на коже. &amp;nbsp;&lt;/span&gt;&lt;/p&gt;&lt;p class=&quot;MsoNormal&quot;&gt;&lt;o:p&gt;&lt;/o:p&gt;&lt;/p&gt;&lt;p class=&quot;MsoNormal&quot;&gt;&lt;o:p&gt;&amp;nbsp;&lt;/o:p&gt;&lt;span style=&quot;font-size: 12px;&quot;&gt;О\r\nкомпании&lt;/span&gt;&lt;/p&gt;&lt;p class=&quot;MsoNormal&quot;&gt;&lt;o:p&gt;&lt;/o:p&gt;&lt;/p&gt;&lt;p&gt;\r\n\r\n\r\n\r\n\r\n\r\n\r\n\r\n&lt;/p&gt;&lt;p class=&quot;MsoNormal&quot;&gt;Английская компания «ConvaTec» работает в сфере производства\r\nмедицинской продукции и технологий без малого 30 лет и является одним из\r\nведущих поставщиков продукции по комплексному уходу за стомой и средств для\r\nлечения ран. Также занимается производством средств для лечебного,\r\nпрофилактического и гигиенического ухода за кожей, разрабатывает различные\r\nизделия для использования в интенсивной терапии.&amp;nbsp;&lt;/p&gt;', 'Спрей для кожи Silesse предназначен для защиты кожи от воздействия биологических жидкостей и выделений при смене катетеров, памперсов, кало- и мочеприемников, самоклеящихся раневых повязок и иных средств на адгезивной основе.  Спрей распыляется из любого положения, подходит для использования на больших участках кожи.   ', '', 'Пленка защитная КонваТек Силесс, спрей, 50 мл ', '', ''),
(117, 2, 'Дренажная система высокого давления для лечения гидроцефалии', '&lt;p class=&quot;MsoNormal&quot;&gt;Система ДСГ была разработана ЗАО «МедСил» совместно с сотрудниками НИИ\r\nнейрохирургии АМН СССР им. акад. Н.Н. Бурденко (чл.-корр. АМН, профессором Ф.А.\r\nСербиненко, д.м.н. Б.П. Симерницким). Данное устройство обеспечивает однонаправленное\r\nрегулируемое отведение патологического скопления ликвора из головного мозга в\r\nправое предсердие или брюшную полость.&lt;o:p&gt;&lt;/o:p&gt;&lt;/p&gt;&lt;p class=&quot;MsoNormal&quot;&gt;Система ДСГ состоит из вентрикулярного\r\n(центрального) катетера, через который поступает ликвор из желудочка мозга, насосной\r\nпомпы, содержащей мембрану с отверстиями (на входе ликвора) и выходной клапан,\r\nа также периферического катетера – кардиального или абдоминального – для отвода\r\nжидкости.&lt;/p&gt;&lt;p class=&quot;MsoNormal&quot;&gt;&lt;span style=&quot;font-size: 12px;&quot;&gt;&lt;br&gt;&lt;/span&gt;&lt;/p&gt;&lt;p class=&quot;MsoNormal&quot;&gt;&lt;span style=&quot;font-size: 12px;&quot;&gt;О компании:&lt;/span&gt;&lt;/p&gt;&lt;p class=&quot;MsoNormal&quot;&gt;&lt;o:p&gt;&lt;/o:p&gt;&lt;/p&gt;&lt;p class=&quot;MsoNormal&quot;&gt;ЗАО «МедСил» - ведущий российский производитель медицинских изделий из\r\nсиликоновой резины.&amp;nbsp; В\r\nоснове успеха компании лежит более чем 40-летний опыт в данной области - до\r\n1992 г. в составе Особого конструкторского бюро кабельной промышленности. При\r\nразработке новой продукции «МедСил» тесно сотрудничает с лидирующими\r\nроссийскими медицинскими, химическими и другими учреждениями и предприятиями,\r\nсовместно с которыми уже разработано более 100 изобретений, опубликовано свыше\r\n150 печатных работ.&amp;nbsp; &lt;o:p&gt;&lt;/o:p&gt;&lt;/p&gt;&lt;p class=&quot;MsoNormal&quot;&gt;&lt;br&gt;&lt;/p&gt;', 'Имплантируемая шутнирующая система с клапаном низкого, среднего и высокого давления для лечения гидроцефалии.   Диаметр основания купола помпы – 14 мм, пропускная способность помп на верхнем значении диапазона закрывающего давления составляет 0,1-бмл/мин.\r\nКлапан низкого давления применяют,  в основном, при лечении новорожденных, а также по специальным показаниям (например, для дренирования арахноидальных кист).\r\nКлапан высокого давления используется не часто, в основном, им заменяют ранее поставленный клапан среднего давления при синдроме гипердренирования желудочков.\r\n\r\n', '', 'ДСГ-14-Н ДСГ-14-С ДСГ-14-В Дренажная система высокого давления для лечения гидроцефалии.', '', ''),
(121, 2, 'Материал рассасывающийся &quot;ИНТЕРСИД&quot; (INTERCEED TC7)  в уп 10 шт', '&lt;p class=&quot;MsoNormal&quot; style=&quot;margin-bottom: 0.0001pt;&quot;&gt;Барьер &lt;span lang=&quot;EN-US&quot;&gt;Gynecare&lt;/span&gt;&lt;span lang=&quot;EN-US&quot;&gt; &lt;/span&gt;&lt;span lang=&quot;EN-US&quot;&gt;Interceed&lt;/span&gt; выполнен\r\nиз окисленной регенерированной целлюлозы, обладающей доказанным\r\nкровоостанавливающим и антибактериальным действием и нашедшей применение в\r\nразличных областях хирургии. &lt;o:p&gt;&lt;/o:p&gt;&lt;/p&gt;&lt;p class=&quot;MsoNormal&quot;&gt;Использование противоспаечного&amp;nbsp; барьера &lt;span lang=&quot;EN-US&quot;&gt;Interceed&lt;/span&gt;&lt;span lang=&quot;EN-US&quot;&gt; &lt;/span&gt;в качестве\r\nдополнительного средства при комплексном лечении позволяет улучшить результаты\r\nлечения и восстановления фертильности у пациенток.&lt;/p&gt;&lt;p class=&quot;MsoNormal&quot;&gt;&lt;o:p&gt;&lt;br&gt;&lt;/o:p&gt;&lt;/p&gt;&lt;p style=&quot;margin: 0cm 0cm 0.0001pt; background-image: initial; background-attachment: initial; background-size: initial; background-origin: initial; background-clip: initial; background-position: initial; background-repeat: initial;&quot;&gt;О компании:&lt;o:p&gt;&lt;/o:p&gt;&lt;/p&gt;&lt;p class=&quot;Pa2&quot;&gt;В прошлом известный изготовитель хирургических шовных материалов,\r\nинструментов и средств для закрытия ран компания Ethicon является дочерним\r\nпредприятием корпорации Johnson &amp;amp; Johnson: в 1949 году из подразделения\r\nкорпорации она превратилась в самостоятельную\r\nбизнес-единицу. Сегодня Ethicon осуществляет деятельность в 52 странах и насчитывает около\r\n11&amp;nbsp;000 сотрудников. Штаб-квартира Ethicon находится в Сомервилле\r\n(штат Нью-Джерси, США).&lt;o:p&gt;&lt;/o:p&gt;&lt;/p&gt;&lt;p class=&quot;MsoNormal&quot; style=&quot;text-align:justify&quot;&gt;\r\n\r\n\r\n\r\n&lt;/p&gt;&lt;p class=&quot;MsoNormal&quot; style=&quot;margin-bottom: 0.0001pt; background-image: initial; background-attachment: initial; background-size: initial; background-origin: initial; background-clip: initial; background-position: initial; background-repeat: initial;&quot;&gt;&amp;nbsp;&lt;span style=&quot;font-size: 12pt; line-height: 16.8pt;&quot;&gt;&lt;o:p&gt;&lt;/o:p&gt;&lt;/span&gt;&lt;/p&gt;', 'Противоспаечный барьер Gynecare Interceed (ТС7) представляет собой саморассасывающийся плетеный материал, используемый при открытых гинекологических и абдоминальных операциях в качестве вспомогательного средства, позволяющего минимизировать образование спаек в послеоперационный период.  Размер  7.6 х 10.2 см', '', 'Материал рассасывающийся &quot;ИНТЕРСИД&quot; (INTERCEED TC7)', '', ''),
(133, 2, 'Набор стента 6 СН длиной 16 см с фиксированным проводником и сердечником 0,035 дюйма', '&lt;p class=&quot;MsoNormal&quot;&gt;&lt;span style=&quot;background-image: initial; background-attachment: initial; background-size: initial; background-origin: initial; background-clip: initial; background-position: initial; background-repeat: initial;&quot;&gt;Мочеточниковый стент «Морской конек» &amp;nbsp;универсальной длины, что позволяет\r\nустанавливать его как в экстренно возникших, так и плановых ситуациях без\r\nпредварительного измерения длины мочеточника.&lt;/span&gt;&lt;span style=&quot;background-image: initial; background-attachment: initial; background-size: initial; background-origin: initial; background-clip: initial; background-position: initial; background-repeat: initial;&quot;&gt;. &amp;nbsp;Конец пузырного завитка располагается строго внутри колец стента и не касается\r\nстенок мочевого пузыря, что снижает риск возникновения дизурических расстройств\r\nпри необходимости длительного внутреннего дренирования.&amp;nbsp;&lt;o:p&gt;&lt;/o:p&gt;&lt;/span&gt;&lt;/p&gt;&lt;p class=&quot;MsoNormal&quot; style=&quot;&quot;&gt;&lt;span style=&quot;font-size: 12px;&quot;&gt;&lt;br&gt;&lt;/span&gt;&lt;/p&gt;&lt;p class=&quot;MsoNormal&quot; style=&quot;&quot;&gt;&lt;span style=&quot;font-size: 12px;&quot;&gt;О\r\nкомпании&lt;/span&gt;&lt;br&gt;&lt;/p&gt;&lt;p class=&quot;MsoNormal&quot; style=&quot;&quot;&gt;&lt;o:p&gt;&lt;/o:p&gt;&lt;/p&gt;&lt;p&gt;\r\n\r\n\r\n\r\n\r\n\r\n\r\n\r\nС 1992 года ООО «Минимально инвазивные технологии»\r\nосуществляет разработку, изготовление и реализацию инструментов и оборудования,\r\nпредназначенных для выполнения малоинвазивных хирургических операций при\r\nиспользовании рентген-, эндо-, видео- и ультразвуковых методов контроля. Целью\r\nООО «МИТ» является создание и внедрение новых разновидностей\r\nвысокотехнологичного медицинского инструментария, способных максимально\r\nоблегчить работу врачей и состояние пациентов.&lt;br&gt;&lt;/p&gt;', 'Мочеточниковый стент - это тонкая гибкая трубка из высококачественного синтетического материала, устанавливаемая в мочеточник для обеспечения оттока мочи из почки в мочевой пузырь или внешнюю систему сбора (так называемое «закрытое» дренирование мочевых путей). Размер  6 СН длиной 6 см, 8 см, 10 см, 12 см.', '', 'Набор стента 6 СН длиной 16 см с фиксированным проводником и сердечником 0,035 дюйма', '', ''),
(116, 2, 'Шунт  нормального потока для взрослых  OSV-11 OSVII', '&lt;p class=&quot;MsoNormal&quot;&gt;Клапаны Integra® способны трансформироваться из клапанов низкого\r\nдавления открытия в клапаны с более высоким давлением, автоматически (без\r\nрегулировки вручную) уменьшая размер отверстия в случае повышения\r\nвнутричерепного давления. Клапаны корректируют скорость потока спинномозговой\r\nжидкости в соответствии с показателями давления, не допуская ее чрезмерного возрастания,\r\nчто способствует постепенному уменьшению размера желудочков и, как следствие,\r\nсокращает риски, связанные с избытком дренирования. &lt;o:p&gt;&lt;/o:p&gt;&lt;/p&gt;&lt;p class=&quot;MsoNormal&quot;&gt;\r\n\r\n&lt;/p&gt;&lt;br&gt;&lt;p&gt;\r\n\r\n\r\n\r\n\r\n\r\n\r\n\r\n&lt;/p&gt;&lt;p class=&quot;MsoNormal&quot;&gt;О компании&lt;/p&gt;&lt;p class=&quot;MsoNormal&quot;&gt;Основанная в 1989 году\r\nамериканская компания &lt;span class=&quot;A2&quot;&gt;Integra LifeSciences сегодня является одним из мировых\r\nлидеров в разработке и производстве различных продуктов и инструментов\r\nмедицинского назначения. Основной акцент в своей работе компания делает на\r\nразвитие ортопедии и нейрохирургии. Так, ортопедическая продукция Integra\r\nвключает в себя специализированные металлические имплантаты для восстановления\r\nтравмированных конечностей (стоп и голеностопа, кисти и запястья), плеч,\r\nлоктей, позвоночника, ортобиологическую продукцию для восстановления\r\nцелостности костей, приспособления и имплантаты для регенерации кожи, продукцию\r\nдля &lt;/span&gt;защиты и восстановления сухожилий и периферических нервов, заживления ран.&amp;nbsp;&lt;/p&gt;', 'Вживляемый самонастраивающийся шунт, предназначенный для лечения гидроцефалии любого типа, за исключением случаев, характеризующихся избыточной выработкой спинномозговой жидкости, вызванной некоторыми опухолями желудочкового сплетения. Обеспечивает средний рабочий поток СМЖ на уровне 20 мл/час, что соответствует физиологической норме (при общих возможностях 18-30 мл/час). Размер  40,5 мм х 12,5 мм х 7,9 мм\r\n       ', '', 'Шунт  нормального потока для взрослых  OSV-11 OSVII', '', ''),
(130, 2, 'Подгузники для детей Panda, размер Junior, 12-25 кг, 36шт', '&lt;p class=&quot;MsoNormal&quot; style=&quot;&quot;&gt;Подгузники марки Panda от польской компании &lt;span lang=&quot;EN-US&quot;&gt;Bella&lt;/span&gt; состоят из внешнего слоя, изготовленного из\r\nвоздухопроницаемого («дышащего») непромокаемого материала, обеспечивающего\r\nнеобходимую циркуляцию воздуха, гипоаллергенной нетканой внутренней\r\nповерхности, быстро распределяющей влагу внутри подгузника и сохраняющей\r\nсухость кожи ребенка, и абсорбирующего слоя. Впитывающий слой представляет\r\nсобой комбинацию целлюлозы и суперабсорбирующего полимера, преобразующего\r\nжидкость в гель. &lt;o:p&gt;&lt;/o:p&gt;&lt;/p&gt;&lt;p class=&quot;1&quot;&gt;&lt;o:p&gt;&amp;nbsp;&lt;/o:p&gt;&lt;/p&gt;&lt;p class=&quot;1&quot;&gt;О\r\nкомпании&lt;o:p&gt;&lt;/o:p&gt;&lt;/p&gt;&lt;p style=&quot;margin: 0cm 0cm 0.0001pt;&quot;&gt;Под маркой &lt;span lang=&quot;EN-US&quot;&gt;Bella&lt;/span&gt;&lt;span lang=&quot;EN-US&quot;&gt; &lt;/span&gt;&lt;span lang=&quot;EN-US&quot;&gt;Baby&lt;/span&gt;&lt;span lang=&quot;EN-US&quot;&gt; &lt;/span&gt;&lt;span lang=&quot;EN-US&quot;&gt;Happy&lt;/span&gt;\r\nпредставлена продукция для ежедневного ухода за маленькими детьми, включающая\r\nнесколько линий гигиенических и косметических средств. Владелец марки –\r\nпольская компания &lt;span lang=&quot;EN-US&quot;&gt;TZMO&lt;/span&gt;&lt;span lang=&quot;EN-US&quot;&gt; &lt;/span&gt;&lt;span lang=&quot;EN-US&quot;&gt;S&lt;/span&gt;.&lt;span lang=&quot;EN-US&quot;&gt;A&lt;/span&gt;.\r\n(Торуньский Завод перевязочных материалов) – является одним из ведущих\r\nевропейских производителей и поставщиком изделий медицинского и гигиенического\r\nназначения на глобальный рынок. Собственный научно-исследовательский центр\r\nкомпании, &lt;span lang=&quot;EN-US&quot;&gt;Tricomed&lt;/span&gt;, сотрудничает с передовыми\r\nнаучными институтами и исследовательскими лабораториями, принимает активное\r\nучастие в решении вопросов в области медицинской инженерии, биотехнологии и\r\nкосметологии; на счету Центра – множество престижных премий и несколько\r\nдесятков патентов на изобретения.&amp;nbsp;&lt;o:p&gt;&lt;/o:p&gt;&lt;/p&gt;&lt;p style=&quot;margin: 0cm 0cm 0.0001pt;&quot;&gt;&lt;br&gt;&lt;/p&gt;', 'Мягкие детские подгузники Panda Junior от Bella предназначены для детей весом 12-25кг. \r\nПодгузники хорошо впитывают влагу, оставляя кожу ребенка сухой. Форма впитывающего вкладыша разработана с учетом детской анатомии, что позволяет подгузнику легко адаптироваться к телу ребенка и делает ношение подгузника максимально комфортным.  Впитываемость подгузника составляет 760 мл.  ', '', 'Подгузники для детей Panda, размер Junior, 12-25 кг, 36шт', '', ''),
(111, 2, 'Набор для шунтирования ликвора для лечения гидроцефалии низкого, среднего, высокого давления ', '&lt;p class=&quot;MsoNormal&quot; style=&quot;&quot;&gt;Клапан представляет собой плоскую силиконовую мембрану,\r\nобеспечивающую дозированное сопротивление току ликвора. Снабжен\r\nвстроенным резервуаром для забора проб ликвора и введения медицинских препаратов\r\nпри необходимости. Также имеется окклюдер для осуществления дистальной и\r\nпроксимальной промывок.&lt;o:p&gt;&lt;/o:p&gt;&lt;/p&gt;&lt;p class=&quot;MsoNormal&quot;&gt;&lt;span style=&quot;font-size: 12px;&quot;&gt;&amp;nbsp;&lt;/span&gt;&lt;/p&gt;&lt;p class=&quot;MsoNormal&quot;&gt;&lt;span style=&quot;font-size: 12px;&quot;&gt;О компании&lt;/span&gt;&lt;/p&gt;&lt;p class=&quot;MsoNormal&quot;&gt;&lt;span style=&quot;font-size: 12px;&quot;&gt;&lt;br&gt;&lt;/span&gt;&lt;span style=&quot;font-size: 12px;&quot;&gt;Основанная в 1989 году американская компания &lt;/span&gt;&lt;span class=&quot;A2&quot; style=&quot;font-size: 12px;&quot;&gt;Integra LifeSciences сегодня является одним из мировых лидеров в\r\nразработке и производстве различных продуктов и инструментов медицинского\r\nназначения. Основной акцент в своей работе компания делает на развитие\r\nортопедии и нейрохирургии. Так, ортопедическая продукция Integra включает в\r\nсебя специализированные металлические имплантаты для восстановления\r\nтравмированных конечностей (стоп и голеностопа, кисти и запястья), плеч,\r\nлоктей, позвоночника, ортобиологическую продукцию для восстановления\r\nцелостности костей, приспособления и имплантаты для регенерации кожи, продукцию\r\nдля &lt;/span&gt;&lt;span style=&quot;font-size: 12px;&quot;&gt;защиты\r\nи восстановления сухожилий и периферических нервов, заживления ран.&lt;/span&gt;&lt;span style=&quot;font-size: 12px;&quot;&gt;&lt;br&gt;&lt;/span&gt;&lt;/p&gt;&lt;p class=&quot;MsoNormal&quot; style=&quot;text-align:justify&quot;&gt;&lt;o:p&gt;&lt;/o:p&gt;&lt;/p&gt;&lt;p class=&quot;MsoNormal&quot;&gt;\r\n\r\n\r\n\r\n\r\n\r\n&lt;/p&gt;&lt;p class=&quot;MsoNormal&quot;&gt;&amp;nbsp;&lt;/p&gt;', 'Набор для ликворного шунтирования с клапаном низкого давления диапазон открытия 5-50 мм.\r\nНабор для ликворного шунтирования с клапаном среднего давления  с диапазоном открытия 51-110 мм. \r\nНабор для ликворного шунтирования с клапаном высокого давления с диапазоном открытия 111-170 мм. \r\n\r\n\r\n', '', 'Набор для шунтирования ликвора для лечения гидроцефалии низкого, среднего, высокого давления', '', ''),
(264, 2, 'Набор Шапочка для мытья головы плюс Салфетки влажные очищающие Essential Bath ', '&lt;p&gt;Салфетки изготовлены из ультрамягкого нетканого полотна, пропитанного чистящим раствором с добавлением экстракта алое и витамина Е. Гипоаллергенны, не содержат спирта, латекса, отдушек, не вызывают раздражения кожи и могут применяться на любой области тела, включая лицо. Эффективно очищают, увлажняют и смягчают кожу, нейтрализуют неприятные запахи, препятствуют размножению бактерий.&amp;nbsp;&lt;/p&gt;&lt;p&gt;&lt;br&gt;&lt;/p&gt;&lt;p&gt;&lt;br&gt;&lt;/p&gt;&lt;p&gt;&lt;br&gt;&lt;/p&gt;&lt;p&gt;Sage\r\nProducts LLC – ведущий разработчик расходных медицинских продуктов и\r\nматериалов, предназначенных для профилактики осложнений, которые могут\r\nвозникать у пациентов в послеоперационный период, и внутрибольничных инфекций.\r\nАссортимент компании включает запатентованные средства по уходу за кожей, в том\r\nчисле у пациентов с недержанием и неподвижных или маломобильных пациентов;\r\nсредства гигиены для полости рта, предоперационные антисептики.&amp;nbsp;&lt;br&gt;&lt;/p&gt;', 'Набор Шапочка  для мытья головы Comfort Shampoo Cap  плюс Салфетки влажные очищающие Essential Bath. Салфетки предназначены для проведения процедур по очищению кожи без использования воды, а шапочка пропитанная моющим раствором, предназначена для мягкого и быстрого очищения волос и кожи головы  также без использования без использования воды. ', '', 'Набор Шапочка  для мытья головы  плюс Салфетки влажные очищающие Essential Bath ', '', ''),
(139, 2, 'Шунт регулируемого потока для детей  OSV-11 Low Pro', '&lt;p class=&quot;MsoNormal&quot; style=&quot;font-size: 12px;&quot;&gt;Принцип действия шунтирующих клапанов Integra&amp;nbsp;основан на использовании переменного сопротивления потоку спинномозговой жидкости, что позволяет поддерживать скорость потока на уровне в пределах физиологической нормы для каждого конкретного пациента, сводя к минимуму возможные риски избыточного дренирования. Клапаны Integra&amp;nbsp;способны трансформироваться из клапанов низкого давления открытия в клапаны с более высоким давлением, автоматически (без регулировки вручную) уменьшая размер отверстия в случае повышения внутричерепного давления.&lt;o:p&gt;&lt;/o:p&gt;&lt;/p&gt;&lt;p class=&quot;MsoNormal&quot; style=&quot;font-size: 12px;&quot;&gt;&lt;/p&gt;&lt;p class=&quot;MsoNormal&quot; style=&quot;font-size: 12px;&quot;&gt;&lt;br&gt;&lt;/p&gt;&lt;p class=&quot;MsoNormal&quot; style=&quot;font-size: 12px;&quot;&gt;О компании&lt;/p&gt;&lt;p class=&quot;MsoNormal&quot; style=&quot;font-size: 12px;&quot;&gt;&lt;o:p&gt;&lt;/o:p&gt;&lt;/p&gt;&lt;p class=&quot;MsoNormal&quot; style=&quot;font-size: 12px;&quot;&gt;Основанная в 1989 году американская компания&amp;nbsp;&lt;span class=&quot;A2&quot;&gt;Integra LifeSciences сегодня является одним из мировых лидеров в разработке и производстве различных продуктов и инструментов медицинского назначения. Основной акцент в своей работе компания делает на развитие ортопедии и нейрохирургии. Так, ортопедическая продукция Integra включает в себя специализированные металлические имплантаты для восстановления травмированных конечностей (стоп и голеностопа, кисти и запястья), плеч, локтей, позвоночника, ортобиологическую продукцию для восстановления целостности костей, приспособления и имплантаты для регенерации кожи, продукцию для&amp;nbsp;&lt;/span&gt;защиты и восстановления сухожилий и периферических нервов, заживления ран.&amp;nbsp;&lt;/p&gt;', 'Вживляемый самонастраивающийся шунт, предназначенный для лечения гидроцефалии любого типа, за исключением случаев, характеризующихся избыточной выработкой спинномозговой жидкости, вызванной некоторыми опухолями желудочкового сплетения. Обеспечивает средний рабочий поток  на уровне 20 мл/час, что соответствует физиологической норме. Размер 36 мм х 12,5 мм х 5,8 мм\r\n\r\n', '', 'Шунт регулируемого потока для детей  OSV-11 Low Pro', '', '');
INSERT INTO `ts_product_description` (`product_id`, `language_id`, `name`, `description`, `short_description`, `tag`, `meta_title`, `meta_description`, `meta_keyword`) VALUES
(129, 2, 'Пеленки Bella baby Happy, 60х90, 10шт', '&lt;p class=&quot;1&quot; style=&quot;&quot;&gt;Детские одноразовые пеленки –\r\nмногослойные изделия прямоугольной формы, предназначенные для впитывания\r\nвыделений. Пеленки удобно использовать на приеме у врача, во время переодевания,\r\nкормления, массажа или сна ребенка, чтобы сохранить поверхность, на которой\r\nнаходится ребенок, чистой и сухой, они незаменимы во время прогулок или дальних\r\nпоездок; в жаркую погоду одноразовые пеленки послужат хорошей альтернативой подгузникам.&lt;/p&gt;&lt;p class=&quot;1&quot;&gt;О\r\nкомпании&lt;o:p&gt;&lt;/o:p&gt;&lt;/p&gt;&lt;p style=&quot;margin: 0cm 0cm 0.0001pt;&quot;&gt;Под маркой &lt;span lang=&quot;EN-US&quot;&gt;Bella&lt;/span&gt;&lt;span lang=&quot;EN-US&quot;&gt; &lt;/span&gt;&lt;span lang=&quot;EN-US&quot;&gt;Baby&lt;/span&gt;&lt;span lang=&quot;EN-US&quot;&gt; &lt;/span&gt;&lt;span lang=&quot;EN-US&quot;&gt;Happy&lt;/span&gt;\r\nпредставлена продукция для ежедневного ухода за маленькими детьми, включающая\r\nнесколько линий гигиенических и косметических средств. Владелец марки –\r\nпольская компания &lt;span lang=&quot;EN-US&quot;&gt;TZMO&lt;/span&gt;&lt;span lang=&quot;EN-US&quot;&gt; &lt;/span&gt;&lt;span lang=&quot;EN-US&quot;&gt;S&lt;/span&gt;.&lt;span lang=&quot;EN-US&quot;&gt;A&lt;/span&gt;.\r\n(Торуньский Завод перевязочных материалов) – является одним из ведущих\r\nевропейских производителей и поставщиком изделий медицинского и гигиенического\r\nназначения на глобальный рынок. Собственный научно-исследовательский центр\r\nкомпании, &lt;span lang=&quot;EN-US&quot;&gt;Tricomed&lt;/span&gt;, сотрудничает с передовыми\r\nнаучными институтами и исследовательскими лабораториями, принимает активное\r\nучастие в решении вопросов в области медицинской инженерии, биотехнологии и\r\nкосметологии; на счету Центра – множество престижных премий и несколько\r\nдесятков патентов на изобретения.&amp;nbsp;&lt;o:p&gt;&lt;/o:p&gt;&lt;/p&gt;&lt;p style=&quot;margin: 0cm 0cm 0.0001pt;&quot;&gt;&lt;br&gt;&lt;/p&gt;', 'Одноразовые пеленки Bella Baby Happy производятся из 100% натуральных материалов, имеют очень нежный, мягкий, приятный на ощупь верхний слой. Пеленки быстро впитывают влагу, надежно защищают от протекания, хорошо удерживают форму, предотвращают появление неприятного запаха. \r\nРазмер пеленки 60х90 см, размер впитывающего вкладыша 58х82 см. Впитываемость 1700 мл', '', 'Пеленки Bella baby Happy 60х90, 10шт', 'Детские одноразовые пеленки – многослойные изделия прямоугольной формы, предназначенные для впитывания выделений.', ''),
(109, 2, 'Подшиваемый имплантат для пластики ТМО DuraGen Suturable ', '&lt;p class=&quot;MsoNormal&quot;&gt;Оптимизированная пористая структура\r\nимплантатов способствует равномерному восстановлению ткани по всей матрице\r\nиплантата.Через 6-8 недель после проведения операции имплантат\r\nполностью резорбируется и замещается мозговой оболочкой. «Новая» ТМО\r\nразвивается в зрелую примерно через год.&amp;nbsp;&lt;/p&gt;&lt;p class=&quot;MsoNormal&quot;&gt;О компании:&lt;/p&gt;&lt;p class=&quot;MsoNormal&quot;&gt;Основанная в 1989 году\r\nамериканская компания &lt;span class=&quot;A2&quot;&gt;Integra LifeSciences сегодня является одним из мировых\r\nлидеров в разработке и производстве различных продуктов и инструментов\r\nмедицинского назначения. Основной акцент в своей работе компания делает на\r\nразвитие ортопедии и нейрохирургии. Так, ортопедическая продукция Integra\r\nвключает в себя специализированные металлические имплантаты для восстановления\r\nтравмированных конечностей (стоп и голеностопа, кисти и запястья), плеч,\r\nлоктей, позвоночника, ортобиологическую продукцию для восстановления\r\nцелостности костей, приспособления и имплантаты для регенерации кожи, продукцию\r\nдля &lt;/span&gt;защиты и восстановления сухожилий и периферических нервов, заживления ран.&lt;/p&gt;', 'DuraGen Saturable – подшиваемый двуслойный коллагеновый имплантат, предназначенный для восстановления твердой мозговой оболочки, особенно при операциях с повышенным риском ликвореи и тех, где предпочтительнее механическая фиксация имплантата. Также фиксируется бесшовным методом. Предотвращает образование рубцов и спаек, защищает от протечки спинномозговой жидкости. Полностью резорбируется по мере замещения новыми клетками ТМО. Размер 2.5 см x 7.5 см\r\n\r\n\r\n', '', 'Подшиваемый имплантат для пластики ТМО DuraGenSuturable  ', '', ''),
(138, 2, 'Катетер нефростомический с набором для установки (двухшаговая техника)', '&lt;p class=&quot;MsoNormal&quot;&gt;Набор предназначен для в&lt;span style=&quot;text-align: justify;&quot;&gt;осстановление оттока мочи позволяет предотвратить развитие\r\nострой почечной недостаточности, гидронефроза и пиелонефрита.&lt;/span&gt;&lt;span style=&quot;text-align: justify;&quot;&gt;&amp;nbsp;&lt;/span&gt;&amp;nbsp;&lt;/p&gt;&lt;p class=&quot;MsoNormal&quot;&gt;О компании&lt;/p&gt;&lt;p class=&quot;MsoNormal&quot;&gt;&lt;o:p&gt;&lt;/o:p&gt;&lt;/p&gt;&lt;p&gt;\r\n\r\n\r\n\r\n\r\n\r\n\r\n\r\n\r\n\r\n\r\n\r\n\r\n\r\n&lt;/p&gt;&lt;p class=&quot;MsoNormal&quot;&gt;Основанная в 1885 году немецкая компания &lt;span lang=&quot;EN-US&quot;&gt;Rusch&lt;/span&gt;\r\nзанимается производством широкого спектра инструментов одноразового и\r\nмногократного применения, а также сопутствующих товаров медицинского назначения\r\nдля различных процедур инвазивного и неинвазивного хирургического\r\nвмешательства. Ассортимент компании включает более 10000 наименований, широко\r\nиспользующихся в таких областях медицины, как анестезиология, урология,\r\nгастроэнтерология, реанимация, интенсивная терапия, отоларингология. С\r\n1989 года &lt;span lang=&quot;EN-US&quot;&gt;Rusch&lt;/span&gt; вошла в состав крупнейшего международного концерна &lt;span lang=&quot;EN-US&quot;&gt;Teleflex&lt;/span&gt;, ведущего разработчика и поставщика медицинского оборудования,\r\nчья продукция представлена в 40 странах.&amp;nbsp;&amp;nbsp;&lt;span style=&quot;font-family: Calibri, sans-serif;&quot;&gt;&lt;o:p&gt;&lt;/o:p&gt;&lt;/span&gt;&lt;/p&gt;', 'Набор включает в себя все необходимые инструменты для проведения нефростомической операции по двухшаговой технике: пункционную иглу, дренажный катетер типа «свиной хвост» (pigtail); спиральный стилет-проводник и вспомогательный полый стилет; запорный кран-переходник, а также адаптер с разъемом Люер-Лок и воронкой для соединения с мочеприемником. \r\nРазмеры комплектующих набора: диаметр катетера составляет СН 6, СН 8, СН 10.  длина 30 см; диаметр иглы 0,95 мм, глубина пункции 12 см; длина вспомогательного стилета – 325 мм; диаметр стилета-проводника 0,028 дюйма, длина 80 см.\r\n', '', 'Катетер нефростомический с набором для установки (двухшаговая техника)', '', ''),
(112, 2, 'Оболочка для восстановления нерва NeuraWrap', '&lt;p class=&quot;MsoNormal&quot;&gt;&lt;span class=&quot;A2&quot;&gt;NeuraWrap&amp;nbsp; способствует концентрации факторов роста в области повреждения и задает направление для регенерации нервных волокон. NeuraWrap является биосовместимым имплантатом, который полностью абсорбируется организмом в ходе метаболизма после завершения процесса восстановления.&lt;/span&gt;&lt;/p&gt;&lt;p class=&quot;MsoNormal&quot;&gt;О компании:&amp;nbsp;&lt;/p&gt;&lt;p&gt;\r\n\r\n\r\n\r\n\r\n\r\n&lt;/p&gt;&lt;p class=&quot;MsoNormal&quot;&gt;Основанная в 1989 году\r\nамериканская компания &lt;span class=&quot;A2&quot;&gt;Integra LifeSciences сегодня является одним из мировых\r\nлидеров в разработке и производстве различных продуктов и инструментов\r\nмедицинского назначения. Основной акцент в своей работе компания делает на\r\nразвитие ортопедии и нейрохирургии. Так, ортопедическая продукция Integra\r\nвключает в себя специализированные металлические имплантаты для восстановления\r\nтравмированных конечностей (стоп и голеностопа, кисти и запястья), плеч,\r\nлоктей, позвоночника, ортобиологическую продукцию для восстановления\r\nцелостности костей, приспособления и имплантаты для регенерации кожи, продукцию\r\nдля &lt;/span&gt;защиты и восстановления сухожилий и периферических нервов, заживления ран.&amp;nbsp;&lt;/p&gt;', 'Представляет собой пластичную коллагеновую трубку-проводник с продольной щелью, благодаря которой имплантат можно легко развернуть для точного размещения на поврежденном участке нерва. NeuraWrap изолирует ткань нерва от окружающих тканей во время активной фазы периода заживления, минимизируя риски врастания и защемления нерва, формирования невромы и образования рубцов. ', '', 'Оболочка для восстановления нерва NeuraWrap', '', ''),
(119, 2, 'Сетка проленовая Gynemesh PS для реконструкции тазового дна 10x15см. 1шт/уп', '&lt;p style=&quot;margin: 0cm 0cm 0.0001pt; background-image: initial; background-attachment: initial; background-size: initial; background-origin: initial; background-clip: initial; background-position: initial; background-repeat: initial;&quot;&gt;Синтетические сетчатые эндопротезы широко применяются в\r\nгинекологической хирургии для реконструкции женского тазового дна при лечении\r\nстрессового недержания мочи и пролапсов различного вида, вызванных повреждениями\r\nсвязок и фасций.&lt;o:p&gt;&lt;/o:p&gt;&lt;/p&gt;&lt;p&gt;\r\n\r\n&lt;/p&gt;&lt;p style=&quot;margin: 0cm 0cm 0.0001pt; background-image: initial; background-attachment: initial; background-size: initial; background-origin: initial; background-clip: initial; background-position: initial; background-repeat: initial;&quot;&gt;&lt;br&gt;&lt;/p&gt;&lt;p style=&quot;margin: 0cm 0cm 0.0001pt; background-image: initial; background-attachment: initial; background-size: initial; background-origin: initial; background-clip: initial; background-position: initial; background-repeat: initial;&quot;&gt;&lt;span style=&quot;font-family: Calibri, sans-serif; line-height: 13.2pt;&quot;&gt;&lt;o:p&gt;&lt;br&gt;&lt;/o:p&gt;&lt;/span&gt;&lt;/p&gt;&lt;p style=&quot;margin: 0cm 0cm 0.0001pt; background-image: initial; background-attachment: initial; background-size: initial; background-origin: initial; background-clip: initial; background-position: initial; background-repeat: initial;&quot;&gt;О компании:&lt;o:p&gt;&lt;/o:p&gt;&lt;/p&gt;&lt;p class=&quot;Pa2&quot;&gt;В прошлом известный изготовитель хирургических шовных материалов, инструментов\r\nи средств для закрытия ран компания Ethicon является дочерним предприятием корпорации\r\nJohnson &amp;amp; Johnson: в 1949 году из подразделения корпорации она превратилась в самостоятельную бизнес-единицу. Сегодня Ethicon осуществляет\r\nдеятельность в 52 странах и насчитывает около 11&amp;nbsp;000 сотрудников.\r\nШтаб-квартира Ethicon находится в Сомервилле (штат Нью-Джерси, США).&lt;o:p&gt;&lt;/o:p&gt;&lt;/p&gt;&lt;p style=&quot;margin: 0cm 0cm 0.0001pt; background-image: initial; background-attachment: initial; background-size: initial; background-origin: initial; background-clip: initial; background-position: initial; background-repeat: initial;&quot;&gt;\r\n\r\n\r\n\r\n&lt;/p&gt;&lt;p class=&quot;MsoNormal&quot; style=&quot;margin-bottom: 0.0001pt; background-image: initial; background-attachment: initial; background-size: initial; background-origin: initial; background-clip: initial; background-position: initial; background-repeat: initial;&quot;&gt;&amp;nbsp;&lt;span style=&quot;font-size: 12pt; line-height: 16.8pt;&quot;&gt;&lt;o:p&gt;&lt;/o:p&gt;&lt;/span&gt;&lt;/p&gt;', 'Мягкий и легкий полипропиленовый сетчатый имплантат Gynemesh PS предназначен для лечения пролапса органов малого таза. Благодаря особому типу сплетения волокон сетка сохраняет эластичность в двух направлениях, что позволяет имплантату адаптироваться к возникающим в организме изменениям. Gynemesh PS не рассасывается под действием тканевых ферментов, не теряет свойств при длительном применении, не доставляет ощущений дискомфорта.  Размер  10х15 см, 1шт/уп.', '', 'Сетка проленовая Gynemesh PS для реконструкции тазового дна 10x15см. 1шт/уп', '', ''),
(134, 2, 'Очиститель для кожи КонваТек Нилтак спрей, 50 мл', '&lt;p class=&quot;MsoNormal&quot;&gt;&amp;nbsp;Действие &lt;span lang=&quot;EN-US&quot;&gt;Niltac&lt;/span&gt;\r\nосновано на свойствах 100% силикона, способного моментально заполнять\r\nпространство между кожей и клеевой пластиной и растворять клеевые поверхности\r\nза считанные секунды, что позволяет снять любое устройство без риска\r\nраздражения или повреждения чувствительных кожных покровов.&amp;nbsp;&lt;/p&gt;&lt;p class=&quot;MsoNormal&quot;&gt;О\r\nкомпании&lt;o:p&gt;&lt;/o:p&gt;&lt;/p&gt;&lt;p&gt;\r\n\r\n\r\n\r\n\r\n\r\n\r\n\r\n&lt;/p&gt;&lt;p class=&quot;MsoNormal&quot;&gt;Английская компания «ConvaTec» работает в сфере производства\r\nмедицинской продукции и технологий без малого 30 лет и является одним из ведущих\r\nпоставщиков продукции по комплексному уходу за стомой и средств для лечения\r\nран. Также занимается производством средств для лечебного, профилактического и\r\nгигиенического ухода за кожей, разрабатывает различные изделия для\r\nиспользования в интенсивной терапии.&amp;nbsp;&lt;/p&gt;', 'Очиститель для кожи («антиклей») Niltac предназначен для  легкого и безболезненного отклеивания пластин моче- и калоприемников, удаления остатков адгезивов и снятия самоклеющихся раневых повязок.  Быстро ликвидирует адгезивы любого типа,  мгновенно высыхает и не оставляет следов. \r\nФорма выпуска – спрей. \r\n', '', 'Очиститель для кожи КонваТек Нилтак спрей, 50 мл', '', ''),
(120, 2, 'Сетка проленовая Gynemesh PS для реконструкции тазового дна  25x25см.  3шт/уп ', '&lt;p style=&quot;margin: 0cm 0cm 0.0001pt; background-image: initial; background-attachment: initial; background-size: initial; background-origin: initial; background-clip: initial; background-position: initial; background-repeat: initial;&quot;&gt;Синтетические сетчатые эндопротезы широко применяются в\r\nгинекологической хирургии для реконструкции женского тазового дна при лечении\r\nстрессового недержания мочи и пролапсов различного вида, вызванных повреждениями\r\nсвязок и фасций. Эндопротезы представляют собой вязаные («трикотажные») полотна\r\nиз тонких монофиламентных полипропиленовых нитей. На размещенной в полости тела\r\nсетке, как на матрице, прорастает новая соединительная ткань, замещая\r\nразорванные связки и фасции и восстанавливая тем самым нормальное положение\r\nорганов малого таза. Конструкция полотна позволяет\r\nвырезать сетку любой формы и размера без разрушения края. &lt;o:p&gt;&lt;/o:p&gt;&lt;/p&gt;&lt;br&gt;&lt;p style=&quot;margin: 0cm 0cm 0.0001pt; background-image: initial; background-attachment: initial; background-size: initial; background-origin: initial; background-clip: initial; background-position: initial; background-repeat: initial;&quot;&gt;&lt;o:p&gt;&amp;nbsp;&lt;/o:p&gt;&lt;/p&gt;&lt;p style=&quot;margin: 0cm 0cm 0.0001pt; background-image: initial; background-attachment: initial; background-size: initial; background-origin: initial; background-clip: initial; background-position: initial; background-repeat: initial;&quot;&gt;О компании:&lt;o:p&gt;&lt;/o:p&gt;&lt;/p&gt;&lt;p class=&quot;Pa2&quot;&gt;В прошлом известный изготовитель хирургических шовных материалов, инструментов\r\nи средств для закрытия ран компания Ethicon является дочерним предприятием корпорации\r\nJohnson &amp;amp; Johnson: в 1949 году из подразделения корпорации она превратилась в самостоятельную бизнес-единицу. Сегодня Ethicon осуществляет\r\nдеятельность в 52 странах и насчитывает около 11&amp;nbsp;000 сотрудников.\r\nШтаб-квартира Ethicon находится в Сомервилле (штат Нью-Джерси, США).&lt;o:p&gt;&lt;/o:p&gt;&lt;/p&gt;&lt;p class=&quot;MsoNormal&quot; style=&quot;margin-bottom: 0.0001pt; background-image: initial; background-attachment: initial; background-size: initial; background-origin: initial; background-clip: initial; background-position: initial; background-repeat: initial;&quot;&gt;&lt;br&gt;&lt;/p&gt;&lt;p&gt;\r\n\r\n\r\n\r\n\r\n\r\n\r\n\r\n\r\n\r\n\r\n\r\n&lt;/p&gt;&lt;p style=&quot;margin: 0cm 0cm 0.0001pt; line-height: 16.8pt; background-image: initial; background-attachment: initial; background-size: initial; background-origin: initial; background-clip: initial; background-position: initial; background-repeat: initial;&quot;&gt;&lt;span style=&quot;font-family:&amp;quot;Calibri&amp;quot;,&amp;quot;sans-serif&amp;quot;;mso-ascii-theme-font:minor-latin;\r\nmso-hansi-theme-font:minor-latin;mso-bidi-theme-font:minor-latin;background:\r\nlightgrey;mso-highlight:lightgrey&quot;&gt;&lt;o:p&gt;&amp;nbsp;&lt;/o:p&gt;&lt;/span&gt;&lt;/p&gt;', 'Мягкий и легкий полипропиленовый сетчатый имплантат Gynemesh PS предназначен для лечения пролапса органов малого таза.Благодаря особому типу сплетения волокон сетка сохраняет эластичность в двух направлениях, что позволяет имплантату адаптироваться к возникающим в организме изменениям. Gynemesh PS не рассасывается под действием тканевых ферментов, не теряет свойств при длительном применении, не доставляет ощущений дискомфорта. Размер 25X25 см.  3шт/уп ', '', 'Сетка проленовая Gynemesh PS для реконструкции тазового дна  в уп 3/шт', '', ''),
(142, 2, 'Самоклеящаяся повязка Mepiform, 5х7,5см. ', '&lt;p class=&quot;MsoNoSpacing&quot;&gt;&lt;span lang=&quot;EN-US&quot;&gt;Mepiform&lt;/span&gt; представляет собой тонкую полиуретановую пластину, выполненную из\r\nпокрытого нетканым материалом полиуретана, с нанесенным на нее слоем мягкого\r\nсиликона. Полиуретановая пластина оказывает компрессионное давление на участок\r\nповрежденной кожи, препятствуя тем самым росту рубцовой ткани за счет\r\nсокращения питающих ее кровеносных сосудов, улучшая и изменяя структуру ткани.\r\nЭто приводит к уменьшению размеров существующего рубца, истончению рубцовой\r\nткани, снижению интенсивности характерного красного цвета рубцов.&lt;/p&gt;&lt;p class=&quot;MsoNoSpacing&quot;&gt;&lt;br&gt;&lt;/p&gt;&lt;p class=&quot;MsoNoSpacing&quot;&gt;&lt;o:p&gt;&lt;/o:p&gt;&lt;/p&gt;&lt;p class=&quot;MsoNormal&quot;&gt;&lt;o:p&gt;&amp;nbsp;&lt;/o:p&gt;&lt;/p&gt;&lt;p class=&quot;MsoNormal&quot;&gt;О\r\nкомпании&lt;o:p&gt;&lt;/o:p&gt;&lt;/p&gt;&lt;p&gt;\r\n\r\n\r\n\r\n\r\n\r\n\r\n\r\n\r\n\r\n\r\n\r\n&lt;/p&gt;&lt;p class=&quot;MsoNormal&quot;&gt;Имя шведской компании &lt;span lang=&quot;EN-US&quot;&gt;M&lt;/span&gt;ö&lt;span lang=&quot;EN-US&quot;&gt;lnlycke&lt;/span&gt;&lt;span lang=&quot;EN-US&quot;&gt; &lt;/span&gt;&lt;span lang=&quot;EN-US&quot;&gt;Health&lt;/span&gt;&lt;span lang=&quot;EN-US&quot;&gt; &lt;/span&gt;&lt;span lang=&quot;EN-US&quot;&gt;Care&lt;/span&gt;, основанной в 1849 году, хорошо известно в мире профессионального\r\nздравоохранения. Компания специализируется на производстве одноразовой\r\nхирургической продукции, перевязочных и фиксирующих материалов, медицинских\r\nустройств и средств для лечения ран, а также продукции по уходу за кожей.\r\nВысококачественный ассортимент &lt;span lang=&quot;EN-US&quot;&gt;M&lt;/span&gt;ö&lt;span lang=&quot;EN-US&quot;&gt;lnlycke&lt;/span&gt;&lt;span lang=&quot;EN-US&quot;&gt; &lt;/span&gt;&lt;span lang=&quot;EN-US&quot;&gt;Health&lt;/span&gt;&lt;span lang=&quot;EN-US&quot;&gt; &lt;/span&gt;&lt;span lang=&quot;EN-US&quot;&gt;Care&lt;/span&gt; включает как множество уникальных, созданных по\r\nзапатентованным технологиям, инновационных эффективных решений, так и широкий\r\nспектр практических, надежных, проверенных временем продуктов.&amp;nbsp;&lt;/p&gt;', 'Самоклеющаяся эластичная, малозаметная для посторонних глаз повязка Mepiform применяется для профилактики образования и лечения интенсивно окрашенных, выступающих над поверхностью кожи гипертрофических и келоидных рубцов, включая как недавно образованные, так и рубцы с большим сроком давности. Использование повязки способствует остановке роста, уменьшению плотности и размера участка рубцовой ткани. Размер  5х7,5 см. 5 шт/уп\r\n', '', 'Самоклеящаяся повязка с покрытием из мягкого силикона нестерильная Mepiform', '', ''),
(132, 2, 'Подгузники для детей Panda, размер Midi, 5-9 кг 48шт', '&lt;p class=&quot;MsoNormal&quot; style=&quot;&quot;&gt;Подгузники марки Panda от польской компании &lt;span lang=&quot;EN-US&quot;&gt;Bella&lt;/span&gt; состоят из внешнего слоя, изготовленного из\r\nвоздухопроницаемого («дышащего») непромокаемого материала, обеспечивающего\r\nнеобходимую циркуляцию воздуха, гипоаллергенной нетканой внутренней\r\nповерхности, быстро распределяющей влагу внутри подгузника и сохраняющей\r\nсухость кожи ребенка, и абсорбирующего слоя. Впитывающий слой представляет\r\nсобой комбинацию целлюлозы и суперабсорбирующего полимера, преобразующего\r\nжидкость в гель. &lt;o:p&gt;&lt;/o:p&gt;&lt;/p&gt;&lt;p class=&quot;1&quot;&gt;&lt;o:p&gt;&amp;nbsp;&lt;/o:p&gt;&lt;/p&gt;&lt;p class=&quot;1&quot;&gt;О\r\nкомпании&lt;o:p&gt;&lt;/o:p&gt;&lt;/p&gt;&lt;p style=&quot;margin: 0cm 0cm 0.0001pt;&quot;&gt;Под маркой &lt;span lang=&quot;EN-US&quot;&gt;Bella&lt;/span&gt;&lt;span lang=&quot;EN-US&quot;&gt; &lt;/span&gt;&lt;span lang=&quot;EN-US&quot;&gt;Baby&lt;/span&gt;&lt;span lang=&quot;EN-US&quot;&gt; &lt;/span&gt;&lt;span lang=&quot;EN-US&quot;&gt;Happy&lt;/span&gt;\r\nпредставлена продукция для ежедневного ухода за маленькими детьми, включающая\r\nнесколько линий гигиенических и косметических средств. Владелец марки –\r\nпольская компания &lt;span lang=&quot;EN-US&quot;&gt;TZMO&lt;/span&gt;&lt;span lang=&quot;EN-US&quot;&gt; &lt;/span&gt;&lt;span lang=&quot;EN-US&quot;&gt;S&lt;/span&gt;.&lt;span lang=&quot;EN-US&quot;&gt;A&lt;/span&gt;.\r\n(Торуньский Завод перевязочных материалов) – является одним из ведущих\r\nевропейских производителей и поставщиком изделий медицинского и гигиенического\r\nназначения на глобальный рынок. Собственный научно-исследовательский центр\r\nкомпании, &lt;span lang=&quot;EN-US&quot;&gt;Tricomed&lt;/span&gt;, сотрудничает с передовыми\r\nнаучными институтами и исследовательскими лабораториями, принимает активное\r\nучастие в решении вопросов в области медицинской инженерии, биотехнологии и\r\nкосметологии; на счету Центра – множество престижных премий и несколько\r\nдесятков патентов на изобретения.&amp;nbsp;&lt;/p&gt;', 'Мягкие детские подгузники Panda Midi от Bella предназначены для детей весом 5-9 кг. Подгузники хорошо впитывают влагу, оставляя кожу ребенка сухой и предотвращая тем самым появление опрелостей. Форма впитывающего вкладыша разработана с учетом детской анатомии, что позволяет подгузнику легко адаптироваться к телу ребенка и делает ношение подгузника максимально комфортным. Panda Midi снабжены надежными застежками-липучками с маркировкой размера и трех уровней плотности застегивания подгузника, имеют эластичные края-«бортики», которые служат дополнительной защитой от протекания. Наличие специального выреза в области пупка способствует быстрому заживлению пупочной раны. Впитываемость подгузника составляет  500 мл.  \r\n', '', 'Подгузники для детей Panda, размер Midi, 5-9 кг 48шт', '', ''),
(124, 2, 'Система для коррекции стрессового недержания мочи у женщин GYNECARE TVT ABBREVO', '&lt;p class=&quot;MsoNormal&quot; style=&quot;margin-bottom: 0.0001pt;&quot;&gt;Установка\r\nпетли &lt;span lang=&quot;EN-US&quot;&gt;TVT&lt;/span&gt;&lt;span lang=&quot;EN-US&quot;&gt; &lt;/span&gt;&lt;span lang=&quot;EN-US&quot;&gt;Abbrevo&lt;/span&gt;&lt;span lang=&quot;EN-US&quot;&gt; &lt;/span&gt;происходит посредством трансобтураторного доступа (ТОТ, или метод\r\n«внутрь-наружу»), который считается более безопасным, чем позадилонный метод,\r\nособенно для пациенток с рецидивным СНМ.&amp;nbsp;&lt;o:p&gt;&lt;/o:p&gt;&lt;/p&gt;&lt;p style=&quot;margin: 0cm 0cm 0.0001pt; background-image: initial; background-attachment: initial; background-size: initial; background-origin: initial; background-clip: initial; background-position: initial; background-repeat: initial;&quot;&gt;&lt;o:p&gt;&amp;nbsp;&lt;/o:p&gt;&lt;/p&gt;&lt;p style=&quot;margin: 0cm 0cm 0.0001pt; background-image: initial; background-attachment: initial; background-size: initial; background-origin: initial; background-clip: initial; background-position: initial; background-repeat: initial;&quot;&gt;О компании:&lt;o:p&gt;&lt;/o:p&gt;&lt;/p&gt;&lt;p class=&quot;Pa2&quot;&gt;В прошлом известный изготовитель хирургических шовных материалов,\r\nинструментов и средств для закрытия ран компания Ethicon является дочерним\r\nпредприятием корпорации Johnson &amp;amp; Johnson: в 1949 году из подразделения\r\nкорпорации она превратилась в самостоятельную\r\nбизнес-единицу. Сегодня Ethicon осуществляет деятельность в 52 странах и насчитывает около\r\n11&amp;nbsp;000 сотрудников. Штаб-квартира Ethicon находится в Сомервилле\r\n(штат Нью-Джерси, США).&lt;o:p&gt;&lt;/o:p&gt;&lt;/p&gt;&lt;p class=&quot;MsoNormal&quot; style=&quot;margin-bottom: 0.0001pt; background-image: initial; background-attachment: initial; background-size: initial; background-origin: initial; background-clip: initial; background-position: initial; background-repeat: initial;&quot;&gt;&lt;br&gt;&lt;/p&gt;&lt;p style=&quot;margin: 0cm 0cm 0.0001pt; line-height: 16.8pt; background-image: initial; background-attachment: initial; background-size: initial; background-origin: initial; background-clip: initial; background-position: initial; background-repeat: initial;&quot;&gt;&lt;span style=&quot;font-family:&amp;quot;Calibri&amp;quot;,&amp;quot;sans-serif&amp;quot;;mso-ascii-theme-font:minor-latin;\r\nmso-hansi-theme-font:minor-latin;mso-bidi-theme-font:minor-latin;background:\r\nlightgrey;mso-highlight:lightgrey&quot;&gt;&lt;o:p&gt;&amp;nbsp;&lt;/o:p&gt;&lt;/span&gt;&lt;/p&gt;&lt;p class=&quot;MsoNormal&quot; style=&quot;margin-bottom:0cm;margin-bottom:.0001pt&quot;&gt;&lt;span style=&quot;font-size:12.0pt;line-height:115%;mso-bidi-font-family:Calibri;\r\nmso-bidi-theme-font:minor-latin;mso-fareast-language:RU&quot;&gt;&lt;o:p&gt;&amp;nbsp;&lt;/o:p&gt;&lt;/span&gt;&lt;/p&gt;&lt;p&gt;\r\n\r\n\r\n\r\n\r\n\r\n\r\n\r\n\r\n\r\n\r\n\r\n\r\n\r\n\r\n\r\n&lt;/p&gt;&lt;p style=&quot;margin: 0cm 0cm 0.0001pt; text-align: justify; line-height: 13.2pt; background-image: initial; background-attachment: initial; background-size: initial; background-origin: initial; background-clip: initial; background-position: initial; background-repeat: initial;&quot;&gt;&lt;strong&gt;&lt;u&gt;&lt;span style=&quot;font-family:&amp;quot;Calibri&amp;quot;,&amp;quot;sans-serif&amp;quot;;\r\nmso-ascii-theme-font:minor-latin;mso-hansi-theme-font:minor-latin;mso-bidi-theme-font:\r\nminor-latin;font-weight:normal;mso-bidi-font-weight:bold&quot;&gt;&amp;nbsp;&lt;/span&gt;&lt;/u&gt;&lt;/strong&gt;&lt;/p&gt;', 'Система Gynecare TVT Abbrevo представляет собой модификацию системы TVT Obturator и предназначена для лечения стрессового недержания мочи у женщин. Обладая всеми преимуществами и идентичной высокой эффективностью TVT Obturator, слинг TVT Abbrevo отличается меньшей длиной – 12 см против 18-19 см у модели TVT Obturator, что позволяет минимизировать риск повреждения приводящих мышц бедра и запирательного нерва, а также проводить операцию с более щадящим рассечением тканей.    ', '', 'Система для коррекции стрессового недержания мочи у женщин GYNECARE TVT ABBREVO', '', ''),
(125, 2, 'Система для коррекции стрессового недержания мочи у женщин GYNECARE TVT EXACT', '&lt;p class=&quot;MsoNormal&quot; style=&quot;margin-bottom: 0.0001pt;&quot;&gt;Комплект\r\nсистемы TVT &lt;span lang=&quot;EN-US&quot;&gt;Exact&lt;/span&gt;&lt;span lang=&quot;EN-US&quot;&gt; &lt;/span&gt;включает\r\nспиралевидные проводники, служащие анатомическими ориентирами для точного\r\nвведения устройства, имплантируемую петлю с чехлами для проводников, и стальной\r\nнаправляющий зонд. &lt;o:p&gt;&lt;/o:p&gt;&lt;/p&gt;&lt;p class=&quot;MsoNormal&quot; style=&quot;margin-bottom: 0.0001pt;&quot;&gt;Операция\r\nпредполагает минимальное рассечение тканей, что, в свою очередь, устраняет\r\nриски интраоперационных инфекционных и геморрагических осложнений, позволяет\r\nизбежать образования грубых рубцов на передней стенке влагалища и сохраняет\r\nполовую и репродуктивную функции. &lt;o:p&gt;&lt;/o:p&gt;&lt;/p&gt;&lt;p style=&quot;margin: 0cm 0cm 0.0001pt; background-image: initial; background-attachment: initial; background-size: initial; background-origin: initial; background-clip: initial; background-position: initial; background-repeat: initial;&quot;&gt;&lt;o:p&gt;&amp;nbsp;&lt;/o:p&gt;&lt;/p&gt;&lt;p style=&quot;margin: 0cm 0cm 0.0001pt; background-image: initial; background-attachment: initial; background-size: initial; background-origin: initial; background-clip: initial; background-position: initial; background-repeat: initial;&quot;&gt;О компании:&lt;o:p&gt;&lt;/o:p&gt;&lt;/p&gt;&lt;p class=&quot;Pa2&quot;&gt;В прошлом известный изготовитель хирургических шовных материалов,\r\nинструментов и средств для закрытия ран компания Ethicon является дочерним\r\nпредприятием корпорации Johnson &amp;amp; Johnson: в 1949 году из подразделения\r\nкорпорации она превратилась в самостоятельную\r\nбизнес-единицу. Сегодня Ethicon осуществляет деятельность в 52 странах и насчитывает около\r\n11&amp;nbsp;000 сотрудников. Штаб-квартира Ethicon находится в Сомервилле\r\n(штат Нью-Джерси, США).&lt;o:p&gt;&lt;/o:p&gt;&lt;/p&gt;&lt;p class=&quot;MsoNormal&quot; style=&quot;margin-bottom: 0.0001pt; background-image: initial; background-attachment: initial; background-size: initial; background-origin: initial; background-clip: initial; background-position: initial; background-repeat: initial;&quot;&gt;&lt;br&gt;&lt;/p&gt;', 'Система Gynecare TVT Exact представляет собой усовершенствованную модификацию самой, пожалуй, известной системы компании Ethicon – Gynecare TVT, которая насчитывает почти 20 лет успешного лечения пациенток с СНМ по всему миру и доказала свою эффективность в более чем 1 миллионе случаев. Установка слинга TVT Exact происходит посредством позадилонного доступа при минимальном инвазивном вмешательстве, дополнительные инструменты, входящие в комплект системы, обеспечивают удобное и безопасное введение слинга, а также его точное размещение. ', '', 'Система для коррекции стрессового недержания мочи у женщин GYNECARE TVT EXACT', '', ''),
(126, 2, 'УроСлинг ', '&lt;p class=&quot;MsoNormal&quot; style=&quot;margin-bottom: 0.0001pt;&quot;&gt;Использование\r\nсвободно располагающихся синтетических петель (слингов) для лечения\r\nнепроизвольного мочеиспускания у женщин является сегодня наиболее\r\nпредпочитаемым методом ввиду своей высокой эффективности и малоинвазивности\r\nпроцедуры по установке петли. &amp;nbsp;&amp;nbsp;&lt;/p&gt;&lt;p class=&quot;MsoNormal&quot; style=&quot;margin-bottom: 0.0001pt;&quot;&gt;&lt;br&gt;&lt;/p&gt;&lt;p class=&quot;MsoNormal&quot; style=&quot;margin-bottom:0cm;margin-bottom:.0001pt&quot;&gt;О компании:&lt;o:p&gt;&lt;/o:p&gt;&lt;/p&gt;\r\n\r\n&lt;p class=&quot;MsoNormal&quot; style=&quot;margin-bottom: 0.0001pt;&quot;&gt;Созданная в\r\n1991 году компания «Линтекс» является одним из лидеров рынка производителей\r\nхирургических материалов и вспомогательных средств. Особое значение компания\r\nпридает научно-исследовательской деятельности, поиску и разработке собственных\r\nинновационных решений. К настоящему времени «Линтекс» владеет 26 патентами РФ\r\nна изобретения, по результатам научных исследований было защищено двадцать\r\nкандидатских и три докторских диссертации. &lt;o:p&gt;&lt;/o:p&gt;&lt;/p&gt;\r\n\r\n&lt;p class=&quot;MsoNormal&quot; style=&quot;margin-bottom: 0.0001pt;&quot;&gt;&lt;br&gt;&lt;strong&gt;&lt;span style=&quot;font-size:12.0pt;\r\nline-height:115%;font-family:&amp;quot;Calibri&amp;quot;,&amp;quot;sans-serif&amp;quot;;mso-ascii-theme-font:minor-latin;\r\nmso-hansi-theme-font:minor-latin;mso-bidi-theme-font:minor-latin;mso-fareast-language:\r\nRU;font-weight:normal&quot;&gt;&lt;o:p&gt;&lt;/o:p&gt;&lt;/span&gt;&lt;/strong&gt;&lt;/p&gt;', 'УроСлинг – мягкий сетчатый эндопротез-лента, предназначенный для лечения стрессового недержания мочи у женщин. Выполнен из двух видов биологически инертных мононитей – полипропилена (ПП) и поливинилденфторида (ПВДФ). Отличительной особенностью УроСлинга является его универсальность: он может имплантироваться как позадилонным, так и трасобтураторным методом. Эндопротез характеризуется высокой биологической инертностью, стабильностью структуры, устойчивостью к инфекции, атравматичностью, быстро прорастает соединительной тканью и надежно прикрепляется к окружающим тканям тела.  ', '', 'УроСлинг ', '', ''),
(122, 2, 'Гель рассасывающийся противоспаечный Intercoat в шприце', '&lt;p class=&quot;MsoNormal&quot; style=&quot;margin-bottom: 0.0001pt;&quot;&gt;&amp;nbsp;Структура геля позволяет депонировать в нем\r\nлекарственные препараты для усиления профилактического и терапевтического\r\nэффектов.&amp;nbsp;Intercoat прост и удобен в применении, не требует повторного введения, не вызывает механического раздражения или аллергических реакций.&lt;o:p&gt;&lt;/o:p&gt;&lt;/p&gt;&lt;br&gt;&lt;p class=&quot;MsoNormal&quot; style=&quot;margin-bottom:0cm;margin-bottom:.0001pt&quot;&gt;&lt;o:p&gt;&amp;nbsp;&lt;/o:p&gt;&lt;/p&gt;&lt;p style=&quot;margin: 0cm 0cm 0.0001pt; background-image: initial; background-attachment: initial; background-size: initial; background-origin: initial; background-clip: initial; background-position: initial; background-repeat: initial;&quot;&gt;О компании:&lt;o:p&gt;&lt;/o:p&gt;&lt;/p&gt;&lt;p class=&quot;Pa2&quot;&gt;Компания Ethicon является дочерним\r\nпредприятием корпорации Johnson &amp;amp; Johnson: в 1949 году из подразделения\r\nкорпорации она превратилась в самостоятельную\r\nбизнес-единицу. Сегодня Ethicon осуществляет деятельность в 52 странах и насчитывает около\r\n11&amp;nbsp;000 сотрудников. Штаб-квартира Ethicon находится в Сомервилле\r\n(штат Нью-Джерси, США).&lt;o:p&gt;&lt;/o:p&gt;&lt;/p&gt;&lt;p&gt;\r\n\r\n\r\n\r\n\r\n\r\n\r\n\r\n\r\n\r\n&lt;/p&gt;&lt;p class=&quot;MsoNormal&quot; style=&quot;margin-bottom: 0.0001pt; background-image: initial; background-attachment: initial; background-size: initial; background-origin: initial; background-clip: initial; background-position: initial; background-repeat: initial;&quot;&gt;Ethicon\r\nспециализируется на разработке инструментов, расходных материалов и медицинских\r\nустройств, повышающих эффективность хирургического лечения в таких областях\r\nмедицины, как общая хирургия, гинекология, пластическая и восстановительная\r\nмедицина, онкология.&lt;/p&gt;', 'Барьер-гель Intercoat предназначен для использования в качестве вспомогательного средства при проведении операций в брюшной полости. Создает надежный и безопасный барьер между органами, препятствуя образованию спаек в послеоперационный период и минимизируя риск рецидивов спаечных болезней. Поставляется в упаковке, включающей два стерильных шприца объемом по 20 мл и канал эндоскопа, через который наносится гель.', '', 'Гель рассасывающийся противоспаечный Intercoat', '', ''),
(127, 2, 'Урофикс ТО ', '&lt;p class=&quot;MsoNormal&quot; style=&quot;margin-bottom: 0.0001pt;&quot;&gt;Эндопротезы\r\nУроСлинг изготавливаются из полипропилена (ПП) и поливинилденфторида (ПВДФ) – моноволоконных\r\nнерассасывающихся материалов, отличающихся превосходной биосовместимостью,\r\nстойкостью к инфекциям, необходимой эластичностью и вместе с тем прочностью.\r\nТехнология производства «Линтекс» исключает попадание в состав эндопротеза\r\nпосторонних химических соединений, что обеспечивает стабильную высокую\r\nбиологическую&amp;nbsp; инертность УроСлинга. Применяемая при\r\nизготовлении УроСлинга двухкоординатная лазерная резка сделала возможным\r\nполучение эндопротезов различной конфигурации с гладким, атравматичным и неосыпаемым краем в виде округлых\r\nзамкнутых петель. Данная особенность позволяет\r\nустанавливать УроСлинг как в позадилонном, так и в трансобтураторном положении\r\nбез специальных защитных чехлов и с помощью любых доступных инструментов, что значительно упростило технологию\r\nимплантации.&lt;o:p&gt;&lt;/o:p&gt;&lt;/p&gt;&lt;br&gt;&lt;p style=&quot;margin: 0cm 0cm 0.0001pt;&quot;&gt;&lt;o:p&gt;&amp;nbsp;&lt;/o:p&gt;&lt;/p&gt;&lt;p class=&quot;MsoNormal&quot; style=&quot;margin-bottom:0cm;margin-bottom:.0001pt&quot;&gt;О компании:&lt;o:p&gt;&lt;/o:p&gt;&lt;/p&gt;&lt;p class=&quot;MsoNormal&quot; style=&quot;margin-bottom: 0.0001pt;&quot;&gt;Созданная в 1991\r\nгоду компания «Линтекс» является одним из лидеров рынка производителей\r\nхирургических материалов и вспомогательных средств. Особое значение компания\r\nпридает научно-исследовательской деятельности, поиску и разработке собственных\r\nинновационных решений. К настоящему времени «Линтекс» владеет 26 патентами РФ\r\nна изобретения, по результатам научных исследований было защищено двадцать\r\nкандидатских и три докторских диссертации. &lt;o:p&gt;&lt;/o:p&gt;&lt;/p&gt;&lt;p class=&quot;MsoNormal&quot; style=&quot;margin-bottom: 0.0001pt;&quot;&gt;&lt;br&gt;&lt;/p&gt;', 'Урофикс ТО – специальный многоразовый инструмент в виде жесткого проводника-иглы, предназначенный для установки эндопротеза УроСлинг в трансобтураторном положении. Конфигурация Урофикс ТО разработана в строгом соответствии с анатомией малого таза, кроме того, инструмент оснащен атравматичными кончиками, минимизирующими риск отклонения от правильной траектории введения инструмента и препятствующими повреждению крупных артериальных стволов. ', '', 'Урофикс ТО ', '', ''),
(128, 2, 'Урофикс ПЛ ', '&lt;p class=&quot;MsoNormal&quot; style=&quot;margin-bottom: 0.0001pt;&quot;&gt;Эндопротезы\r\nУроСлинг изготавливаются из полипропилена (ПП) и поливинилденфторида (ПВДФ) – моноволоконных\r\nнерассасывающихся материалов, отличающихся превосходной биосовместимостью,\r\nстойкостью к инфекциям, необходимой эластичностью и вместе с тем прочностью.&amp;nbsp;&lt;o:p&gt;&lt;/o:p&gt;&lt;/p&gt;&lt;p&gt;\r\n\r\n\r\n\r\n&lt;/p&gt;&lt;p class=&quot;MsoNormal&quot; style=&quot;margin-bottom: 0.0001pt;&quot;&gt;&lt;br&gt;&lt;/p&gt;&lt;p class=&quot;MsoNormal&quot; style=&quot;margin-bottom:0cm;margin-bottom:.0001pt&quot;&gt;О компании:&lt;o:p&gt;&lt;/o:p&gt;&lt;/p&gt;\r\n\r\n&lt;p class=&quot;MsoNormal&quot; style=&quot;margin-bottom: 0.0001pt;&quot;&gt;Созданная в\r\n1991 году компания «Линтекс» является одним из лидеров рынка производителей\r\nхирургических материалов и вспомогательных средств.&amp;nbsp;&lt;o:p&gt;&lt;/o:p&gt;&lt;/p&gt;\r\n\r\n&lt;p class=&quot;MsoNormal&quot; style=&quot;margin-bottom: 0.0001pt;&quot;&gt;Продукция\r\n«Линтекс» включает высокоэффективные полимерные\r\nсетчатые эндопротезы для хирургического лечения и коррекции различных\r\nзаболеваний: грыж живота (герниопластики), стрессового недержания мочи у женщин\r\nи&amp;nbsp;мужчин, пролапсов&amp;nbsp;органов малого таза. Дополняют ассортимент современные шовные\r\nматериалы, средства для профилактики послеоперационного спаечного\r\nпроцесса и лечения «спаечной болезни», биологически активные раневые\r\nпокрытия&amp;nbsp;и другие хирургические материалы.&amp;nbsp;&lt;/p&gt;', 'Урофикс ПЛ – специальный многоразовый инструмент в виде жесткого проводника-иглы, предназначенный для установки эндопротеза УроСлинг в позадилонном положении. Конфигурация Урофикс ПЛ разработана в строгом соответствии с анатомией малого таза, кроме того, инструмент оснащен атравматичными кончиками, минимизирующими риск отклонения от правильной траектории введения инструмента и препятствующими повреждению крупных артериальных стволов.', '', 'Урофикс ПЛ ', '', ''),
(143, 2, 'Самоклеящаяся повязка  для ухода за рубцами, нестерильная. Mepiform, 10х18см.', '&lt;p class=&quot;MsoNoSpacing&quot; style=&quot;font-size: 12px;&quot;&gt;&lt;span lang=&quot;EN-US&quot;&gt;Mepiform&lt;/span&gt;&amp;nbsp;представляет собой тонкую полиуретановую пластину, выполненную из покрытого нетканым материалом полиуретана, с нанесенным на нее слоем мягкого силикона. Полиуретановая пластина оказывает компрессионное давление на участок поврежденной кожи, препятствуя тем самым росту рубцовой ткани за счет сокращения питающих ее кровеносных сосудов, улучшая и изменяя структуру ткани. Это приводит к уменьшению размеров существующего рубца, истончению рубцовой ткани, снижению интенсивности характерного красного цвета рубцов.&lt;/p&gt;&lt;p class=&quot;MsoNoSpacing&quot; style=&quot;font-size: 12px;&quot;&gt;&lt;br&gt;&lt;/p&gt;&lt;p class=&quot;MsoNoSpacing&quot; style=&quot;font-size: 12px;&quot;&gt;&lt;o:p&gt;&lt;/o:p&gt;&lt;/p&gt;&lt;p class=&quot;MsoNormal&quot; style=&quot;font-size: 12px;&quot;&gt;&lt;o:p&gt;&amp;nbsp;&lt;/o:p&gt;&lt;/p&gt;&lt;p class=&quot;MsoNormal&quot; style=&quot;font-size: 12px;&quot;&gt;О компании&lt;o:p&gt;&lt;/o:p&gt;&lt;/p&gt;&lt;p style=&quot;font-size: 12px;&quot;&gt;&lt;/p&gt;&lt;p class=&quot;MsoNormal&quot; style=&quot;font-size: 12px;&quot;&gt;Имя шведской компании&amp;nbsp;&lt;span lang=&quot;EN-US&quot;&gt;M&lt;/span&gt;ö&lt;span lang=&quot;EN-US&quot;&gt;lnlycke&lt;/span&gt;&lt;span lang=&quot;EN-US&quot;&gt;&amp;nbsp;&lt;/span&gt;&lt;span lang=&quot;EN-US&quot;&gt;Health&lt;/span&gt;&lt;span lang=&quot;EN-US&quot;&gt;&amp;nbsp;&lt;/span&gt;&lt;span lang=&quot;EN-US&quot;&gt;Care&lt;/span&gt;, основанной в 1849 году, хорошо известно в мире профессионального здравоохранения. Компания специализируется на производстве одноразовой хирургической продукции, перевязочных и фиксирующих материалов, медицинских устройств и средств для лечения ран, а также продукции по уходу за кожей. Высококачественный ассортимент&amp;nbsp;&lt;span lang=&quot;EN-US&quot;&gt;M&lt;/span&gt;ö&lt;span lang=&quot;EN-US&quot;&gt;lnlycke&lt;/span&gt;&lt;span lang=&quot;EN-US&quot;&gt;&amp;nbsp;&lt;/span&gt;&lt;span lang=&quot;EN-US&quot;&gt;Health&lt;/span&gt;&lt;span lang=&quot;EN-US&quot;&gt;&amp;nbsp;&lt;/span&gt;&lt;span lang=&quot;EN-US&quot;&gt;Care&lt;/span&gt;&amp;nbsp;включает как множество уникальных, созданных по запатентованным технологиям, инновационных эффективных решений, так и широкий спектр практических, надежных, проверенных временем продуктов.&amp;nbsp;&lt;/p&gt;', 'Самоклеющаяся эластичная, малозаметная для посторонних глаз повязка Mepiform применяется для профилактики образования и лечения интенсивно окрашенных, выступающих над поверхностью кожи гипертрофических и келоидных рубцов, включая как недавно образованные, так и рубцы с большим сроком давности. Использование повязки способствует остановке роста, уменьшению плотности и размера участка рубцовой ткани. Размер 10 х18 см  5шт/уп', '', 'Самоклеящаяся повязка с покрытием из мягкого силикона для ухода за рубцами, нестерильная. Mepiform ', '', ''),
(144, 2, 'Раневые покрытия Аквасель Экстра (Гидрофайбер) с серебром, 10х10см. ', '&lt;pre style=&quot;margin: 0cm 0cm 0.0001pt;&quot;&gt;&lt;h4&gt;&lt;/h4&gt;&lt;/pre&gt;&lt;p style=&quot;margin: 0cm 0cm 0.0001pt;&quot;&gt;&lt;br&gt;&lt;/p&gt;&lt;p style=&quot;margin: 0cm 0cm 0.0001pt;&quot;&gt;Повязка &lt;span lang=&quot;EN-US&quot;&gt;Aquacel&lt;/span&gt;&lt;span lang=&quot;EN-US&quot;&gt; &lt;/span&gt;&lt;span lang=&quot;EN-US&quot;&gt;Ag&lt;/span&gt;&lt;span lang=&quot;EN-US&quot;&gt; &lt;/span&gt;&lt;span lang=&quot;EN-US&quot;&gt;Extra&lt;/span&gt; с серебром представляет\r\nсобой прямоугольную пластину, состоящую из двух соединенных между собой слоев\r\nнатрий-карбоксиметилцеллюлозы, прошитых нитями усиленного волокна из регенерированной\r\nцеллюлозы. Прошивка предотвращает растягивания повязки при ношении и\r\nминимизирует ее усадку после впитывания раневого отделяемого.&lt;/p&gt;&lt;p class=&quot;MsoNormal&quot; style=&quot;font-size: 12px;&quot;&gt;&lt;br&gt;&lt;/p&gt;&lt;p class=&quot;MsoNormal&quot; style=&quot;font-size: 12px;&quot;&gt;О компании&lt;o:p&gt;&lt;/o:p&gt;&lt;/p&gt;&lt;p class=&quot;MsoNormal&quot; style=&quot;font-size: 12px;&quot;&gt;Английская компания «ConvaTec» работает в сфере производства медицинской продукции и технологий без малого 30 лет и является одним из ведущих поставщиков продукции по комплексному уходу за стомой и средств для лечения ран. Также занимается производством средств для лечебного, профилактического и гигиенического ухода за кожей, разрабатывает различные изделия для использования в интенсивной терапии. Продукция компании пользуется высоким спросом более чем в 100 странах мира благодаря неукоснительному соблюдению высоких стандартов качества, доказанной клинической эффективности, инновационному подходу к решению самых деликатных медицинских проблем и внимательному отношению к потребностям пациентов.&lt;span style=&quot;font-family: Calibri, sans-serif;&quot;&gt;&lt;o:p&gt;&lt;/o:p&gt;&lt;/span&gt;&lt;/p&gt;&lt;p style=&quot;margin: 0cm 0cm 0.0001pt; font-size: 12px; text-align: justify;&quot;&gt;&lt;/p&gt;&lt;p class=&quot;MsoNormal&quot; style=&quot;font-size: 12px; text-align: justify;&quot;&gt;&lt;span style=&quot;font-family: Calibri, sans-serif; color: black;&quot;&gt;&amp;nbsp;&lt;/span&gt;&lt;/p&gt;&lt;p style=&quot;margin: 0cm 0cm 0.0001pt;&quot;&gt;&lt;br&gt;&lt;/p&gt;\r\n\r\n', 'Мягкая стерильная высокоэффективная повязка Aquacel Ag Extra с серебром предназначена для лечения инфицированных ран, склонных к образованию большого количества экссудата, а также ран с высоким риском инфицирования. Повязка абсорбирует и надежно удерживает раневое отделяемое в специальном гелевом слое, защищает окружающие рану ткани от проникновения бактерий, обеспечивает оптимальную среду для быстрого и безболезненного заживления. Размер 10х10 см. 10 шт/уп\r\n\r\n', '', 'Раневые покрытия Аквасель Экстра (Гидрофайбер) с серебром', '', ''),
(145, 2, 'Раневые покрытия Аквасель Экстра (Гидрофайбер) с серебром, 15х15см ', '&lt;p style=&quot;margin: 0cm 0cm 0.0001pt;&quot;&gt;Прошивка предотвращает растягивания повязки при ношении и\r\nминимизирует ее усадку после впитывания раневого отделяемого.&amp;nbsp;&lt;br&gt; &lt;o:p&gt;&lt;/o:p&gt;Повязки &lt;span lang=&quot;EN-US&quot;&gt;Aquacel&lt;/span&gt;&lt;span lang=&quot;EN-US&quot;&gt; &lt;/span&gt;&lt;span lang=&quot;EN-US&quot;&gt;Ag&lt;/span&gt;&lt;span lang=&quot;EN-US&quot;&gt; &lt;/span&gt;&lt;span lang=&quot;EN-US&quot;&gt;Extra&lt;/span&gt; отличаются\r\nповышенной прочностью и усиленной впитывающей способностью, что делает их\r\nпревосходным перевязочным материалом для ран с большим количеством раневого\r\nотделяемого. Повязки с серебром показаны к применению при терапии\r\nинфицированных ран или ран с высоким риском инфицирования.&amp;nbsp;&lt;o:p&gt;&lt;/o:p&gt;&lt;/p&gt;&lt;p class=&quot;MsoNormal&quot;&gt;&lt;br&gt;&lt;/p&gt;&lt;p class=&quot;MsoNormal&quot;&gt;О\r\nкомпании&lt;o:p&gt;&lt;/o:p&gt;&lt;/p&gt;&lt;p&gt;\r\n\r\n\r\n\r\n\r\n\r\n\r\n\r\n&lt;/p&gt;&lt;p class=&quot;MsoNormal&quot;&gt;Английская компания «ConvaTec» работает в сфере производства\r\nмедицинской продукции и технологий без малого 30 лет и является одним из\r\nведущих поставщиков продукции по комплексному уходу за стомой и средств для\r\nлечения ран. Также занимается производством средств для лечебного,\r\nпрофилактического и гигиенического ухода за кожей, разрабатывает различные\r\nизделия для использования в интенсивной терапии. Продукция компании пользуется\r\nвысоким спросом более чем в 100 странах мира благодаря неукоснительному\r\nсоблюдению высоких стандартов качества, доказанной клинической эффективности,\r\nинновационному подходу к решению самых деликатных медицинских проблем и\r\nвнимательному отношению к потребностям пациентов.&lt;span style=&quot;font-family: Calibri, sans-serif;&quot;&gt;&lt;o:p&gt;&lt;/o:p&gt;&lt;/span&gt;&lt;/p&gt;', 'Мягкая стерильная высокоэффективная повязка Aquacel Ag Extra с серебром предназначена для лечения инфицированных ран, склонных к образованию большого количества экссудата, а также ран с высоким риском инфицирования. Повязка абсорбирует и надежно удерживает раневое отделяемое в специальном гелевом слое, защищает окружающие рану ткани от проникновения бактерий, обеспечивает оптимальную среду для быстрого и безболезненного заживления. Размер 15х15 см 5шт/уп\r\n\r\n', '', 'Раневые покрытия Аквасель Экстра (Гидрофайбер) с серебром', '', '');
INSERT INTO `ts_product_description` (`product_id`, `language_id`, `name`, `description`, `short_description`, `tag`, `meta_title`, `meta_description`, `meta_keyword`) VALUES
(146, 2, 'Раневые покрытия  Аквасель Хирургический (Aquaсel Surgical), 9х25см', '&lt;p style=&quot;margin: 0cm 0cm 0.0001pt;&quot;&gt;Повязка &lt;span lang=&quot;EN-US&quot;&gt;Aquacel&lt;/span&gt;&lt;span lang=&quot;EN-US&quot;&gt; &lt;/span&gt;&lt;span lang=&quot;EN-US&quot;&gt;Burn&lt;/span&gt; представляет собой\r\nпрямоугольную пластину, состоящую из двух соединенных между собой слоев натрий-карбоксиметилцеллюлозы,\r\nпрошитых нейлоновой нитью по всей длине повязки. Прошивка предотвращает\r\nрастягивания повязки при ношении и минимизирует ее усадку после впитывания\r\nраневого отделяемого.&lt;br&gt;&lt;/p&gt;&lt;p class=&quot;MsoNormal&quot; style=&quot;&quot;&gt;&lt;br&gt;&lt;/p&gt;&lt;p class=&quot;MsoNormal&quot; style=&quot;&quot;&gt;О\r\nкомпании&lt;o:p&gt;&lt;/o:p&gt;&lt;/p&gt;&lt;p class=&quot;MsoNormal&quot;&gt;Английская компания «ConvaTec» работает в сфере производства\r\nмедицинской продукции и технологий без малого 30 лет и является одним из\r\nведущих поставщиков продукции по комплексному уходу за стомой и средств для\r\nлечения ран. Также занимается производством средств для лечебного,\r\nпрофилактического и гигиенического ухода за кожей, разрабатывает различные\r\nизделия для использования в интенсивной терапии. Продукция компании пользуется\r\nвысоким спросом более чем в 100 странах мира благодаря неукоснительному\r\nсоблюдению высоких стандартов качества, доказанной клинической эффективности,\r\nинновационному подходу к решению самых деликатных медицинских проблем и\r\nвнимательному отношению к потребностям пациентов.&lt;span style=&quot;font-family: Calibri, sans-serif;&quot;&gt;&lt;o:p&gt;&lt;/o:p&gt;&lt;/span&gt;&lt;/p&gt;&lt;p style=&quot;margin:0cm;margin-bottom:.0001pt;text-align:justify&quot;&gt;\r\n\r\n\r\n\r\n&lt;/p&gt;&lt;p class=&quot;MsoNormal&quot; style=&quot;text-align:justify&quot;&gt;&lt;span style=&quot;font-family:&amp;quot;Calibri&amp;quot;,&amp;quot;sans-serif&amp;quot;;\r\nmso-ascii-theme-font:minor-latin;mso-hansi-theme-font:minor-latin;mso-bidi-theme-font:\r\nminor-latin;color:black&quot;&gt;&amp;nbsp;&lt;/span&gt;&lt;/p&gt;&lt;p style=&quot;margin:0cm;margin-bottom:.0001pt;text-align:justify&quot;&gt;&lt;span style=&quot;font-size: 12pt; font-family: Calibri, sans-serif;&quot;&gt;&lt;o:p&gt;&lt;/o:p&gt;&lt;/span&gt;&lt;/p&gt;&lt;p&gt;\r\n\r\n\r\n\r\n&lt;/p&gt;', 'Аквасель Хирургический - это сочетание  свойств  гидроколлоидной адгезивной основы на   полиуретановой мембране с запатентованной технологией Гидрофайбер. Гидроколлоидная основа- это эластичность и бережная адгезия, Гидрофайбер - микроконтурирование  поверхности раны и  высокая абсорбция. Размер 9х25см.  В уп 10 шт', '', 'Раневые покрытия  Аквасель Хирургический (Aquaсel Surgical)', '', ''),
(147, 2, 'Раневые покрытия  Аквасель Хирургический (Aquaсel Surgical), 9x35 см', '&lt;p style=&quot;margin: 0cm 0cm 0.0001pt;&quot;&gt;Повязка&amp;nbsp;&lt;span lang=&quot;EN-US&quot;&gt;Aquacel&lt;/span&gt;&lt;span lang=&quot;EN-US&quot;&gt;&amp;nbsp;&lt;/span&gt;&lt;span lang=&quot;EN-US&quot;&gt;Burn&lt;/span&gt;&amp;nbsp;представляет собой прямоугольную пластину, состоящую из двух соединенных между собой слоев натрий-карбоксиметилцеллюлозы, прошитых нейлоновой нитью по всей длине повязки. Прошивка предотвращает растягивания повязки при ношении и минимизирует ее усадку после впитывания раневого отделяемого.&lt;br&gt;&lt;br&gt;&lt;/p&gt;&lt;p style=&quot;margin: 0cm 0cm 0.0001pt;&quot;&gt;&lt;br&gt;&lt;/p&gt;&lt;p class=&quot;MsoNormal&quot;&gt;О компании&lt;o:p&gt;&lt;/o:p&gt;&lt;/p&gt;&lt;p class=&quot;MsoNormal&quot;&gt;Английская компания «ConvaTec» работает в сфере производства медицинской продукции и технологий без малого 30 лет и является одним из ведущих поставщиков продукции по комплексному уходу за стомой и средств для лечения ран. Также занимается производством средств для лечебного, профилактического и гигиенического ухода за кожей, разрабатывает различные изделия для использования в интенсивной терапии. Продукция компании пользуется высоким спросом более чем в 100 странах мира благодаря неукоснительному соблюдению высоких стандартов качества, доказанной клинической эффективности, инновационному подходу к решению самых деликатных медицинских проблем и внимательному отношению к потребностям пациентов.&lt;span style=&quot;font-size: 12px; font-family: Calibri, sans-serif;&quot;&gt;&lt;o:p&gt;&lt;/o:p&gt;&lt;/span&gt;&lt;/p&gt;&lt;p style=&quot;margin: 0cm 0cm 0.0001pt; font-size: 12px; text-align: justify;&quot;&gt;&lt;/p&gt;&lt;p class=&quot;MsoNormal&quot; style=&quot;font-size: 12px; text-align: justify;&quot;&gt;&lt;span style=&quot;font-family: Calibri, sans-serif; color: black;&quot;&gt;&amp;nbsp;&lt;/span&gt;&lt;/p&gt;', 'Аквасель Хирургический - это сочетание  свойств  гидроколлоидной адгезивной основы на   полиуретановой мембране с запатентованной технологией Гидрофайбер. Гидроколлоидная основа- это эластичность и бережная адгезия, Гидрофайбер - микроконтурирование  поверхности раны и  высокая абсорбция. Размер 9x35 см.  В уп 10 шт.', '', 'Раневые покрытия  Аквасель Хирургический (Aquaсel Surgical)  ', '', ''),
(149, 2, 'Салфетка &quot;Колетекс с хлоргексидином&quot;', '&lt;p class=&quot;MsoNoSpacing&quot;&gt;&amp;nbsp;Обладающая\r\nпревосходными абсорбирующими свойствами высокопористая структура текстиля\r\nвключает поры макро-, микро-, нано- и ангстремного размеров. Это позволяет\r\nрасполагать на текстильной матрице частицы с различными диаметрами и,\r\nследовательно, использовать депо-материалы для транспортировки широкого спектра\r\nлекарственных и других средств. Гемостатические свойства альгинатов и\r\nцитостатические – хитозана способствуют регенерации тканей, ускоряя процесс\r\nзаживления. Мягкие, отлично прилегающие к любой поверхности тела стерильные депо-материалы\r\nприменяются при лечении бытовых порезов и ожогов, в хирургии для закрытия\r\nпослеоперационных швов, при лечении пролежней; в гинекологии, стоматологии и\r\nонкологии.&lt;/p&gt;&lt;p class=&quot;MsoNoSpacing&quot;&gt;&lt;br&gt;&lt;/p&gt;&lt;p class=&quot;MsoNoSpacing&quot;&gt;О\r\nкомпании&lt;o:p&gt;&lt;/o:p&gt;&lt;/p&gt;&lt;p class=&quot;MsoNormal&quot;&gt;Группа компаний «Колетекс», объединяющая в свое составе &lt;span class=&quot;MsoSubtleEmphasis&quot;&gt;ООО «НПО\r\nТекстильпрогресс», ООО «Колетекс» и ООО «Тексаль»,&lt;/span&gt; занимается\r\nнаучной разработкой, производством и продажей изделий медицинского и\r\nкосметического назначения в общей сложности более 20 лет. Собственная\r\nнаучно-исследовательская лаборатория «Колетекс» осуществляет разработки\r\nсовместно с учеными РАН и РАМН при сохранении тесного сотрудничества с врачами\r\nведущих клиник страны. Уникальность продукции и технологий ГК «Колетекс»\r\nотмечена многочисленными патентами, эффективность изделий неоднократно\r\nподтверждена клиническими испытаниями и длительным опытом практического\r\nприменения. Продукция ГК «Колетекс» успешно используется в онкологии, хирургии,\r\nурологии, офтальмологии, физиотерапии. &lt;span class=&quot;MsoIntenseEmphasis&quot; style=&quot;font-family: Calibri, sans-serif;&quot;&gt;&lt;o:p&gt;&lt;/o:p&gt;&lt;/span&gt;&lt;/p&gt;&lt;p&gt;\r\n\r\n\r\n\r\n\r\n\r\n\r\n\r\n\r\n\r\n\r\n\r\n&lt;/p&gt;&lt;p class=&quot;MsoNormal&quot; style=&quot;text-align:justify&quot;&gt;&lt;b&gt;&lt;u&gt;&lt;span style=&quot;font-family:&amp;quot;Calibri&amp;quot;,&amp;quot;sans-serif&amp;quot;;mso-ascii-theme-font:\r\nminor-latin;mso-hansi-theme-font:minor-latin;mso-bidi-theme-font:minor-latin&quot;&gt;&amp;nbsp;&lt;/span&gt;&lt;/u&gt;&lt;/b&gt;&lt;/p&gt;', 'Стерильные салфетки  «Колетекс СХГ-1» с хлоргексидином предназначены для использования в качестве лечебно-профилактического средства для закрытия и терапии ран, включая инфицированные гранулирующие раны (пролежни, опрелости, трофические язвы), при лечении порезов, трещин. Также применяются при местной терапии гнойно-воспалительных заболеваний, таких как пародонтит и стоматит, при лечении фурункулов, флегмон, вскрытых абсцессов.    \r\nБлагодаря входящему в состав матрицы альгинату натрия салфетки обеспечивают пролонгированный – до 48-72 часов – дозированный выход лекарственного препарата в ткани.  ', '', 'Салфетка &quot;Колетекс с хлоргексидином&quot;', '', ''),
(150, 2, 'Материал гидрогелевый «Колетекс-Бета» с альгинатом натрия, димексидом и интерлейкином–1 бета , 50гр', '&lt;p class=&quot;MsoNoSpacing&quot;&gt;Аппликационные депо-материалы были разработаны для направленного,\r\nограниченного по времени, контролируемого воздействия лечебными средствами в\r\nзаданной концентрации на определенный орган или ткань. Они\r\nпредставляют собой нанесенные на текстильную матрицу композиты из биополимеров\r\n– солей альгиновых кислот или хитозана, – которые содержат лекарственную,\r\nбиологически активную или косметическую составляющую. &amp;nbsp;&lt;/p&gt;&lt;p class=&quot;MsoNoSpacing&quot;&gt;О\r\nкомпании&lt;o:p&gt;&lt;/o:p&gt;&lt;/p&gt;&lt;p&gt;\r\n\r\n\r\n\r\n\r\n\r\n\r\n\r\n&lt;/p&gt;&lt;p class=&quot;MsoNoSpacing&quot;&gt;Группа компаний «Колетекс», объединяющая в свое составе &lt;span class=&quot;MsoSubtleEmphasis&quot;&gt;ООО «НПО Текстильпрогресс»,\r\nООО «Колетекс» и ООО «Тексаль»,&lt;/span&gt; занимается научной разработкой, производством и продажей изделий\r\nмедицинского и косметического назначения в общей сложности более 20 лет. Уникальность продукции и технологий ГК\r\n«Колетекс» отмечена многочисленными патентами, эффективность изделий\r\nнеоднократно подтверждена клиническими испытаниями и длительным опытом\r\nпрактического применения. Продукция ГК «Колетекс» успешно используется в\r\nонкологии, хирургии, урологии, офтальмологии, физиотерапии&lt;b style=&quot;font-family: Calibri, sans-serif;&quot;&gt;&lt;u&gt;&lt;o:p&gt;&lt;/o:p&gt;&lt;/u&gt;&lt;/b&gt;&lt;/p&gt;', 'Материал для комплексного лечения неинфицированных трофических язв и длительно незаживающих ран; папилломовирусной инфекции кожи; рецидивирующего фурункулеза; простого герпеса; риносинуситов; в онкологии для лечения поражений слизистых оболочек и кожи при лучевой терапии опухолей; в гинекологии при лечении генитального герпеса.', '', 'Материал гидрогелевый «Колетекс-Бета» с альгинатом натрия, димексидом и интерлейкином–1 бета', '', ''),
(277, 2, 'DАM+ в шприцах однократного приминения', '&lt;p&gt;&lt;span style=&quot;font-size:11.0pt;line-height:115%;\r\nfont-family:&amp;quot;Calibri&amp;quot;,&amp;quot;sans-serif&amp;quot;;mso-fareast-font-family:Calibri;mso-ansi-language:\r\nRU;mso-fareast-language:EN-US;mso-bidi-language:AR-SA&quot;&gt;Набор для коррекции\r\nнедержания мочи, состоит из: &lt;br&gt;\r\n- шприц вместимостью 3 мл 1шт. &lt;br&gt;\r\n- игла для инъекций 1,2х40&amp;nbsp; - 1шт.&lt;br&gt;\r\n- инструкция по применению – 1шт.&lt;/span&gt;&lt;/p&gt;&lt;p&gt;&lt;br&gt;&lt;/p&gt;&lt;p&gt;О компании&lt;/p&gt;&lt;p&gt;&lt;span style=&quot;color: rgb(51, 51, 51); font-family: Arial, Helvetica, sans-serif; font-size: small; line-height: normal;&quot;&gt;Основным направлением деятельности Научного центра &quot;Биоформ&quot; является разработка, исследование и внедрение новых технологий, способов лечения и препаратов, применяемых в различных областях медицины. Сегодня Научным центром &quot;Биоформ&quot; производятся препараты, применяемые в пластической хирургии, урологии, ортопедии.&lt;/span&gt;&lt;br&gt;&lt;/p&gt;&lt;p&gt;&lt;br&gt;&lt;/p&gt;', 'DAM - водосодержащий биополимер с ионами серебра, применяемый для устранения стрессового недержания мочи. Под местным обезболиванием в пространство вокруг уретры вводится препарат, который поддерживает и сжимает уретру, препятствуя потере мочи. Эта процедура занимает около получаса и позволит надолго забыть об этой проблеме. DAM способен избавить от стрессового недержания мочи в 98% случаев. На сегодняшний день это самая перспективная и щадящая методика коррекции стрессового недержания мочи\r\n', '', 'DАM+ в шприцах однократного приминения', '', ''),
(151, 2, 'Грануфлекс Супертонкий (Granuflex Xthin),  5x20см', '&lt;p class=&quot;MsoNoSpacing&quot; style=&quot;&quot;&gt;&amp;nbsp;Повязка Granuflex Xthin также\r\nпрепятствует проникновению бактерий и вирусов в ткани, включая вирус\r\nиммунодефицита и гепатита и защищает вновь образовавшуюся ткань.\r\nПолупрозрачность внешнего слоя повязки позволяет контролировать состояние раны\r\nи процесс заживления без лишних перевязок. Фиксация и удаление повязки происходят безболезненно, без\r\nповреждения раневого ложа. Повязка Granuflex Xthin обладает &amp;nbsp;пластичной формой, допускающей различные варианты моделирования и размещения,\r\nчто делает повязку удобным перевязочным и лечебным средством для использования\r\nв труднодоступных местах, например, на сгибах суставов, в межпальцевых промежутках,\r\nв области ушных раковин.&amp;nbsp;&lt;/p&gt;&lt;p class=&quot;MsoNoSpacing&quot;&gt;О\r\nкомпании&lt;o:p&gt;&lt;/o:p&gt;&lt;/p&gt;&lt;p&gt;\r\n\r\n\r\n\r\n\r\n\r\n\r\n\r\n&lt;/p&gt;&lt;p class=&quot;MsoNormal&quot;&gt;Группа компаний «Колетекс», объединяющая в свое составе &lt;span class=&quot;MsoSubtleEmphasis&quot;&gt;ООО «НПО\r\nТекстильпрогресс», ООО «Колетекс» и ООО «Тексаль»,&lt;/span&gt; занимается\r\nнаучной разработкой, производством и продажей изделий медицинского и\r\nкосметического назначения в общей сложности более 20 лет. Собственная\r\nнаучно-исследовательская лаборатория «Колетекс» осуществляет разработки\r\nсовместно с учеными РАН и РАМН при сохранении тесного сотрудничества с врачами\r\nведущих клиник страны. Уникальность продукции и технологий ГК «Колетекс»\r\nотмечена многочисленными патентами, эффективность изделий неоднократно\r\nподтверждена клиническими испытаниями и длительным опытом практического\r\nприменения. Продукция ГК «Колетекс» успешно используется в онкологии, хирургии,\r\nурологии, офтальмологии, физиотерапии&lt;b style=&quot;font-family: Calibri, sans-serif;&quot;&gt;&lt;u&gt;&lt;o:p&gt;&lt;/o:p&gt;&lt;/u&gt;&lt;/b&gt;&lt;/p&gt;', 'Супертонкая самоклеящаяся гидроколлоидная повязка Granuflex Xthin является эффективным средством для лечения ран различной этиологии, от потертостей кожи и порезов до трофических язв и пролежней. Надежно защищает раневую область от негативных внешних воздействий, способствуя быстрому и безболезненному заживлению.  Может находиться на ране до 7 суток. \r\n\r\n', '', 'Грануфлекс Супертонкий (Granuflex Xthin)  ', '', ''),
(267, 2, 'Материал гидрогелевый «Колетекс с прополисом», 50гр.', '&lt;p&gt;&lt;p class=&quot;MsoNormal&quot;&gt;Большую роль играет применение гидрогелевого материала\r\n«КОЛЕТЕКС с прополисом» в профилактике и лечении местных лучевых реакций кожи и\r\nслизистых оболочек у онкологических больных, получающих лучевую терапию по\r\nповоду злокачественных опухолей различной локализации (близкофокусную\r\nрентгенотерапию,&amp;nbsp; дистанционную лучевую\r\nтерапию с применением фотонных и электронных пучков излучения, внутриполостную\r\nгамма-терапию).&lt;/p&gt;&lt;p class=&quot;MsoNormal&quot;&gt;&lt;o:p&gt;&lt;/o:p&gt;&lt;/p&gt;О компании&lt;/p&gt;&lt;p&gt;Группа компаний «Колетекс», объединяющая в свое составе ООО «НПО Текстильпрогресс», ООО «Колетекс» и ООО «Тексаль», занимается научной разработкой, производством и продажей изделий медицинского и косметического назначения в общей сложности более 20 лет. Собственная научно-исследовательская лаборатория «Колетекс» осуществляет разработки совместно с учеными РАН и РАМН при сохранении тесного сотрудничества с врачами ведущих клиник страны. Уникальность продукции и технологий ГК «Колетекс» отмечена многочисленными патентами, эффективность изделий неоднократно подтверждена клиническими испытаниями и длительным опытом практического применения.&amp;nbsp;&lt;br&gt;&lt;br&gt;&lt;p&gt;\r\n\r\n\r\n\r\n\r\n\r\n\r\n\r\n\r\n\r\n&lt;/p&gt;&lt;br&gt;&lt;/p&gt;', 'Гидрогелевый материал &quot;Колетекс с прополисом&quot; это лечебное средство антисептического действия для заживления и обезболивания раневых поверхностей полости рта (стоматита, парадонтита), закрытия и лечения инфицированных ран, гнойно-воспалительных заболеваний кожи (трофических язв, пролежней, ожогов, нейродермитов), и так далее.', '', 'Материал гидрогелевый «Колетекс с прополисом»', '', ''),
(152, 2, ' Материал гидрогелевый  «Колетекс-гель-ДНК-Л» с деринатом и лидокаином, 50гр.', '&lt;p class=&quot;MsoNoSpacing&quot; style=&quot;&quot;&gt;Лечебные материалы на\r\nоснове гидрогеля используются при необходимости вводить препарат строго во\r\nвнутренние полости, что делает нецелесообразным применение аппликационных форм\r\nдепо-материалов – пропитанных лекарством салфеток и пластырей.&lt;/p&gt;&lt;p class=&quot;MsoNoSpacing&quot; style=&quot;&quot;&gt;Гидрогелевые материалы «Колегель» выпускаются в тубах, саше-пакетах и шприцах, доставка гидрогеля к патогенным органам и пораженным тканям осуществляется за счет вспомогательных приспособлений (шприцы, клизмы и т.д.). &amp;nbsp;&lt;o:p&gt;&lt;/o:p&gt;&lt;/p&gt;&lt;br&gt;&lt;p class=&quot;MsoNormal&quot;&gt;&lt;br&gt;&lt;/p&gt;&lt;p class=&quot;MsoNormal&quot;&gt;О\r\nкомпании&lt;o:p&gt;&lt;/o:p&gt;&lt;/p&gt;&lt;p&gt;\r\n\r\n\r\n\r\n\r\n\r\n\r\n\r\n\r\n\r\n\r\n\r\n&lt;/p&gt;&lt;p class=&quot;MsoNormal&quot; style=&quot;margin: 3pt 0cm 9pt;&quot;&gt;Группа компаний «Колетекс», объединяющая в свое составе &lt;span class=&quot;MsoSubtleEmphasis&quot;&gt;ООО «НПО\r\nТекстильпрогресс», ООО «Колетекс» и ООО «Тексаль»,&lt;/span&gt; занимается научной разработкой, производством и продажей изделий\r\nмедицинского и косметического назначения в общей сложности более 20 лет.\r\nСобственная научно-исследовательская лаборатория «Колетекс» осуществляет\r\nразработки совместно с учеными РАН и РАМН при сохранении тесного сотрудничества\r\nс врачами ведущих клиник страны. Уникальность продукции и технологий ГК\r\n«Колетекс» отмечена многочисленными патентами, эффективность изделий\r\nнеоднократно подтверждена клиническими испытаниями и длительным опытом\r\nпрактического применения.&amp;nbsp;&lt;/p&gt;', 'Гидрогелевый материал  «Колетекс-АКЛ» с ε-аминокапроновой кислотой и лидокаином предназначен для использования в качестве кровоостанавливающего средства во время оперативных вмешательств и при различных бытовых повреждениях. \r\nГель формирует защитный слой на поверхности раны, предупреждая ее травмирование во время лечебных манипуляций. Местный анестетик лидокаин подавляет проявление болевого синдрома в течение 60-90 минут после получения повреждения (или проведения операции), устраняя потребность в приеме анальгетиков в этот период и снижая тем самым лекарственную нагрузку на организм. Ε-аминокапроновая кислота оказывает гемостатическое и противоаллергическое действие. \r\n', '', ' Материал гидрогелевый «Колетекс-гель-ДНК» с деринатом и «Колетекс-гель-ДНК-Л» с деринатом и лидокаином', '', ''),
(154, 2, 'Трубка трахеостомическая с манжетой.  5шт/уп ', '&lt;p class=&quot;MsoNormal&quot; style=&quot;&quot;&gt;Стандартные т&lt;span style=&quot;background-image: initial; background-attachment: initial; background-size: initial; background-origin: initial; background-clip: initial; background-position: initial; background-repeat: initial;&quot;&gt;рахеостомические\r\nтрубки &lt;/span&gt;&lt;span lang=&quot;EN-US&quot; style=&quot;background-image: initial; background-attachment: initial; background-size: initial; background-origin: initial; background-clip: initial; background-position: initial; background-repeat: initial;&quot;&gt;Unomedical&lt;/span&gt;&lt;span style=&quot;background-image: initial; background-attachment: initial; background-size: initial; background-origin: initial; background-clip: initial; background-position: initial; background-repeat: initial;&quot;&gt; (&lt;/span&gt;&lt;span lang=&quot;EN-US&quot; style=&quot;background-image: initial; background-attachment: initial; background-size: initial; background-origin: initial; background-clip: initial; background-position: initial; background-repeat: initial;&quot;&gt;ConvaTec&lt;/span&gt;&lt;span style=&quot;background-image: initial; background-attachment: initial; background-size: initial; background-origin: initial; background-clip: initial; background-position: initial; background-repeat: initial;&quot;&gt;) производятся из ареактивного термочувствительного полимера – ПВХ.\r\nИзначально жесткий, этот материал упрощает и облегчает процесс интубации, после\r\nчего под действием температуры тела – около 35-38 градусов – приобретает\r\nгибкость и пластичность, позволяя трубке адаптироваться к форме дыхательных\r\nпутей пациента, что значительно снижает риски повреждения слизистой оболочки\r\nтрахеи и окружающих тканей. Прозрачность полимера помогает своевременно\r\nвыявлять и устранять загрязнения трубки. &amp;nbsp;Манжета снабжена ниппельным клапаном для предотвращения\r\nсамопроизвольного сдувания. Индикатором наполнения манжеты служит\r\nчувствительный к изменению ее давления пилотный баллон.&amp;nbsp;&lt;/span&gt;&lt;/p&gt;&lt;p class=&quot;MsoNormal&quot;&gt;О\r\nкомпании&lt;o:p&gt;&lt;/o:p&gt;&lt;/p&gt;&lt;p style=&quot;margin: 0cm 0cm 0.0001pt;&quot;&gt;Дочернее\r\nпредприятие &lt;span lang=&quot;EN-US&quot;&gt;ConvaTec&lt;/span&gt;, компания &lt;span lang=&quot;EN-US&quot;&gt;Unomedical&lt;/span&gt; была основана в 1964 году в Дании под именем &lt;span lang=&quot;EN-US&quot;&gt;PharmaPlast&lt;/span&gt;&lt;span lang=&quot;EN-US&quot;&gt; &lt;/span&gt;&lt;span lang=&quot;EN-US&quot;&gt;DK&lt;/span&gt; и первоначально специализировалась на производстве одноразовых медицинских\r\nшприцев. Одной из первых в мире компания начала применять пластик для своих\r\nразработок. В середине 1980-х &lt;span lang=&quot;EN-US&quot;&gt;Unomedical&lt;/span&gt; занялась выпуском систем для\r\nпереливания инфузионных растворов, используемых при лечении диабета. Доведенная\r\nдо совершенства за 25 лет практического применения технология позволяет\r\nкомпании и сегодня оставаться в лидерах индустрии. &lt;o:p&gt;&lt;/o:p&gt;&lt;/p&gt;&lt;p&gt;\r\n\r\n\r\n\r\n\r\n\r\n\r\n\r\n&lt;/p&gt;&lt;p style=&quot;margin: 0cm 0cm 0.0001pt;&quot;&gt;&lt;br&gt;&lt;/p&gt;', 'Стерильная стандартная трахеостомическая трубка Unomedical изготовлена из термопластичного ПВХ без использования латекса. Обеспечивает поддержание проходимости дыхательных путей, в том числе при искусственной вентиляции легких. Трубка оснащена большой манжетой низкого давления (БОНД), снабжена рентгеноконтрастной полосой, обеспечивающей определение точности установки. \r\n\r\n', '', 'Трубка трахеостомическая с манжетой.  5шт/уп ', '', ''),
(153, 2, 'Система для контролируемого отведения фекальных масс &quot;Флекси-Cил СИГНАЛ плюс&quot;', '&lt;p class=&quot;MsoNormal&quot;&gt;&lt;span style=&quot;background-image: initial; background-attachment: initial; background-size: initial; background-origin: initial; background-clip: initial; background-position: initial; background-repeat: initial;&quot;&gt;Система &lt;/span&gt;&lt;span lang=&quot;EN-US&quot;&gt;Flexi&lt;/span&gt;-&lt;span lang=&quot;EN-US&quot;&gt;Seal&lt;/span&gt;&lt;span lang=&quot;EN-US&quot;&gt;\r\n&lt;/span&gt;&lt;span lang=&quot;EN-US&quot;&gt;SIGNAL&lt;/span&gt;&lt;span lang=&quot;EN-US&quot;&gt; &lt;/span&gt;&lt;span lang=&quot;EN-US&quot;&gt;plus&lt;/span&gt;&lt;span lang=&quot;EN-US&quot; style=&quot;background-image: initial; background-attachment: initial; background-size: initial; background-origin: initial; background-clip: initial; background-position: initial; background-repeat: initial;&quot;&gt; &lt;/span&gt;представляет собой &lt;span style=&quot;background-image: initial; background-attachment: initial; background-size: initial; background-origin: initial; background-clip: initial; background-position: initial; background-repeat: initial;&quot;&gt;гибкий\r\nмягкий силиконовый катетер длиной не более 159 см и до 22 мм в диаметре,\r\nоснащенный герметизирующей манжетой низкого давления и коннектором для присоединения\r\nсборного мешка.&amp;nbsp;&lt;/span&gt;&lt;span style=&quot;font-size: 12px;&quot;&gt;Система &lt;/span&gt;&lt;span lang=&quot;EN-US&quot; style=&quot;font-size: 12px;&quot;&gt;Flexi&lt;/span&gt;&lt;span style=&quot;font-size: 12px;&quot;&gt;-&lt;/span&gt;&lt;span lang=&quot;EN-US&quot; style=&quot;font-size: 12px;&quot;&gt;Seal&lt;/span&gt;&lt;span lang=&quot;EN-US&quot; style=&quot;font-size: 12px;&quot;&gt; &lt;/span&gt;&lt;span lang=&quot;EN-US&quot; style=&quot;font-size: 12px;&quot;&gt;SIGNAL&lt;/span&gt;&lt;span lang=&quot;EN-US&quot; style=&quot;font-size: 12px;&quot;&gt;\r\n&lt;/span&gt;&lt;span lang=&quot;EN-US&quot; style=&quot;font-size: 12px;&quot;&gt;plus&lt;/span&gt;&lt;span lang=&quot;EN-US&quot; style=&quot;font-size: 12px;&quot;&gt; &lt;/span&gt;&lt;span style=&quot;font-size: 12px;&quot;&gt;может быть установлена на период до 29 дней.\r\nСрок годности системы не более 5 лет.&lt;/span&gt;&lt;/p&gt;&lt;p class=&quot;MsoNormal&quot;&gt;&lt;o:p&gt;&lt;/o:p&gt;&lt;/p&gt;&lt;p class=&quot;MsoNormal&quot;&gt;&lt;span style=&quot;background-image: initial; background-attachment: initial; background-size: initial; background-origin: initial; background-clip: initial; background-position: initial; background-repeat: initial;&quot;&gt;&lt;o:p&gt;&amp;nbsp;&lt;/o:p&gt;&lt;/span&gt;&lt;/p&gt;&lt;p class=&quot;MsoNormal&quot;&gt;&lt;span style=&quot;background-image: initial; background-attachment: initial; background-size: initial; background-origin: initial; background-clip: initial; background-position: initial; background-repeat: initial;&quot;&gt;О компании:&lt;o:p&gt;&lt;/o:p&gt;&lt;/span&gt;&lt;/p&gt;&lt;p&gt;\r\n\r\n\r\n\r\n\r\n\r\n\r\n\r\n\r\n\r\n&lt;/p&gt;&lt;p class=&quot;MsoNormal&quot;&gt;Английская компания «ConvaTec» работает в\r\nсфере производства медицинской продукции и технологий без малого 30 лет и\r\nявляется одним из ведущих поставщиков продукции по комплексному уходу за стомой\r\nи средств для лечения ран. Также занимается производством средств для лечебного,\r\nпрофилактического и гигиенического ухода за кожей, разрабатывает различные\r\nизделия для использования в интенсивной терапии.&amp;nbsp;&lt;/p&gt;', 'Система Flexi-Seal SIGNAL plus разработана для ухода за пациентами с недержанием жидкого и полужидкого стула. Система обеспечивает эффективное отведение и надежную герметизацию фекальных масс, что способствует снижению рисков повреждения кожи пациента и предотвращает распространение клостридиальной и иных инфекций. Кроме того, Flexi-Seal SIGNAL plus позволяет осуществлять отбор проб кала через специальный порт без рассоединения системы, а также вводить в прямую кишку лекарственные средства при необходимости. Объем мешка 1000 мл.', '', 'Система для контролируемого отведения фекальных масс &quot;Флекси-Cил СИГНАЛ плюс&quot;', '', ''),
(155, 2, 'Трубка трахеостомическая без манжеты  5шт/уп ', '&lt;p class=&quot;MsoNormal&quot; style=&quot;&quot;&gt;&lt;span style=&quot;font-size: 12px;&quot;&gt;Фенестрированные\r\nтрахеостомические трубки – это трубки с одним или несколькими фонационными\r\nотверстиями, обеспечивающими движение воздуха из легких к голосовым связкам,\r\nчто дает возможность пациенту производить звуки и разговаривать. Наличие\r\nнескольких небольших окошек вместо одного крупного отверстия облегчает контроль\r\nнад процессами еды и слюноотделения и рекомендуется, в частности, пациентам,\r\nиспытывающим трудности с глотанием. Фенестрированные трубки предназначены для\r\nпациентов, находящихся полностью на самостоятельном дыхании, поскольку\r\nприсутствие фонационных отверстий делает такую трубку непригодной для\r\nпроведения искусственной вентиляции легких.&lt;/span&gt;&lt;span style=&quot;font-size: 12px; background-image: initial; background-attachment: initial; background-size: initial; background-origin: initial; background-clip: initial; background-position: initial; background-repeat: initial;&quot;&gt;&amp;nbsp;Возможность смены канюль повышает удобство эксплуатации\r\nтрубки за счет облегчения процедуры ее очистки и замены, увеличивает срок\r\nслужбы изделия, снижает риск развития инфекции.&amp;nbsp;&lt;/span&gt;&lt;/p&gt;&lt;p class=&quot;MsoNoSpacing&quot;&gt;&lt;span style=&quot;background-image: initial; background-attachment: initial; background-size: initial; background-origin: initial; background-clip: initial; background-position: initial; background-repeat: initial;&quot;&gt;&lt;o:p&gt;&amp;nbsp;&lt;/o:p&gt;&lt;/span&gt;&lt;/p&gt;&lt;p class=&quot;MsoNormal&quot;&gt;О\r\nкомпании&lt;o:p&gt;&lt;/o:p&gt;&lt;/p&gt;&lt;p style=&quot;margin: 0cm 0cm 0.0001pt;&quot;&gt;Дочернее\r\nпредприятие &lt;span lang=&quot;EN-US&quot;&gt;ConvaTec&lt;/span&gt;, компания &lt;span lang=&quot;EN-US&quot;&gt;Unomedical&lt;/span&gt; была основана в 1964 году в Дании под именем &lt;span lang=&quot;EN-US&quot;&gt;PharmaPlast&lt;/span&gt;&lt;span lang=&quot;EN-US&quot;&gt; &lt;/span&gt;&lt;span lang=&quot;EN-US&quot;&gt;DK&lt;/span&gt; и первоначально специализировалась на производстве одноразовых\r\nмедицинских шприцев. Одной из первых в мире компания начала применять пластик\r\nдля своих разработок. В середине 1980-х &lt;span lang=&quot;EN-US&quot;&gt;Unomedical&lt;/span&gt; занялась выпуском систем для переливания инфузионных растворов,\r\nиспользуемых при лечении диабета. Доведенная до совершенства за 25 лет\r\nпрактического применения технология позволяет компании и сегодня оставаться в\r\nлидерах индустрии. &lt;o:p&gt;&lt;/o:p&gt;&lt;/p&gt;&lt;p&gt;\r\n\r\n\r\n\r\n\r\n\r\n\r\n\r\n\r\n\r\n\r\n\r\n\r\n\r\n\r\n\r\n&lt;/p&gt;&lt;p style=&quot;margin: 0cm 0cm 0.0001pt;&quot;&gt;&lt;br&gt;&lt;/p&gt;', 'Стерильная фенестрированная трахеостомическая трубка Unomedical без манжеты изготовлена из термопластичного ПВХ без использования латекса. Обеспечивает поддержание проходимости дыхательных путей у пациентов с самостоятельным дыханием, применяется при отучении пациента от аппарата ИВЛ.  Прозрачная внутренняя канюля повышает комфорт использования и увеличивает срок эксплуатации изделия. Трубка снабжена рентгеноконтрастной полосой, обеспечивающей определение точности установки.', '', 'Трубка трахеостомическая без манжеты  5шт/уп ', '', ''),
(156, 2, 'Салфетки влажные очищающие Essential Bath 8 шт/упак', '&lt;p class=&quot;MsoNormal&quot;&gt;Влажные салфетки Essential Bath разработаны\r\nдля осуществления ежедневного гигиенического ухода за кожей тела пациентов,\r\nкоторым по тем или иным причинам не показано обычное мытье в ванне или под\r\nдушем и обтирания влажной губкой. Салфетки выполнены из прочного\r\nвысококачественного нетканого полотна, представляющего собой смесь лиоцелла и\r\nполиэстера.&amp;nbsp;&lt;o:p&gt;&lt;/o:p&gt;&lt;/p&gt;&lt;p class=&quot;MsoNormal&quot;&gt;&lt;o:p&gt;&amp;nbsp;&lt;/o:p&gt;&lt;/p&gt;&lt;p class=&quot;MsoNormal&quot;&gt;О\r\nкомпании&lt;o:p&gt;&lt;/o:p&gt;&lt;/p&gt;&lt;p class=&quot;MsoNormal&quot;&gt;Sage Products LLC – ведущий разработчик\r\nрасходных медицинских продуктов и материалов, предназначенных для профилактики\r\nосложнений, которые могут возникать у пациентов в послеоперационный период, и\r\nвнутрибольничных инфекций. Ассортимент компании включает запатентованные\r\nсредства по уходу за кожей, в том числе у пациентов с недержанием и неподвижных\r\nили маломобильных пациентов; средства гигиены для полости рта, предоперационные\r\nантисептики. Компания владеет шестью брендами, которые удерживают высокие\r\nпозиции по своим областям рынка. Также Sage Products выпускает специальное\r\nоборудование для обеспечения легкого перемещения лежачих больных, способствуя\r\nтем самым снижению числа травм и повреждений опорно-двигательного аппарата у\r\nмедицинского персонала, в частности, медсестер. Инновационные, удобные,\r\nэкономически целесообразные и выгодные решения Sage Products успешно\r\nприменяются в медицинских учреждениях по всему миру.&amp;nbsp;&amp;nbsp; &lt;o:p&gt;&lt;/o:p&gt;&lt;/p&gt;&lt;p&gt;\r\n\r\n\r\n\r\n\r\n\r\n\r\n\r\n&lt;/p&gt;&lt;p class=&quot;MsoNormal&quot;&gt;&lt;br&gt;&lt;/p&gt;', 'Влажные очищающие салфетки Essential Bath предназначены для проведения процедур по очищению кожи без использования воды. Салфетки изготовлены из ультрамягкого нетканого полотна, пропитанного чистящим раствором с добавлением экстракта алое и витамина Е. Гипоаллергенны, не содержат спирта, латекса, отдушек, не вызывают раздражения кожи и могут применяться на любой области тела, включая лицо. Эффективно очищают, увлажняют и смягчают кожу, нейтрализуют неприятные запахи, препятствуют размножению бактерий. \r\n\r\n', '', 'Салфетки влажные очищающие Essential Bath 8 шт/упак', '', ''),
(157, 2, 'Салфетки влажные очищающие Essential Bath  без ароматизатора 8 шт/уп', '&lt;p class=&quot;MsoNormal&quot;&gt;Влажные салфетки Essential Bath разработаны\r\nдля осуществления ежедневного гигиенического ухода за кожей тела пациентов,\r\nкоторым по тем или иным причинам не показано обычное мытье в ванне или под\r\nдушем и обтирания влажной губкой. Салфетки выполнены из прочного\r\nвысококачественного нетканого полотна, представляющего собой смесь лиоцелла и\r\nполиэстера.&amp;nbsp;&lt;/p&gt;&lt;p class=&quot;MsoNormal&quot;&gt;О\r\nкомпании&lt;o:p&gt;&lt;/o:p&gt;&lt;/p&gt;&lt;p class=&quot;MsoNormal&quot;&gt;Sage Products LLC – ведущий разработчик\r\nрасходных медицинских продуктов и материалов, предназначенных для профилактики\r\nосложнений, которые могут возникать у пациентов в послеоперационный период, и\r\nвнутрибольничных инфекций. Ассортимент компании включает запатентованные\r\nсредства по уходу за кожей, в том числе у пациентов с недержанием и неподвижных\r\nили маломобильных пациентов; средства гигиены для полости рта, предоперационные\r\nантисептики. Компания владеет шестью брендами, которые удерживают высокие\r\nпозиции по своим областям рынка. Также Sage Products выпускает специальное\r\nоборудование для обеспечения легкого перемещения лежачих больных, способствуя\r\nтем самым снижению числа травм и повреждений опорно-двигательного аппарата у\r\nмедицинского персонала, в частности, медсестер.&amp;nbsp;&lt;/p&gt;', 'Влажные очищающие салфетки Essential Bath предназначены для проведения процедур по очищению кожи без использования воды. Салфетки гипоаллергенны, не содержат спирта, латекса, отдушек, не вызывают раздражения кожи и могут применяться на любой области тела, включая лицо. Эффективно очищают, увлажняют и смягчают кожу, нейтрализуют неприятные запахи, препятствуют размножению бактерий. \r\n\r\n', '', 'Салфетки влажные очищающие Essential Bath  без ароматизатора со средней массой ', '', ''),
(158, 2, 'Шапочка для мытья головы Comfort Shampoo Cap ', '&lt;p class=&quot;MsoNormal&quot;&gt;&lt;span lang=&quot;EN-US&quot;&gt;Comfort&lt;/span&gt;&lt;span lang=&quot;EN-US&quot;&gt; &lt;/span&gt;&lt;span lang=&quot;EN-US&quot;&gt;Shampoo&lt;/span&gt;&lt;span lang=&quot;EN-US&quot;&gt; &lt;/span&gt;&lt;span lang=&quot;EN-US&quot;&gt;Cap&lt;/span&gt;\r\nпредставляют собой шапочку с эластичным бандажом-резинкой, выполненную из\r\nнетканого полотна на основе лиоцелла и полиэстера, покрытого полиэтиленовой\r\nпленкой. Полотно пропитано специальным раствором мягкого шампуня и\r\nополаскивателя, который превосходно очищает волосы и кожу головы от различных\r\nзагрязнений, устраняет неприятные запахи, увлажняет волосы и успокаивает кожу. &amp;nbsp;подходит как взрослым, так и детям.&amp;nbsp;Перед применением шапочку необходимо разогреть в микроволновой печи до комфортной температуры.&amp;nbsp;&lt;o:p&gt;&lt;/o:p&gt;&lt;/p&gt;&lt;p class=&quot;MsoNormal&quot;&gt;&lt;o:p&gt;&amp;nbsp;&lt;/o:p&gt;&lt;span style=&quot;font-size: 12px;&quot;&gt;О\r\nкомпании&lt;/span&gt;&lt;/p&gt;&lt;p class=&quot;MsoNormal&quot;&gt;&lt;o:p&gt;&lt;/o:p&gt;&lt;/p&gt;&lt;p class=&quot;MsoNormal&quot;&gt;Sage Products LLC – ведущий разработчик\r\nрасходных медицинских продуктов и материалов, предназначенных для профилактики\r\nосложнений, которые могут возникать у пациентов в послеоперационный период, и\r\nвнутрибольничных инфекций. Ассортимент компании включает запатентованные\r\nсредства по уходу за кожей, в том числе у пациентов с недержанием и неподвижных\r\nили маломобильных пациентов; средства гигиены для полости рта, предоперационные\r\nантисептики. Компания владеет шестью брендами, которые удерживают высокие\r\nпозиции по своим областям рынка.&lt;/p&gt;&lt;p&gt;\r\n\r\n\r\n\r\n\r\n\r\n\r\n\r\n\r\n\r\n&lt;/p&gt;&lt;p class=&quot;MsoNormal&quot;&gt;&lt;span style=&quot;font-size:12.0pt;mso-bidi-font-family:Calibri;\r\nmso-bidi-theme-font:minor-latin&quot;&gt;&amp;nbsp;&lt;/span&gt;&lt;/p&gt;', 'Одноразовая шапочка Comfort Shampoo Cap, пропитанная моющим раствором, предназначена для мягкого и быстрого очищения волос и кожи головы без использования воды. Гипоаллергенный раствор представляет собой специально разработанную, pH-сбалансированную смесь шампуня и кондиционера, обеспечивающих деликатное удаление любых типов загрязнения с кожи головы и волос. Не требует ополаскивания; остатки раствора легко удаляются при помощи полотенца. ', '', 'Шапочка для мытья головы Comfort Shampoo Cap ', '', ''),
(159, 2, 'Очищающая пена Menalind professional Reinigungss chaum 400мл', '&lt;p class=&quot;MsoNormal&quot;&gt;Средства серии &lt;span lang=&quot;EN-US&quot;&gt;Menalind&lt;/span&gt;&lt;span lang=&quot;EN-US&quot;&gt; &lt;/span&gt;&lt;span lang=&quot;EN-US&quot;&gt;Professional&lt;/span&gt;\r\nне сушат и не раздражают кожу, поддерживают рН-баланс и подходят для\r\nежедневного использования.&amp;nbsp;Пена Menalind Professional содержит запатентованный высокоэффективный нейтрализатор запахов и креатин, поддерживающий естественные защитные механизмы кожи и повышающий ее упругость.&lt;/p&gt;&lt;p class=&quot;MsoNormal&quot;&gt;&lt;br&gt;&lt;/p&gt;&lt;p class=&quot;MsoNormal&quot;&gt;О компании&lt;o:p&gt;&lt;/o:p&gt;&lt;/p&gt;&lt;p class=&quot;MsoNormal&quot;&gt;Немецкая корпорация &lt;span lang=&quot;EN-US&quot;&gt;Hartmann&lt;/span&gt;&lt;span lang=&quot;EN-US&quot;&gt; &lt;/span&gt;&lt;span lang=&quot;EN-US&quot;&gt;Group&lt;/span&gt; (&lt;span lang=&quot;EN-US&quot;&gt;Paul&lt;/span&gt;&lt;span lang=&quot;EN-US&quot;&gt;\r\n&lt;/span&gt;&lt;span lang=&quot;EN-US&quot;&gt;Hartmann&lt;/span&gt;&lt;span lang=&quot;EN-US&quot;&gt; &lt;/span&gt;&lt;span lang=&quot;EN-US&quot;&gt;AG&lt;/span&gt;)\r\nвходит в число ведущих поставщиков медицинской и гигиенической продукции.\r\nКомпания специализируется на разработке и продаже высокоэффективных средств по\r\nлечению ран, уходу за пациентами, страдающими недержанием, гигиенической и\r\nантисептической продукции для кожи, а также очищающих и обеззараживающих\r\nсредств для хирургов и операционных. Услуги и продукция &lt;span lang=&quot;EN-US&quot;&gt;Hartmann&lt;/span&gt;&lt;span lang=&quot;EN-US&quot;&gt;\r\n&lt;/span&gt;&lt;span lang=&quot;EN-US&quot;&gt;Group&lt;/span&gt;\r\nшироко востребованы в лечебно-профилактических учреждениях, домах престарелых,\r\nхосписах; инновационные, надежные, качественные, простые и удобные в\r\nэксплуатации продукты &lt;span lang=&quot;EN-US&quot;&gt;Paul&lt;/span&gt;&lt;span lang=&quot;EN-US&quot;&gt; &lt;/span&gt;&lt;span lang=&quot;EN-US&quot;&gt;Hartmann&lt;/span&gt; пользуются\r\nбольшим спросом у сотрудников социальных и патронажных служб и всех тех, кто\r\nосуществляет уход за больными на дому. &lt;o:p&gt;&lt;/o:p&gt;&lt;/p&gt;&lt;p&gt;\r\n\r\n\r\n\r\n\r\n\r\n\r\n\r\n&lt;/p&gt;&lt;p class=&quot;MsoNormal&quot;&gt;&lt;br&gt;&lt;/p&gt;', 'Очищающая пена Menalind Professional предназначена для мягкого щадящего очищения кожи без использования воды и мыла. Рекомендована к применению при уходе за лежачими больными и пациентами с проблемой недержания; обеспечивает комфорт в длительных поездках и/или отсутствии возможности принять обычный душ (ванну).  ', '', 'Очищающая пена Menalind professional Reinigungss chaum 0,4л', '', ''),
(160, 2, 'Моющий лосьон Menalind professional 500мл', '&lt;p class=&quot;MsoNormal&quot;&gt;&lt;span lang=&quot;EN-US&quot;&gt;Menalind&lt;/span&gt;&lt;span lang=&quot;EN-US&quot;&gt; &lt;/span&gt;&lt;span lang=&quot;EN-US&quot;&gt;Professional&lt;/span&gt;\r\n– это линия профессиональных гигиенических средств для очищения, защиты,\r\nпитания и увлажнения зрелой, сухой и чувствительной кожи. Лосьон Menalind Professional содержит запатентованный высокоэффективный нейтрализатор запахов, а также пантенол, предохраняющий кожу от иссушения и стимулирующий регенерацию тканей, и миндальное масло, которое активно питает, смягчает и увлажняет кожу.&lt;/p&gt;&lt;p class=&quot;MsoNormal&quot;&gt;О компании&lt;o:p&gt;&lt;/o:p&gt;&lt;/p&gt;&lt;p class=&quot;MsoNormal&quot;&gt;Немецкая корпорация &lt;span lang=&quot;EN-US&quot;&gt;Hartmann&lt;/span&gt;&lt;span lang=&quot;EN-US&quot;&gt; &lt;/span&gt;&lt;span lang=&quot;EN-US&quot;&gt;Group&lt;/span&gt; (&lt;span lang=&quot;EN-US&quot;&gt;Paul&lt;/span&gt;&lt;span lang=&quot;EN-US&quot;&gt;\r\n&lt;/span&gt;&lt;span lang=&quot;EN-US&quot;&gt;Hartmann&lt;/span&gt;&lt;span lang=&quot;EN-US&quot;&gt; &lt;/span&gt;&lt;span lang=&quot;EN-US&quot;&gt;AG&lt;/span&gt;)\r\nвходит в число ведущих поставщиков медицинской и гигиенической продукции.\r\nКомпания специализируется на разработке и продаже высокоэффективных средств по\r\nлечению ран, уходу за пациентами, страдающими недержанием, гигиенической и\r\nантисептической продукции для кожи, а также очищающих и обеззараживающих\r\nсредств для хирургов и операционных. Услуги и продукция &lt;span lang=&quot;EN-US&quot;&gt;Hartmann&lt;/span&gt;&lt;span lang=&quot;EN-US&quot;&gt;\r\n&lt;/span&gt;&lt;span lang=&quot;EN-US&quot;&gt;Group&lt;/span&gt;\r\nшироко востребованы в лечебно-профилактических учреждениях, домах престарелых,\r\nхосписах; инновационные, надежные, качественные, простые и удобные в\r\nэксплуатации продукты &lt;span lang=&quot;EN-US&quot;&gt;Paul&lt;/span&gt;&lt;span lang=&quot;EN-US&quot;&gt; &lt;/span&gt;&lt;span lang=&quot;EN-US&quot;&gt;Hartmann&lt;/span&gt; пользуются\r\nбольшим спросом у сотрудников социальных и патронажных служб и всех тех, кто\r\nосуществляет уход за больными на дому. &lt;o:p&gt;&lt;/o:p&gt;&lt;/p&gt;&lt;p class=&quot;MsoNormal&quot;&gt;&lt;br&gt;&lt;/p&gt;&lt;p&gt;\r\n\r\n\r\n\r\n\r\n\r\n\r\n\r\n\r\n\r\n&lt;/p&gt;&lt;p class=&quot;MsoNormal&quot;&gt;&lt;span style=&quot;font-size:12.0pt;mso-fareast-font-family:&amp;quot;Microsoft YaHei&amp;quot;;\r\nmso-bidi-font-family:Calibri;mso-bidi-theme-font:minor-latin&quot;&gt;&amp;nbsp;&lt;/span&gt;&lt;/p&gt;', 'Моющий лосьон Menalind Professional служит заменой ежедневных водных процедур при уходе за лежачими больными. Обеспечивает бережное, деликатное и при этом тщательное очищение любых загрязнений, устраняет все неприятные запахи и оставляет ощущение свежести.  ', '', 'Моющий лосьон Menalind professional', '', ''),
(161, 2, 'Прозрачный защитный крем без оксида цинка Menalind professional 200мл', '&lt;p class=&quot;MsoNormal&quot;&gt;&lt;span lang=&quot;EN-US&quot;&gt;Menalind&lt;/span&gt;&lt;span lang=&quot;EN-US&quot;&gt; &lt;/span&gt;&lt;span lang=&quot;EN-US&quot;&gt;Professional&lt;/span&gt;\r\n– это линия профессиональных гигиенических средств для очищения, защиты,\r\nпитания и увлажнения зрелой, сухой и чувствительной кожи. Разработана\r\nспециально для обеспечения качественного ухода за кожей пожилых людей, лежачих\r\nбольных и пациентов, страдающих недержанием. Средства серии &lt;span lang=&quot;EN-US&quot;&gt;Menalind&lt;/span&gt;&lt;span lang=&quot;EN-US&quot;&gt; &lt;/span&gt;&lt;span lang=&quot;EN-US&quot;&gt;Professional&lt;/span&gt;\r\nне сушат и не раздражают кожу, поддерживают рН-баланс и подходят для\r\nежедневного использования. Вся продукция дерматологически протестирована, имеет\r\nвысокие показатели клинической эффективности.&lt;o:p&gt;&lt;/o:p&gt;&lt;/p&gt;&lt;p class=&quot;MsoNormal&quot;&gt;&lt;o:p&gt;&amp;nbsp;&lt;/o:p&gt;&lt;/p&gt;&lt;p class=&quot;MsoNormal&quot;&gt;О компании&lt;o:p&gt;&lt;/o:p&gt;&lt;/p&gt;&lt;p class=&quot;MsoNormal&quot;&gt;Немецкая корпорация &lt;span lang=&quot;EN-US&quot;&gt;Hartmann&lt;/span&gt;&lt;span lang=&quot;EN-US&quot;&gt; &lt;/span&gt;&lt;span lang=&quot;EN-US&quot;&gt;Group&lt;/span&gt; (&lt;span lang=&quot;EN-US&quot;&gt;Paul&lt;/span&gt;&lt;span lang=&quot;EN-US&quot;&gt;\r\n&lt;/span&gt;&lt;span lang=&quot;EN-US&quot;&gt;Hartmann&lt;/span&gt;&lt;span lang=&quot;EN-US&quot;&gt; &lt;/span&gt;&lt;span lang=&quot;EN-US&quot;&gt;AG&lt;/span&gt;)\r\nвходит в число ведущих поставщиков медицинской и гигиенической продукции.\r\nКомпания специализируется на разработке и продаже высокоэффективных средств по\r\nлечению ран, уходу за пациентами, страдающими недержанием, гигиенической и\r\nантисептической продукции для кожи, а также очищающих и обеззараживающих\r\nсредств для хирургов и операционных. Услуги и продукция &lt;span lang=&quot;EN-US&quot;&gt;Hartmann&lt;/span&gt;&lt;span lang=&quot;EN-US&quot;&gt;\r\n&lt;/span&gt;&lt;span lang=&quot;EN-US&quot;&gt;Group&lt;/span&gt;\r\nшироко востребованы в лечебно-профилактических учреждениях, домах престарелых,\r\nхосписах; инновационные, надежные, качественные, простые и удобные в\r\nэксплуатации продукты &lt;span lang=&quot;EN-US&quot;&gt;Paul&lt;/span&gt;&lt;span lang=&quot;EN-US&quot;&gt; &lt;/span&gt;&lt;span lang=&quot;EN-US&quot;&gt;Hartmann&lt;/span&gt; пользуются\r\nбольшим спросом у сотрудников социальных и патронажных служб и всех тех, кто\r\nосуществляет уход за больными на дому. &lt;o:p&gt;&lt;/o:p&gt;&lt;/p&gt;&lt;p&gt;\r\n\r\n\r\n\r\n\r\n\r\n\r\n\r\n&lt;/p&gt;&lt;p class=&quot;MsoNormal&quot;&gt;&lt;br&gt;&lt;/p&gt;', 'Прозрачный защитный крем предназначен для ухода за участками кожи, подверженными трению и возникновению пролежней, а также за кожей в области паха, где могут возникать болезненные раздражения и опрелости . Крем образует на поверхности кожи  защитную пленку, которая способствует поддержанию иммунитета кожи, смягчает и успокаивает воспаленную кожу, предотвращает появление опрелостей. ', '', 'Прозрачный защитный крем без оксида цинка Menalind professional ', '', ''),
(162, 2, 'Катетер уретральный лубрицированный для самокатетеризации FloCath Quick', '&lt;p class=&quot;MsoNormal&quot;&gt;Интермиттирующая (периодическая) катетеризация\r\nпредставляет собой метод выведения мочи из мочевого пузыря с помощью\r\nспециального одноразового катетера. Процедура повторяется 4-6 раз в сутки,\r\nкаждый раз необходимо использовать новый стерильный катетер. &lt;o:p&gt;&lt;/o:p&gt;&lt;/p&gt;&lt;p class=&quot;MsoNormal&quot;&gt;Интермиттирующая катетеризация показана пациентам с\r\nхронической задержкой мочи, вызванной неврологическими заболеваниями (например,\r\nтравмой спинного мозга, рассеянным склерозом, миеломенингоцеле), приводящими к\r\nнарушению контроля нервной системы над функцией мочевого пузыря. Имитирующая\r\nобычный акт мочеиспускания процедура отличается относительной безопасностью,\r\nпредотвращает повышение внутреннего давления и предупреждает растяжение верхних\r\nотделов мочевыводящих путей, что позволяет снизить риски развития инфекций.&amp;nbsp;&lt;o:p&gt;&lt;/o:p&gt;&lt;/p&gt;&lt;p class=&quot;MsoNormal&quot;&gt;&lt;span style=&quot;font-size: 12px;&quot;&gt;&lt;br&gt;&lt;/span&gt;&lt;/p&gt;&lt;p class=&quot;MsoNormal&quot;&gt;&lt;span style=&quot;font-size: 12px;&quot;&gt;О компании&lt;/span&gt;&lt;br&gt;&lt;/p&gt;&lt;p class=&quot;MsoNormal&quot;&gt;&lt;o:p&gt;&lt;/o:p&gt;&lt;/p&gt;&lt;p&gt;\r\n\r\n\r\n\r\n\r\n\r\n\r\n\r\n\r\n\r\n\r\n\r\nОснованная в 1885 году\r\nнемецкая компания &lt;span lang=&quot;EN-US&quot;&gt;Rusch&lt;/span&gt; занимается производством широкого спектра\r\nинструментов одноразового и многократного применения, а также сопутствующих\r\nтоваров медицинского назначения для различных процедур инвазивного и\r\nнеинвазивного хирургического вмешательства. Ассортимент компании включает более\r\n10000 наименований, широко использующихся в таких областях медицины, как\r\nанестезиология, урология, гастроэнтерология, реанимация, интенсивная терапия,\r\nотоларингология.&amp;nbsp;&lt;br&gt;&lt;/p&gt;', 'Уретральный одноразовый катетер FloCath Quick предназначен для проведения процедуры мужской интермиттирующей катетеризации. Изготовлен из термопластичного ПВХ со специальным гидрофильным покрытием, обеспечивающим великолепное скольжение и максимально облегчающим установку. ', '', 'Катетер уретральный лубрицированный для самокатетеризации FloCath Quick', '', '');
INSERT INTO `ts_product_description` (`product_id`, `language_id`, `name`, `description`, `short_description`, `tag`, `meta_title`, `meta_description`, `meta_keyword`) VALUES
(192, 2, 'Нутрикомп Диабет ликвид 500 мл, пластиковый контейнер  (1 кКал/мл)', '&lt;p class=&quot;MsoNormal&quot;&gt;Энтеральное\r\nпитание применяется у пациентов, находящихся на искусственном дыхании, у\r\nбольных нервной анорексией, отказывающихся от еды; у пациентов, перенесших\r\nоперацию на желудке или кишечнике и нуждающихся в особой диете, также в ряде\r\nдругих случаев. &lt;o:p&gt;&lt;/o:p&gt;&lt;/p&gt;&lt;p class=&quot;MsoNormal&quot;&gt;&lt;o:p&gt;&amp;nbsp;&lt;/o:p&gt;&lt;/p&gt;&lt;p class=&quot;MsoNormal&quot;&gt;О компании&lt;o:p&gt;&lt;/o:p&gt;&lt;/p&gt;&lt;p class=&quot;MsoNormal&quot;&gt;Крупнейший мировой поставщик в сфере здравоохранения, группа\r\nB. Braun осуществляет свою деятельность в четырех направлениях: оснащение\r\nклиник и больниц, производство продуктов и услуг для хирургии, обеспечение\r\nнадлежащего ухода за пациентами, в том числе на дому, и разработка\r\nэкстракорпоральных методов лечения. Развитием каждого отдельно взятого направления\r\nзанимается специализированное подразделение компании.&lt;o:p&gt;&lt;/o:p&gt;&lt;/p&gt;&lt;p class=&quot;MsoNormal&quot;&gt;Так, подразделение госпитальной продукции (Hospital Care)\r\nпредоставляет лечебно-профилактическим учреждениям и работникам сферы\r\nздравоохранения устройства для проведения инфузий и инъекций, одноразовые\r\nмедицинские изделия, а также широкий спектр продукции для применения в\r\nинтенсивной терапии, отделении неотложной помощи и анестезиологии.&lt;o:p&gt;&lt;/o:p&gt;&lt;/p&gt;&lt;p class=&quot;MsoNormal&quot;&gt;&lt;br&gt;&lt;/p&gt;', 'Жидкая стерильная изокалорическая (1 кКал/мл) смесь, обогащенная пищевыми волокнами, была разработана специально для пациентов с сахарным диабетом, нуждающихся в энтеральном питании. Энтеральное питание назначается пациентам с сохранной функцией желудочно-кишечного тракта, которые не могут питаться надлежащим образом самостоятельно по ряду причин. Так, показаниями к энтеральному питанию являются нарушения глотания, перенесенный инсульт, черепно-мозговые травмы, переломы костей лицевого отдела черепа', '', 'Нутрикомп Диабет ликвид 500 мл, пластиковый контейнер  (1 кКал/мл)', '', ''),
(164, 2, 'Очиститель для кожи КонваТек Нилтак, салфетки 30 шт/уп', '&lt;p class=&quot;MsoNormal&quot; style=&quot;font-size: 12px;&quot;&gt;Средства марки&amp;nbsp;&lt;span lang=&quot;EN-US&quot;&gt;Niltac&lt;/span&gt;&amp;nbsp;разработаны для быстрого и максимально атравматичного удаления сильнодействующих адгезивов. &amp;nbsp;Салфетки&amp;nbsp;&lt;span lang=&quot;EN-US&quot;&gt;Niltac&lt;/span&gt;&amp;nbsp;не содержат спирта, латекса, масел, отдушки или консервантов, являются гипоаллергенными и биосовместимыми, способствуют увлажнению кожи. Очиститель, которыми пропитаны салфетки, быстро испаряется без следа и не препятствует наклеиванию новой пластины.&amp;nbsp;&lt;o:p&gt;&lt;/o:p&gt;&lt;/p&gt;&lt;p class=&quot;MsoNormal&quot; style=&quot;font-size: 12px;&quot;&gt;&lt;o:p&gt;&amp;nbsp;&lt;/o:p&gt;&lt;/p&gt;&lt;p class=&quot;MsoNormal&quot; style=&quot;font-size: 12px;&quot;&gt;О компании&lt;o:p&gt;&lt;/o:p&gt;&lt;/p&gt;&lt;p class=&quot;MsoNormal&quot; style=&quot;font-size: 12px;&quot;&gt;Английская компания «ConvaTec» работает в сфере производства медицинской продукции и технологий без малого 30 лет и является одним из ведущих поставщиков продукции по комплексному уходу за стомой и средств для лечения ран. Также занимается производством средств для лечебного, профилактического и гигиенического ухода за кожей, разрабатывает различные изделия для использования в интенсивной терапии.&amp;nbsp;&lt;/p&gt;', 'Очистительные салфетки («антиклей») для кожи Niltac предназначены для легкого и безболезненного отклеивания пластин моче- и калоприемников, удаления остатков адгезивов и снятия самоклеющихся раневых повязок. Представляют собой основу из смеси вискозы с полиэстером, пропитанную специальным силиконовым составом.\r\n', '', 'Очиститель для кожи КонваТек Нилтак, салфетки 30 шт/уп', '', ''),
(190, 2, ' Нутрикомп Файбер ликвид, 500 мл, пластиковый контейнер  (1 кКал/мл)', '&lt;p class=&quot;MsoNormal&quot;&gt;&amp;nbsp;Энтеральное питание назначается\r\nпациентам с сохранной функцией желудочно-кишечного тракта, которые не могут\r\nпитаться надлежащим образом самостоятельно по ряду причин. Энтеральное\r\nпитание применяется у пациентов, находящихся на искусственном дыхании, у\r\nбольных нервной анорексией, отказывающихся от еды; у пациентов, перенесших\r\nоперацию на желудке или кишечнике и нуждающихся в особой диете, также в ряде\r\nдругих случаев. &lt;o:p&gt;&lt;/o:p&gt;&lt;/p&gt;&lt;p class=&quot;MsoNormal&quot;&gt;&lt;o:p&gt;&amp;nbsp;&lt;/o:p&gt;&lt;/p&gt;&lt;p class=&quot;MsoNormal&quot;&gt;О компании&lt;o:p&gt;&lt;/o:p&gt;&lt;/p&gt;&lt;p class=&quot;MsoNormal&quot;&gt;Крупнейший мировой поставщик в сфере здравоохранения, группа\r\nB. Braun осуществляет свою деятельность в четырех направлениях: оснащение\r\nклиник и больниц, производство продуктов и услуг для хирургии, обеспечение\r\nнадлежащего ухода за пациентами, в том числе на дому, и разработка\r\nэкстракорпоральных методов лечения. Развитием каждого отдельно взятого\r\nнаправления занимается специализированное подразделение компании.&lt;o:p&gt;&lt;/o:p&gt;&lt;/p&gt;&lt;p class=&quot;MsoNormal&quot;&gt;Так, подразделение госпитальной продукции (Hospital Care)\r\nпредоставляет лечебно-профилактическим учреждениям и работникам сферы\r\nздравоохранения устройства для проведения инфузий и инъекций, одноразовые\r\nмедицинские изделия, а также широкий спектр продукции для применения в\r\nинтенсивной терапии, отделении неотложной помощи и анестезиологии.&lt;/p&gt;', 'Энтеральным питанием (ЭП) называется вид дополнительного или лечебного питания специальными смесями, при котором всасывание пищи происходит через слизистую оболочку желудочно-кишечного тракта – перорально с помощью трубочки (сипинг) или посредством зонда, расположенного в желудке (гастральное ЭП) или кишечнике (интестинальное ЭП).\r\n\r\n', '', ' Нутрикомп Файбер ликвид, 500 мл, пластиковый контейнер  (1 кКал/мл)', '', ''),
(191, 2, 'Нутрикомп Энергия Файбер ликвид, 500 мл, пластиковый контейнер (1,5 кКал/мл)', '&lt;p class=&quot;MsoNormal&quot;&gt;&amp;nbsp;Энтеральное питание назначается\r\nпациентам с сохранной функцией желудочно-кишечного тракта, которые не могут\r\nпитаться надлежащим образом самостоятельно по ряду причин. Энтеральное\r\nпитание применяется у пациентов, находящихся на искусственном дыхании, у\r\nбольных нервной анорексией, отказывающихся от еды; у пациентов, перенесших\r\nоперацию на желудке или кишечнике и нуждающихся в особой диете, также в ряде\r\nдругих случаев. &lt;o:p&gt;&lt;/o:p&gt;&lt;/p&gt;&lt;p class=&quot;MsoNormal&quot;&gt;&lt;o:p&gt;&amp;nbsp;&lt;/o:p&gt;&lt;/p&gt;&lt;p class=&quot;MsoNormal&quot;&gt;О компании&lt;o:p&gt;&lt;/o:p&gt;&lt;/p&gt;&lt;p class=&quot;MsoNormal&quot;&gt;Крупнейший мировой поставщик в сфере здравоохранения, группа\r\nB. Braun осуществляет свою деятельность в четырех направлениях: оснащение\r\nклиник и больниц, производство продуктов и услуг для хирургии, обеспечение\r\nнадлежащего ухода за пациентами, в том числе на дому, и разработка\r\nэкстракорпоральных методов лечения. Развитием каждого отдельно взятого направления\r\nзанимается специализированное подразделение компании.&lt;o:p&gt;&lt;/o:p&gt;&lt;/p&gt;&lt;p class=&quot;MsoNormal&quot;&gt;Так, подразделение госпитальной продукции (Hospital Care)\r\nпредоставляет лечебно-профилактическим учреждениям и работникам сферы\r\nздравоохранения устройства для проведения инфузий и инъекций, одноразовые\r\nмедицинские изделия, а также широкий спектр продукции для применения в\r\nинтенсивной терапии, отделении неотложной помощи и анестезиологии.&lt;o:p&gt;&lt;/o:p&gt;&lt;/p&gt;&lt;p class=&quot;MsoNormal&quot;&gt;&lt;br&gt;&lt;/p&gt;', 'Специализированная, гиперкалорическая (1,56 кКал/мл) и гиперпротеиновая (7,5 г белка на 100 мл) жидкая смесь, обогащенная пищевыми волокнами, предназначена для обеспечения энтерального питания при высокой потребности в белке и энергии. Энтеральным питанием (ЭП) называется вид дополнительного или лечебного питания специальными смесями, при котором всасывание пищи происходит через слизистую оболочку желудочно-кишечного тракта – перорально с помощью трубочки (сипинг) или посредством зонда, расположенного в желудке (гастральное ЭП) или кишечнике (интестинальное ЭП).\r\n\r\n', '', 'Нутрикомп Энергия Файбер ликвид, 500 мл, пластиковый контейнер (1,5 кКал/мл)', '', ''),
(189, 2, 'Нутрикомп Стандарт ликвид, 500 мл, пластиковый контейнер (1 кКал/мл)', '&lt;p class=&quot;MsoNormal&quot;&gt;Энтеральное\r\nпитание применяется у пациентов, находящихся на искусственном дыхании, у\r\nбольных нервной анорексией, отказывающихся от еды; у пациентов, перенесших\r\nоперацию на желудке или кишечнике и нуждающихся в особой диете, также в ряде\r\nдругих случаев. &lt;o:p&gt;&lt;/o:p&gt;&lt;/p&gt;&lt;p class=&quot;MsoNormal&quot;&gt;&lt;o:p&gt;&amp;nbsp;&lt;/o:p&gt;&lt;/p&gt;&lt;p class=&quot;MsoNormal&quot;&gt;О компании&lt;o:p&gt;&lt;/o:p&gt;&lt;/p&gt;&lt;p class=&quot;MsoNormal&quot;&gt;Крупнейший мировой поставщик в сфере здравоохранения, группа\r\nB. Braun осуществляет свою деятельность в четырех направлениях: оснащение\r\nклиник и больниц, производство продуктов и услуг для хирургии, обеспечение\r\nнадлежащего ухода за пациентами, в том числе на дому, и разработка\r\nэкстракорпоральных методов лечения. Развитием каждого отдельно взятого\r\nнаправления занимается специализированное подразделение компании.&lt;o:p&gt;&lt;/o:p&gt;&lt;/p&gt;&lt;p class=&quot;MsoNormal&quot;&gt;Так, подразделение госпитальной продукции (Hospital Care)\r\nпредоставляет лечебно-профилактическим учреждениям и работникам сферы\r\nздравоохранения устройства для проведения инфузий и инъекций, одноразовые\r\nмедицинские изделия, а также широкий спектр продукции для применения в\r\nинтенсивной терапии, отделении неотложной помощи и анестезиологии.&lt;o:p&gt;&lt;/o:p&gt;&lt;/p&gt;&lt;p class=&quot;MsoNormal&quot;&gt;&lt;br&gt;&lt;/p&gt;', 'Жидкая стерильная изокалорическая (1 кКал/мл) смесь Nutricomp Standard предназначена для обеспечения сбалансированного энтерального питания. Энтеральное питание назначается пациентам с сохранной функцией желудочно-кишечного тракта, которые не могут питаться надлежащим образом самостоятельно по ряду причин. Так, показаниями к энтеральному питанию являются нарушения глотания, перенесенный инсульт, черепно-мозговые травмы, переломы костей лицевого отдела черепа\r\n', '', 'Нутрикомп Стандарт ликвид, 500 мл, пластиковый контейнер (1 кКал/мл)', '', ''),
(167, 2, 'Матрас противопролежневый Orthoforma с компрессором, ячеистый', '&lt;p style=&quot;margin: 0cm 0cm 0.0001pt;&quot;&gt;&lt;span style=&quot;font-size: 12px; border: 1pt none windowtext; padding: 0cm;&quot;&gt;Основная функция противопролежневых матрасов –\r\nобеспечивать уменьшение давления тела пациента на кровать в течение всего\r\nпериода постельного режима. К полотну матраса, состоящему из воздушных камер\r\n(ячеек), подключен компрессор, который попеременно по шахматной схеме\r\nнакачивает камеры воздухом с интервалом в шесть минут. &amp;nbsp;&lt;/span&gt;&lt;span style=&quot;font-size: 12px;&quot;&gt;Массажный эффект противопролежневых матрасов Orthoforma позволяет с\r\nуспехом применять их при лечении и профилактике заболеваний и травм\r\nпозвоночника, реабилитации после некоторых операций, для снятия стресса и уменьшения\r\nнапряжения в мышцах&lt;/span&gt;&lt;br&gt;&lt;/p&gt;', 'Противопролежневый ячеистый матрас Orthoforma предназначен для предупреждения возникновения трофических нарушений мягких тканей (пролежней) у пациентов, находящихся на длительном постельном режиме; также применяется при лечении травм и заболеваний опорно-двигательного аппарата и показан в качестве профилактического средства при деятельности, связанной с постоянными нагрузками на позвоночник.  Размер 200х90х11 см', '', 'Матрас противопролежневый Orthoforma с компрессором, ячеистый', '', ''),
(168, 2, 'Чулки противоэмболические ', '&lt;p style=&quot;margin: 0cm 0cm 0.0001pt; background-image: initial; background-attachment: initial; background-size: initial; background-origin: initial; background-clip: initial; background-position: initial; background-repeat: initial;&quot;&gt;Противоэмболические (компрессионные) чулки представляют собой\r\nразновидность медицинского трикотажа, обладающего компрессионными свойствами и\r\nпредназначенного для профилактики и лечения варикозного расширения вен. &lt;o:p&gt;&lt;/o:p&gt;&lt;/p&gt;&lt;p style=&quot;margin: 0cm 0cm 0.0001pt; background-image: initial; background-attachment: initial; background-size: initial; background-origin: initial; background-clip: initial; background-position: initial; background-repeat: initial;&quot;&gt;Основная задача компрессионных чулок – восстановить правильный ток\r\nвенозной крови за счет распределения силы давления на различных участках ног. &amp;nbsp;Выбор того или иного\r\nкласса компрессии обычно определяется лечащим врачом с учетом выраженности\r\nзаболевания. &amp;nbsp;&lt;span style=&quot;font-size: 12px;&quot;&gt;Изделия\r\n&lt;/span&gt;&lt;span lang=&quot;ES&quot; style=&quot;font-size: 12px;&quot;&gt;Ergoforma&lt;/span&gt;&lt;span lang=&quot;ES&quot; style=&quot;font-size: 12px;&quot;&gt; &lt;/span&gt;&lt;span style=&quot;font-size: 12px;&quot;&gt;отличаются высоким качеством, надежностью и эффективностью,\r\nсохраняют свои лечебные свойства в течение шести месяцев при многочасовом\r\nежедневном использовании.&lt;/span&gt;&lt;/p&gt;&lt;p style=&quot;margin: 0cm 0cm 0.0001pt; background-image: initial; background-attachment: initial; background-size: initial; background-origin: initial; background-clip: initial; background-position: initial; background-repeat: initial;&quot;&gt;&lt;o:p&gt;&lt;/o:p&gt;&lt;/p&gt;&lt;p style=&quot;margin: 0cm 0cm 0.0001pt; background-image: initial; background-attachment: initial; background-size: initial; background-origin: initial; background-clip: initial; background-position: initial; background-repeat: initial;&quot;&gt;&lt;span lang=&quot;EN-US&quot;&gt;&lt;o:p&gt;&amp;nbsp;&lt;/o:p&gt;&lt;/span&gt;&lt;/p&gt;&lt;p style=&quot;margin: 0cm 0cm 0.0001pt; background-image: initial; background-attachment: initial; background-size: initial; background-origin: initial; background-clip: initial; background-position: initial; background-repeat: initial;&quot;&gt;О\r\nкомпании&lt;o:p&gt;&lt;/o:p&gt;&lt;/p&gt;&lt;p class=&quot;MsoNormal&quot;&gt;Основанная в 1964 году итальянская компания &lt;span lang=&quot;ES&quot;&gt;Calze&lt;/span&gt;&lt;span lang=&quot;ES&quot;&gt; &lt;/span&gt;&lt;span lang=&quot;ES&quot;&gt;Olona&lt;/span&gt;&lt;span lang=&quot;ES&quot;&gt; &lt;/span&gt;&lt;span lang=&quot;ES&quot;&gt;S&lt;/span&gt;.&lt;span lang=&quot;ES&quot;&gt;r&lt;/span&gt;.&lt;span lang=&quot;ES&quot;&gt;l&lt;/span&gt;. специализируется на производстве медицинского\r\nтрикотажа с градуированной компрессией, разработанного для профилактики и\r\nлечения варикозных болезней вен нижних конечностей. Ассортимент изделий\r\nвключает колготки (в том числе для беременных), чулки длиной до бедра, мужские\r\nи женские чулки-гольфы с компрессионными значениями от 7-9 мм рт. ст. до 30 мм\r\nрт. ст. Компрессионный трикотаж &lt;span lang=&quot;ES&quot;&gt;Calze&lt;/span&gt;&lt;span lang=&quot;ES&quot;&gt; &lt;/span&gt;&lt;span lang=&quot;ES&quot;&gt;Olona&lt;/span&gt; показан как при\r\nпервых признаках нарушений венозного кровообращения, так и на более поздних\r\nстадиях заболевания в качестве дополнительного средства, сопровождающего\r\nмедикаментозную терапию. &lt;o:p&gt;&lt;/o:p&gt;&lt;/p&gt;&lt;p class=&quot;MsoNormal&quot;&gt;В России продукция Calze Olona известна под торговой маркой E&lt;span lang=&quot;EN-US&quot;&gt;rgoforma&lt;/span&gt;. &lt;o:p&gt;&lt;/o:p&gt;&lt;/p&gt;&lt;p&gt;\r\n\r\n\r\n\r\n\r\n\r\n\r\n\r\n\r\n\r\n\r\n\r\n\r\n\r\n\r\n\r\n\r\n\r\n\r\n\r\n\r\n\r\n&lt;/p&gt;&lt;p style=&quot;margin: 0cm 0cm 0.0001pt; background-image: initial; background-attachment: initial; background-size: initial; background-origin: initial; background-clip: initial; background-position: initial; background-repeat: initial;&quot;&gt;&amp;nbsp;&lt;/p&gt;', 'Противоэмболические чулки Ergoforma 1-го и 2-го классов 3-й класс компрессии применяются для профилактики и лечения варикозного расширения вен. Изготовлены из высококачественного синтетического полотна – смеси волокон полиамида и эластана, - обеспечивающего градуированное давление на венозные стенки, необходимое для нормализации кровотока и защиты вен от растяжения. Ношение компрессионных чулок способствуют уменьшению отеков ног, снятию ощущения тяжести, позволяют снизить риски возникновения тромбоза вен.  Цвет чулок – белый. \r\n', '', 'Чулки противоэмболические ', '', ''),
(169, 2, 'Пеленка впитывающая 40х60см /800 мл   30 шт/упак', '&lt;p class=&quot;1&quot; style=&quot;&quot;&gt;Пеленки\r\nпредотвращают возникновение раздражений и воспалений на коже пациента,\r\nоблегчают проведение гигиенических и иных процедур при уходе за лежачими\r\nбольными.&lt;/p&gt;&lt;p class=&quot;1&quot; style=&quot;&quot;&gt;&lt;o:p&gt;&lt;/o:p&gt;&lt;/p&gt;Пеленки используются при уходе за лежачими больными и пациентами, которым показан постельный режим на период послеоперационного восстановления.&amp;nbsp;&lt;br&gt;&lt;p class=&quot;1&quot;&gt;&lt;o:p&gt;&amp;nbsp;&lt;/o:p&gt;&lt;/p&gt;&lt;p class=&quot;MsoNormal&quot; style=&quot;background-image: initial; background-attachment: initial; background-size: initial; background-origin: initial; background-clip: initial; background-position: initial; background-repeat: initial;&quot;&gt;&lt;span style=&quot;background-image: initial; background-attachment: initial; background-size: initial; background-origin: initial; background-clip: initial; background-position: initial; background-repeat: initial;&quot;&gt;О компании&lt;o:p&gt;&lt;/o:p&gt;&lt;/span&gt;&lt;/p&gt;&lt;p class=&quot;MsoNormal&quot;&gt;Продукция марки высококачественных\r\nгигиенических впитывающих изделий &lt;span lang=&quot;EN-US&quot;&gt;Luxsan&lt;/span&gt;&lt;span lang=&quot;EN-US&quot;&gt; &lt;/span&gt;производится ООО «Интертекс» по\r\nлицензии западных компаний с 2011 года и объединяет четыре направления: линию\r\nгигиены для взрослых, женскую линию, детские впитывающие изделия и широкую\r\nлинейку гигиенических продуктов для домашних питомцев, включающую&amp;nbsp; подгузники, коврики, влажные салфетки и\r\nсамофиксирующиеся бинты с горькой пропиткой. &lt;span style=&quot;font-size: 12pt;&quot;&gt;&lt;o:p&gt;&lt;/o:p&gt;&lt;/span&gt;&lt;/p&gt;&lt;p&gt;\r\n\r\n\r\n\r\n\r\n\r\n\r\n\r\n\r\n\r\n&lt;/p&gt;&lt;p class=&quot;MsoNormal&quot;&gt;&lt;span style=&quot;font-size: 12pt; color: black; background-image: initial; background-attachment: initial; background-size: initial; background-origin: initial; background-clip: initial; background-position: initial; background-repeat: initial;&quot;&gt;&lt;o:p&gt;&amp;nbsp;&lt;/o:p&gt;&lt;/span&gt;&lt;/p&gt;', 'Одноразовые впитывающие пеленки производятся из 100% натуральных материалов, имеют мягкий, приятный на ощупь верхний слой. Пеленки быстро впитывают влагу, надежно защищают от протекания, хорошо удерживают форму, предотвращают появление неприятного запаха. \r\nРазмер пеленки 40х60 см, впитываемость 800 мл.\r\n', '', 'Пеленка впитывающая 40х60см /800 мл ', '', ''),
(170, 2, 'Пеленка впитывающая 60х60см /1100 мл  30шт/упак ', '&lt;p class=&quot;1&quot; style=&quot;&quot;&gt;Пеленки\r\nпредотвращают возникновение раздражений и воспалений на коже пациента,\r\nоблегчают проведение гигиенических и иных процедур при уходе за лежачими\r\nбольными.&lt;o:p&gt;&lt;/o:p&gt;&lt;/p&gt;&lt;p class=&quot;1&quot;&gt;&lt;br&gt;&lt;/p&gt;&lt;p class=&quot;MsoNormal&quot; style=&quot;background-image: initial; background-attachment: initial; background-size: initial; background-origin: initial; background-clip: initial; background-position: initial; background-repeat: initial;&quot;&gt;&lt;span style=&quot;background-image: initial; background-attachment: initial; background-size: initial; background-origin: initial; background-clip: initial; background-position: initial; background-repeat: initial;&quot;&gt;О компании&lt;o:p&gt;&lt;/o:p&gt;&lt;/span&gt;&lt;/p&gt;&lt;p&gt;\r\n\r\n\r\n\r\n\r\n\r\n\r\n\r\n&lt;/p&gt;&lt;p class=&quot;MsoNormal&quot;&gt;Продукция марки высококачественных\r\nгигиенических впитывающих изделий &lt;span lang=&quot;EN-US&quot;&gt;Luxsan&lt;/span&gt;&lt;span lang=&quot;EN-US&quot;&gt; &lt;/span&gt;производится ООО «Интертекс» по\r\nлицензии западных компаний с 2011 года и объединяет четыре направления: линию\r\nгигиены для взрослых, женскую линию, детские впитывающие изделия и широкую\r\nлинейку гигиенических продуктов для домашних питомцев, включающую&amp;nbsp; подгузники, коврики, влажные салфетки и\r\nсамофиксирующиеся бинты с горькой пропитко&lt;span style=&quot;font-size:12.0pt;mso-bidi-font-family:\r\nCalibri;mso-bidi-theme-font:minor-latin&quot;&gt;й.&amp;nbsp;&lt;o:p&gt;&lt;/o:p&gt;&lt;/span&gt;&lt;/p&gt;', 'Одноразовые впитывающие пеленки производятся из 100% натуральных материалов, имеют мягкий, приятный на ощупь верхний слой. Пеленки быстро впитывают влагу, надежно защищают от протекания, хорошо удерживают форму, предотвращают появление неприятного запаха. Упакованы в стерильный крафт-пакет, открывающийся без помощи ножниц.\r\nРазмер пеленки 60х60 см, впитываемость 1100 мл.\r\n', '', 'Пеленка впитывающая 60х60см /1100 мл', '', ''),
(171, 2, 'Пеленка впитывающая 60х90см /1500 мл   30 шт/упак', '&lt;p class=&quot;1&quot; style=&quot;&quot;&gt;Пеленки\r\nпредотвращают возникновение раздражений и воспалений на коже пациента,\r\nоблегчают проведение гигиенических и иных процедур при уходе за лежачими\r\nбольными.&lt;/p&gt;&lt;p class=&quot;1&quot; style=&quot;&quot;&gt;&lt;o:p&gt;&lt;/o:p&gt;&lt;/p&gt;&lt;p class=&quot;MsoNormal&quot; style=&quot;background-image: initial; background-attachment: initial; background-size: initial; background-origin: initial; background-clip: initial; background-position: initial; background-repeat: initial;&quot;&gt;&lt;span style=&quot;background-image: initial; background-attachment: initial; background-size: initial; background-origin: initial; background-clip: initial; background-position: initial; background-repeat: initial;&quot;&gt;&lt;o:p&gt;Пеленки используются при уходе за лежачими больными и пациентами, которым показан постельный режим на период послеоперационного восстановления.&amp;nbsp;&amp;nbsp;&lt;/o:p&gt;&lt;/span&gt;&lt;/p&gt;&lt;p class=&quot;MsoNormal&quot; style=&quot;background-image: initial; background-attachment: initial; background-size: initial; background-origin: initial; background-clip: initial; background-position: initial; background-repeat: initial;&quot;&gt;&lt;span style=&quot;background-image: initial; background-attachment: initial; background-size: initial; background-origin: initial; background-clip: initial; background-position: initial; background-repeat: initial;&quot;&gt;О компании&lt;o:p&gt;&lt;/o:p&gt;&lt;/span&gt;&lt;/p&gt;&lt;p class=&quot;MsoNormal&quot;&gt;Продукция марки высококачественных\r\nгигиенических впитывающих изделий &lt;span lang=&quot;EN-US&quot;&gt;Luxsan&lt;/span&gt;&lt;span lang=&quot;EN-US&quot;&gt; &lt;/span&gt;производится ООО «Интертекс» по\r\nлицензии западных компаний с 2011 года и объединяет четыре направления: линию\r\nгигиены для взрослых, женскую линию, детские впитывающие изделия и широкую\r\nлинейку гигиенических продуктов для домашних питомцев, включающую&amp;nbsp; подгузники, коврики, влажные салфетки и\r\nсамофиксирующиеся бинты с горькой пропиткой. &lt;o:p&gt;&lt;/o:p&gt;&lt;/p&gt;&lt;p&gt;\r\n\r\n\r\n\r\n\r\n\r\n\r\n\r\n\r\n\r\n&lt;/p&gt;&lt;p class=&quot;MsoNormal&quot;&gt;&amp;nbsp;&lt;/p&gt;', 'Одноразовые впитывающие пеленки производятся из 100% натуральных материалов, имеют мягкий, приятный на ощупь верхний слой. Пеленки быстро впитывают влагу, надежно защищают от протекания, хорошо удерживают форму, предотвращают появление неприятного запаха. Упакованы в стерильный крафт-пакет, открывающийся без помощи ножниц.\r\nРазмер пеленки 60х90 см, впитываемость 1500 мл.\r\n', '', 'Пеленка впитывающая 60х90см /1500 мл', '', ''),
(172, 2, 'Материалы перевязочные впитывающие Vliwaktiv 20 шт/уп', '&lt;p class=&quot;MsoNormal&quot;&gt;Раневая повязка &lt;span lang=&quot;EN-US&quot;&gt;Vliwaktiv&lt;/span&gt; представляет\r\nсобой комбинированный трехслойный перевязочный материал, применяемый при\r\nлечении ран определенного типа. Слой, прилегающий к ране, изготовлен из\r\nвоздухопроницаемого нетканого материала, обеспечивающего быстрое проведение\r\nэкссудата во внутренний впитывающий слой, содержащий активированный уголь.\r\nАбсорбирующий слой эффективно поглощает раневые выделения, нейтрализует\r\nнеприятный запах, устраняет бактерии и токсины. Специально разработанный\r\nверхний слой, также выполненный из нетканого материала, предотвращает вытекание\r\nэкссудата, надежно защищая фиксирующую повязку, одежду пациента и постельное\r\nбелье от загрязнения.&amp;nbsp;&lt;/p&gt;&lt;p class=&quot;MsoNormal&quot;&gt;&lt;o:p&gt;&lt;/o:p&gt;&lt;/p&gt;&lt;p class=&quot;MsoNormal&quot;&gt;&lt;o:p&gt;&amp;nbsp;&lt;/o:p&gt;&lt;/p&gt;&lt;p class=&quot;MsoNormal&quot;&gt;О\r\nкомпании&lt;o:p&gt;&lt;/o:p&gt;&lt;/p&gt;&lt;p&gt;\r\n\r\n\r\n\r\n\r\n\r\n\r\n\r\n&lt;/p&gt;&lt;p class=&quot;bodytext&quot; style=&quot;margin: 0cm 0cm 0.0001pt; background-image: initial; background-attachment: initial; background-size: initial; background-origin: initial; background-clip: initial; background-position: initial; background-repeat: initial;&quot;&gt;&lt;span style=&quot;background-image: initial; background-attachment: initial; background-size: initial; background-origin: initial; background-clip: initial; background-position: initial; background-repeat: initial;&quot;&gt;L&amp;amp;R &lt;/span&gt;&lt;span lang=&quot;EN-US&quot; style=&quot;background-image: initial; background-attachment: initial; background-size: initial; background-origin: initial; background-clip: initial; background-position: initial; background-repeat: initial;&quot;&gt;Group&lt;/span&gt;&lt;span style=&quot;background-image: initial; background-attachment: initial; background-size: initial; background-origin: initial; background-clip: initial; background-position: initial; background-repeat: initial;&quot;&gt; была образована в 1998 году путем слияния двух\r\nуспешных компаний: немецкой &lt;/span&gt;&lt;span lang=&quot;EN-US&quot;&gt;Lohmann&lt;/span&gt;&lt;span lang=&quot;EN-US&quot;&gt; &lt;/span&gt;&lt;span lang=&quot;EN-US&quot;&gt;Medical&lt;/span&gt;\r\n(основана в 1851 г.) и австрийской &lt;span lang=&quot;EN-US&quot;&gt;Rauscher&lt;/span&gt; (основана в 1899 г.).&lt;span style=&quot;background-image: initial; background-attachment: initial; background-size: initial; background-origin: initial; background-clip: initial; background-position: initial; background-repeat: initial;&quot;&gt; Сегодня L&amp;amp;R &lt;/span&gt;&lt;span lang=&quot;EN-US&quot; style=&quot;background-image: initial; background-attachment: initial; background-size: initial; background-origin: initial; background-clip: initial; background-position: initial; background-repeat: initial;&quot;&gt;Group&lt;/span&gt;&lt;span style=&quot;background-image: initial; background-attachment: initial; background-size: initial; background-origin: initial; background-clip: initial; background-position: initial; background-repeat: initial;&quot;&gt; является ведущим международным производителем\r\nпередовых высококачественных медицинских товаров и расходных материалов – от\r\nобычных бинтов до сложных комплексных систем по лечению и уходу. Компания\r\nуделяет большое внимание исследовательской деятельности, позволяющей не только\r\nусовершенствовать имеющиеся продукты и предлагать качественно новые,\r\nультрасовременные решения, но и быть в постоянном контакте со своими главными\r\nзаказчиками – медицинскими работниками и пациентами.&lt;span style=&quot;color: black; font-family: Calibri, sans-serif; line-height: 16.8pt;&quot;&gt;&lt;o:p&gt;&lt;/o:p&gt;&lt;/span&gt;&lt;/span&gt;&lt;/p&gt;', 'Стерильная раневая повязка Vliwaktiv (Фливактив) с активированным углем предназначена для лечения ран с обильной экссудацией и неприятным запахом. Vliwaktiv обладает превосходной впитывающей способностью, хорошо очищает рану, препятствует размножению бактерий, полностью устраняет неприятные запахи и способствует заживлению тканей.  20 шт/уп\r\n', '', 'Материалы перевязочные впитывающие Vliwaktiv', '', ''),
(173, 2, 'Материалы перевязочные впитывающие Vliwaktiv. В уп 20 шт', '&lt;p class=&quot;MsoNormal&quot; style=&quot;&quot;&gt;Раневая повязка&amp;nbsp;&lt;span lang=&quot;EN-US&quot;&gt;Vliwaktiv&lt;/span&gt;&amp;nbsp;представляет собой комбинированный трехслойный перевязочный материал, применяемый при лечении ран определенного типа. Слой, прилегающий к ране, изготовлен из воздухопроницаемого нетканого материала, обеспечивающего быстрое проведение экссудата во внутренний впитывающий слой, содержащий активированный уголь. Абсорбирующий слой эффективно поглощает раневые выделения, нейтрализует неприятный запах, устраняет бактерии и токсины. Специально разработанный верхний слой, также выполненный из нетканого материала, предотвращает вытекание экссудата, надежно защищая фиксирующую повязку, одежду пациента и постельное белье от загрязнения.&amp;nbsp;&lt;/p&gt;&lt;p class=&quot;MsoNormal&quot;&gt;&lt;o:p&gt;&lt;/o:p&gt;&lt;/p&gt;&lt;p class=&quot;MsoNormal&quot;&gt;&lt;o:p&gt;&amp;nbsp;&lt;/o:p&gt;&lt;/p&gt;&lt;p class=&quot;MsoNormal&quot;&gt;О компании&lt;o:p&gt;&lt;/o:p&gt;&lt;/p&gt;&lt;p&gt;&lt;/p&gt;&lt;p class=&quot;bodytext&quot; style=&quot;margin: 0cm 0cm 0.0001pt; background-image: initial; background-attachment: initial; background-size: initial; background-origin: initial; background-clip: initial; background-position: initial; background-repeat: initial;&quot;&gt;&lt;span style=&quot;background-image: initial; background-attachment: initial; background-size: initial; background-origin: initial; background-clip: initial; background-position: initial; background-repeat: initial;&quot;&gt;L&amp;amp;R&amp;nbsp;&lt;/span&gt;&lt;span lang=&quot;EN-US&quot; style=&quot;background-image: initial; background-attachment: initial; background-size: initial; background-origin: initial; background-clip: initial; background-position: initial; background-repeat: initial;&quot;&gt;Group&lt;/span&gt;&lt;span style=&quot;background-image: initial; background-attachment: initial; background-size: initial; background-origin: initial; background-clip: initial; background-position: initial; background-repeat: initial;&quot;&gt;&amp;nbsp;была образована в 1998 году путем слияния двух успешных компаний: немецкой&amp;nbsp;&lt;/span&gt;&lt;span lang=&quot;EN-US&quot;&gt;Lohmann&lt;/span&gt;&lt;span lang=&quot;EN-US&quot;&gt;&amp;nbsp;&lt;/span&gt;&lt;span lang=&quot;EN-US&quot;&gt;Medical&lt;/span&gt;&amp;nbsp;(основана в 1851 г.) и австрийской&amp;nbsp;&lt;span lang=&quot;EN-US&quot;&gt;Rauscher&lt;/span&gt;&amp;nbsp;(основана в 1899 г.).&lt;span style=&quot;background-image: initial; background-attachment: initial; background-size: initial; background-origin: initial; background-clip: initial; background-position: initial; background-repeat: initial;&quot;&gt;&amp;nbsp;Сегодня L&amp;amp;R&amp;nbsp;&lt;/span&gt;&lt;span lang=&quot;EN-US&quot; style=&quot;background-image: initial; background-attachment: initial; background-size: initial; background-origin: initial; background-clip: initial; background-position: initial; background-repeat: initial;&quot;&gt;Group&lt;/span&gt;&lt;span style=&quot;background-image: initial; background-attachment: initial; background-size: initial; background-origin: initial; background-clip: initial; background-position: initial; background-repeat: initial;&quot;&gt;&amp;nbsp;является ведущим международным производителем передовых высококачественных медицинских товаров и расходных материалов – от обычных бинтов до сложных комплексных систем по лечению и уходу. Компания уделяет большое внимание исследовательской деятельности, позволяющей не только усовершенствовать имеющиеся продукты и предлагать качественно новые, ультрасовременные решения, но и быть в постоянном контакте со своими главными заказчиками – медицинскими работниками и пациентами.&lt;/span&gt;&lt;/p&gt;', 'Стерильная раневая повязка Vliwaktiv (Фливактив) с активированным углем предназначена для лечения ран с обильной экссудацией и неприятным запахом. Vliwaktiv обладает превосходной впитывающей способностью, хорошо очищает рану, препятствует размножению бактерий, полностью устраняет неприятные запахи и способствует заживлению тканей. \r\nРазмер раневой повязки составляет . В уп 20 шт', '', 'Материалы перевязочные впитывающие Vliwaktiv', '', ''),
(174, 2, 'Подгузники для взрослых Euron Form, размер S', '&lt;p class=&quot;MsoBodyText&quot; style=&quot;margin-bottom: 0.0001pt;&quot;&gt;Впитывающий слой состоит из высококачественной отбеленной\r\nбез применения хлора распушенной целлюлозы, прекрасно сохраняет форму и не\r\nобразует складок. Он содержит уникальный двойной суперабсорбент, отличающийся\r\nболее высоким уровнем впитывания.&lt;o:p&gt;&lt;/o:p&gt;&lt;/p&gt;&lt;p class=&quot;MsoBodyText&quot; style=&quot;margin-bottom: 0.0001pt;&quot;&gt;Подгузники\r\n&lt;span lang=&quot;EN-US&quot;&gt;Euron&lt;/span&gt;&lt;span lang=&quot;EN-US&quot;&gt; &lt;/span&gt;&lt;span lang=&quot;EN-US&quot;&gt;Form&lt;/span&gt;&lt;span lang=&quot;EN-US&quot;&gt; &lt;/span&gt;снабжены\r\nиндикатором влагонасыщения с возможностью двойного контроля для гарантии\r\nсвоевременной замены подгузника, оснащены воздухопроницаемыми – «дышащими» –\r\nбоковыми вставками для большего комфорта, имеют манжеты, которые предотвращают\r\nпротечку физиологических выделений, а также защищают кожу от натирания.&lt;/p&gt;&lt;p class=&quot;MsoNormal&quot;&gt;&lt;br&gt;&lt;/p&gt;&lt;p class=&quot;MsoNormal&quot;&gt;О\r\nкомпании&lt;o:p&gt;&lt;/o:p&gt;&lt;/p&gt;&lt;p class=&quot;MsoNormal&quot;&gt;Компания &lt;span lang=&quot;EN-US&quot;&gt;Ontex&lt;/span&gt; является ведущим европейским\r\nпроизводителем средств личной гигиены одноразового использования. Продукция\r\nкомпании ценится за высокое качество, надежность и эффективность, поставляется\r\nболее чем в 100 стран, где представлена марками основных розничных сетей и\r\nсобственными брендами &lt;span lang=&quot;EN-US&quot;&gt;Ontex&lt;/span&gt; – &lt;span lang=&quot;EN-US&quot;&gt;Euron&lt;/span&gt; и &lt;span lang=&quot;EN-US&quot;&gt;Helen&lt;/span&gt;&lt;span lang=&quot;EN-US&quot;&gt; &lt;/span&gt;&lt;span lang=&quot;EN-US&quot;&gt;Harper&lt;/span&gt;. Ассортимент &lt;span lang=&quot;EN-US&quot;&gt;Ontex&lt;/span&gt; включает впитывающие изделия для\r\nдетей и взрослых (пеленки, подгузники, одноразовые трусики и простыни), товары\r\nдля женской гигиены (абсорбирующие прокладки на грудь, послеродовые и урологические\r\nпрокладки), а также очищающие влажные салфетки для ухода за чувствительной\r\nкожей.&amp;nbsp; &lt;span style=&quot;font-size: 12pt;&quot;&gt;&lt;o:p&gt;&lt;/o:p&gt;&lt;/span&gt;&lt;/p&gt;&lt;p class=&quot;MsoNormal&quot; style=&quot;background-image: initial; background-attachment: initial; background-size: initial; background-origin: initial; background-clip: initial; background-position: initial; background-repeat: initial;&quot;&gt;&lt;span lang=&quot;EN-US&quot; style=&quot;font-size:12.0pt;font-family:&amp;quot;Times New Roman&amp;quot;,&amp;quot;serif&amp;quot;;\r\nmso-fareast-font-family:&amp;quot;Times New Roman&amp;quot;;mso-ansi-language:EN-US;mso-fareast-language:\r\nRU&quot;&gt;&lt;o:p&gt;&amp;nbsp;&lt;/o:p&gt;&lt;/span&gt;&lt;/p&gt;&lt;p&gt;\r\n\r\n\r\n\r\n\r\n\r\n\r\n\r\n\r\n\r\n\r\n\r\n&lt;/p&gt;&lt;p class=&quot;MsoNormal&quot; style=&quot;background-image: initial; background-attachment: initial; background-size: initial; background-origin: initial; background-clip: initial; background-position: initial; background-repeat: initial;&quot;&gt;&lt;strong&gt;&lt;span lang=&quot;EN-US&quot; style=&quot;font-size:12.0pt;font-family:&amp;quot;Calibri&amp;quot;,&amp;quot;sans-serif&amp;quot;;\r\nmso-ascii-theme-font:minor-latin;mso-hansi-theme-font:minor-latin;mso-bidi-theme-font:\r\nminor-latin;color:black;mso-themecolor:text1;background:#E5F3F9;mso-style-textoutline-type:\r\nnone;mso-style-textoutline-outlinestyle-dpiwidth:0pt;mso-style-textoutline-outlinestyle-linecap:\r\nflat;mso-style-textoutline-outlinestyle-join:round;mso-style-textoutline-outlinestyle-pctmiterlimit:\r\n0%;mso-style-textoutline-outlinestyle-dash:solid;mso-style-textoutline-outlinestyle-align:\r\ncenter;mso-style-textoutline-outlinestyle-compound:simple;mso-effects-shadow-color:\r\nblack;mso-effects-shadow-themecolor:dark1;mso-effects-shadow-alpha:40.0%;\r\nmso-effects-shadow-dpiradius:3.0pt;mso-effects-shadow-dpidistance:1.5pt;\r\nmso-effects-shadow-angledirection:2700000;mso-effects-shadow-align:topleft;\r\nmso-effects-shadow-pctsx:100.0%;mso-effects-shadow-pctsy:100.0%;mso-effects-shadow-anglekx:\r\n0;mso-effects-shadow-angleky:0;mso-ansi-language:EN-US;font-weight:normal;\r\nmso-bidi-font-weight:bold&quot;&gt;&lt;o:p&gt;&amp;nbsp;&lt;/o:p&gt;&lt;/span&gt;&lt;/strong&gt;&lt;/p&gt;', 'Подгузники Euron Form используются при уходе за пациентами – как взрослыми, так и подростками, – страдающими средней и тяжелой степенью недержанием мочи и кала, а также за лежачими больными; рекомендованы для длительного или ночного применения. Размер S (Small) соответствует обхвату талии/бедер, находящемуся в пределах 50-90 см. Объем впитываемой жидкости составляет не менее 2110 мл. ', '', 'Подгузники для взрослых Euron Form, размер S', '', ''),
(175, 2, 'Подгузники для взрослых Euron Form, размер M', '&lt;p class=&quot;MsoBodyText&quot; style=&quot;margin-bottom: 0.0001pt;&quot;&gt;Верхний, прилегающий к коже слой подгузника\r\nизготовлен из мягкого нетканого воздухопроницаемого материала белого цвета с\r\nдобавлением хлопка. Впитывающий слой состоит из высококачественной отбеленной\r\nбез применения хлора распушенной целлюлозы, прекрасно сохраняет форму и не\r\nобразует складок. Он содержит уникальный двойной суперабсорбент, отличающийся\r\nболее высоким уровнем впитывания.&lt;o:p&gt;&lt;/o:p&gt;&lt;/p&gt;&lt;p class=&quot;MsoBodyText&quot; style=&quot;margin-bottom: 0.0001pt;&quot;&gt;&lt;br&gt;&lt;/p&gt;&lt;p class=&quot;MsoNormal&quot;&gt;&lt;o:p&gt;&amp;nbsp;&lt;/o:p&gt;&lt;/p&gt;&lt;p class=&quot;MsoNormal&quot;&gt;О\r\nкомпании&lt;o:p&gt;&lt;/o:p&gt;&lt;/p&gt;&lt;p&gt;\r\n\r\n\r\n\r\n\r\n\r\n\r\n\r\n\r\n\r\n&lt;/p&gt;&lt;p class=&quot;MsoNormal&quot;&gt;Компания &lt;span lang=&quot;EN-US&quot;&gt;Ontex&lt;/span&gt; является ведущим европейским\r\nпроизводителем средств личной гигиены одноразового использования. Продукция\r\nкомпании ценится за высокое качество, надежность и эффективность, поставляется\r\nболее чем в 100 стран, где представлена марками основных розничных сетей и\r\nсобственными брендами &lt;span lang=&quot;EN-US&quot;&gt;Ontex&lt;/span&gt; – &lt;span lang=&quot;EN-US&quot;&gt;Euron&lt;/span&gt; и &lt;span lang=&quot;EN-US&quot;&gt;Helen&lt;/span&gt;&lt;span lang=&quot;EN-US&quot;&gt; &lt;/span&gt;&lt;span lang=&quot;EN-US&quot;&gt;Harper&lt;/span&gt;. Ассортимент &lt;span lang=&quot;EN-US&quot;&gt;Ontex&lt;/span&gt; включает впитывающие изделия для\r\nдетей и взрослых (пеленки, подгузники, одноразовые трусики и простыни), товары\r\nдля женской гигиены (абсорбирующие прокладки на грудь, послеродовые и\r\nурологические прокладки), а также очищающие влажные салфетки для ухода за\r\nчувствительной кожей.&amp;nbsp;&amp;nbsp;&lt;span style=&quot;font-size: 12pt;&quot;&gt;&lt;o:p&gt;&lt;/o:p&gt;&lt;/span&gt;&lt;/p&gt;', 'Подгузники Euron Form используются при уходе за пациентами – как взрослыми, так и подростками, – страдающими средней и тяжелой степенью недержанием мочи и кала, а также за лежачими больными; рекомендованы для длительного или ночного применения. Размер M (Medium) соответствует обхвату талии/бедер, находящемуся в пределах 70-130 см. Объем впитываемой жидкости составляет не менее 2800 мл. ', '', 'Подгузники для взрослых Euron Form, размер M', '', ''),
(176, 2, 'Подгузники для взрослых Euron Form, размер L', '&lt;p class=&quot;MsoBodyText&quot; style=&quot;margin-bottom: 0.0001pt;&quot;&gt;Впитывающий слой состоит из высококачественной отбеленной\r\nбез применения хлора распушенной целлюлозы, прекрасно сохраняет форму и не\r\nобразует складок. Он содержит уникальный двойной суперабсорбент, отличающийся\r\nболее высоким уровнем впитывания.&lt;o:p&gt;&lt;/o:p&gt;&lt;/p&gt;&lt;p class=&quot;MsoBodyText&quot; style=&quot;margin-bottom: 0.0001pt;&quot;&gt;Подгузники\r\n&lt;span lang=&quot;EN-US&quot;&gt;Euron&lt;/span&gt;&lt;span lang=&quot;EN-US&quot;&gt; &lt;/span&gt;&lt;span lang=&quot;EN-US&quot;&gt;Form&lt;/span&gt;&lt;span lang=&quot;EN-US&quot;&gt; &lt;/span&gt;снабжены\r\nиндикатором влагонасыщения с возможностью двойного контроля для гарантии\r\nсвоевременной замены подгузника, оснащены воздухопроницаемыми – «дышащими» –\r\nбоковыми вставками для большего комфорта, имеют манжеты, которые предотвращают\r\nпротечку физиологических выделений, а также защищают кожу от натирания.&lt;o:p&gt;&lt;/o:p&gt;&lt;/p&gt;&lt;p class=&quot;MsoNormal&quot;&gt;&lt;o:p&gt;&amp;nbsp;&lt;/o:p&gt;&lt;/p&gt;&lt;p class=&quot;MsoNormal&quot;&gt;О\r\nкомпании&lt;o:p&gt;&lt;/o:p&gt;&lt;/p&gt;&lt;p&gt;\r\n\r\n\r\n\r\n\r\n\r\n\r\n\r\n&lt;/p&gt;&lt;p class=&quot;MsoNormal&quot;&gt;Компания &lt;span lang=&quot;EN-US&quot;&gt;Ontex&lt;/span&gt; является ведущим европейским\r\nпроизводителем средств личной гигиены одноразового использования. Продукция\r\nкомпании ценится за высокое качество, надежность и эффективность, поставляется\r\nболее чем в 100 стран, где представлена марками основных розничных сетей и\r\nсобственными брендами &lt;span lang=&quot;EN-US&quot;&gt;Ontex&lt;/span&gt; – &lt;span lang=&quot;EN-US&quot;&gt;Euron&lt;/span&gt; и &lt;span lang=&quot;EN-US&quot;&gt;Helen&lt;/span&gt;&lt;span lang=&quot;EN-US&quot;&gt; &lt;/span&gt;&lt;span lang=&quot;EN-US&quot;&gt;Harper&lt;/span&gt;. Ассортимент &lt;span lang=&quot;EN-US&quot;&gt;Ontex&lt;/span&gt; включает впитывающие изделия для\r\nдетей и взрослых (пеленки, подгузники, одноразовые трусики и простыни), товары\r\nдля женской гигиены (абсорбирующие прокладки на грудь, послеродовые и урологические\r\nпрокладки), а также очищающие влажные салфетки для ухода за чувствительной\r\nкожей.&amp;nbsp;&amp;nbsp;&lt;span style=&quot;font-size: 12pt;&quot;&gt;&lt;o:p&gt;&lt;/o:p&gt;&lt;/span&gt;&lt;/p&gt;', 'Подгузники Euron Form используются при уходе за пациентами – как взрослыми, так и подростками, – страдающими средней и тяжелой степенью недержанием мочи и кала, а также за лежачими больными; рекомендованы для длительного или ночного применения. Размер L (Large) соответствует обхвату талии/бедер, находящемуся в пределах 100-160 см. Объем впитываемой жидкости составляет не менее 3300 мл. ', '', 'Подгузники для взрослых Euron Form, размер L', '', ''),
(177, 2, 'Подгузники для взрослых Euron Form, размер XL', '&lt;p class=&quot;MsoBodyText&quot; style=&quot;margin-bottom: 0.0001pt;&quot;&gt;Впитывающий слой состоит из высококачественной отбеленной\r\nбез применения хлора распушенной целлюлозы, прекрасно сохраняет форму и не образует\r\nскладок. Он содержит уникальный двойной суперабсорбент, отличающийся более\r\nвысоким уровнем впитывания.&lt;o:p&gt;&lt;/o:p&gt;&lt;/p&gt;&lt;p class=&quot;MsoBodyText&quot; style=&quot;margin-bottom: 0.0001pt;&quot;&gt;Подгузники\r\n&lt;span lang=&quot;EN-US&quot;&gt;Euron&lt;/span&gt;&lt;span lang=&quot;EN-US&quot;&gt; &lt;/span&gt;&lt;span lang=&quot;EN-US&quot;&gt;Form&lt;/span&gt;&lt;span lang=&quot;EN-US&quot;&gt; &lt;/span&gt;снабжены\r\nиндикатором влагонасыщения с возможностью двойного контроля для гарантии\r\nсвоевременной замены подгузника, оснащены воздухопроницаемыми – «дышащими» –\r\nбоковыми вставками для большего комфорта, имеют манжеты, которые предотвращают\r\nпротечку физиологических выделений, а также защищают кожу от натирания.&amp;nbsp;&lt;/p&gt;&lt;p class=&quot;MsoNormal&quot;&gt;&lt;br&gt;&lt;/p&gt;&lt;p class=&quot;MsoNormal&quot;&gt;О\r\nкомпании&lt;o:p&gt;&lt;/o:p&gt;&lt;/p&gt;&lt;p&gt;\r\n\r\n\r\n\r\n\r\n\r\n\r\n\r\n&lt;/p&gt;&lt;p class=&quot;MsoNormal&quot;&gt;Компания &lt;span lang=&quot;EN-US&quot;&gt;Ontex&lt;/span&gt; является ведущим европейским\r\nпроизводителем средств личной гигиены одноразового использования. Продукция\r\nкомпании ценится за высокое качество, надежность и эффективность, поставляется\r\nболее чем в 100 стран, где представлена марками основных розничных сетей и\r\nсобственными брендами &lt;span lang=&quot;EN-US&quot;&gt;Ontex&lt;/span&gt; – &lt;span lang=&quot;EN-US&quot;&gt;Euron&lt;/span&gt; и &lt;span lang=&quot;EN-US&quot;&gt;Helen&lt;/span&gt;&lt;span lang=&quot;EN-US&quot;&gt; &lt;/span&gt;&lt;span lang=&quot;EN-US&quot;&gt;Harper&lt;/span&gt;. Ассортимент &lt;span lang=&quot;EN-US&quot;&gt;Ontex&lt;/span&gt; включает впитывающие изделия для\r\nдетей и взрослых (пеленки, подгузники, одноразовые трусики и простыни), товары\r\nдля женской гигиены (абсорбирующие прокладки на грудь, послеродовые и урологические\r\nпрокладки), а также очищающие влажные салфетки для ухода за чувствительной\r\nкожей.&amp;nbsp;&amp;nbsp;&lt;span style=&quot;font-size: 12pt;&quot;&gt;&lt;o:p&gt;&lt;/o:p&gt;&lt;/span&gt;&lt;/p&gt;', 'Подгузники Euron Form используются при уходе за пациентами – как взрослыми, так и подростками, – страдающими средней и тяжелой степенью недержанием мочи и кала, а также за лежачими больными; рекомендованы для длительного или ночного применения. Размер XL (Extra Large) соответствует обхвату талии/бедер, находящемуся в пределах 120-160 см. Объем впитываемой жидкости составляет не менее 4100 мл. ', '', 'Подгузники для взрослых Euron Form, размер XL', '', ''),
(178, 2, 'Пластырь Compeed от влажных мозолей на ногах ', '&lt;p class=&quot;MsoNormal&quot;&gt;Действие противомозольных пластырей «&lt;span lang=&quot;EN-US&quot;&gt;Compeed&lt;/span&gt;» основано на\r\nуникальной гидроколлоидной технологии. Клейкий гелевый слой, состоящий из\r\nгидроколлоидных частиц толщиной всего 600 микрон, плотно прилегает к коже,\r\nизолирует нервные окончания, уменьшая тем самым болевые ощущения, интенсивно\r\nпоглощает раневую жидкость и обеспечивает оптимально увлаженную ранозаживляющую\r\nсреду с частичным газообменом, предупреждающим пересыхание раны. &amp;nbsp;&lt;o:p&gt;&lt;/o:p&gt;&lt;/p&gt;&lt;p class=&quot;MsoNormal&quot; style=&quot;background-image: initial; background-attachment: initial; background-size: initial; background-origin: initial; background-clip: initial; background-position: initial; background-repeat: initial;&quot;&gt;&lt;o:p&gt;&amp;nbsp;&lt;/o:p&gt;&lt;/p&gt;&lt;p class=&quot;MsoNormal&quot; style=&quot;background-image: initial; background-attachment: initial; background-size: initial; background-origin: initial; background-clip: initial; background-position: initial; background-repeat: initial;&quot;&gt;О\r\nкомпании&lt;o:p&gt;&lt;/o:p&gt;&lt;/p&gt;&lt;p&gt;\r\n\r\n\r\n\r\n\r\n\r\nАмериканская многопрофильная\r\nкорпорация Johnson &amp;amp; Johnson\r\nявляется одним из крупнейших мировых производителей медицинской, гигиенической\r\nи косметической продукции. Более ста лет компания разрабатывает и реализует\r\nразличные виды медицинского оборудования, инструментов и расходных материалов\r\nдля оснащения больниц, диагностические приборы, широкий спектр лекарственных\r\nпрепаратов, изделия для поддержания гигиены и сохранения здоровья.&amp;nbsp;&lt;br&gt;&lt;/p&gt;', 'Пластырь «Compeed» от влажных мозолей на ногах предназначен для быстрого и безболезненного заживления мозоли. Гелевая пластина пластыря абсорбирует раневую жидкость и обеспечивает благоприятную микросреду для восстановления кожи; верхний полиуретановый слой защищает мозоль от трения, внешнего давления, блокирует попадание бактерий и влаги. Пластырь способен удерживаться на месте несколько дней, не отклеиваясь при контакте с водой. Практически незаметен на коже и приятен на ощупь. Доступен в малом и среднем размере. ', '', 'Пластырь Compeed от влажных мозолей на ногах ', '', '');
INSERT INTO `ts_product_description` (`product_id`, `language_id`, `name`, `description`, `short_description`, `tag`, `meta_title`, `meta_description`, `meta_keyword`) VALUES
(179, 2, 'Compeed Пластырь от сухих мозолей на ногах средний 10шт/уп', '&lt;p class=&quot;MsoNormal&quot;&gt;Действие противомозольных пластырей «&lt;span lang=&quot;EN-US&quot;&gt;Compeed&lt;/span&gt;» основано на\r\nуникальной гидроколлоидной технологии. Клейкий гелевый слой, состоящий из\r\nгидроколлоидных частиц толщиной всего 600 микрон, плотно прилегает к коже,\r\nизолирует нервные окончания, уменьшая тем самым болевые ощущения, интенсивно\r\nпоглощает раневую жидкость и обеспечивает оптимально увлаженную ранозаживляющую\r\nсреду с частичным газообменом, предупреждающим пересыхание раны.\r\nВодонепроницаемый «дышащий» верхний слой из полиуретана надежно защищает мозоль\r\nот давления и трения, препятствует проникновению бактерий и влаги. &amp;nbsp;&lt;o:p&gt;&lt;/o:p&gt;&lt;/p&gt;&lt;p class=&quot;MsoNormal&quot;&gt;&lt;o:p&gt;&amp;nbsp;&lt;/o:p&gt;&lt;/p&gt;&lt;p class=&quot;MsoNormal&quot;&gt;О\r\nкомпании&lt;o:p&gt;&lt;/o:p&gt;&lt;/p&gt;&lt;p class=&quot;MsoNormal&quot;&gt;Американская многопрофильная корпорация Johnson &amp;amp; Johnson является\r\nодним из крупнейших мировых производителей медицинской, гигиенической и\r\nкосметической продукции. Более ста лет компания разрабатывает и реализует\r\nразличные виды медицинского оборудования, инструментов и расходных материалов\r\nдля оснащения больниц, диагностические приборы, широкий спектр лекарственных\r\nпрепаратов, изделия для поддержания гигиены и сохранения здоровья.&amp;nbsp;&lt;/p&gt;&lt;p class=&quot;MsoNormal&quot; align=&quot;center&quot; style=&quot;text-align:center&quot;&gt;&lt;b&gt;&lt;span style=&quot;font-size:12.0pt;mso-bidi-font-family:Calibri;mso-bidi-theme-font:\r\nminor-latin&quot;&gt;&lt;o:p&gt;&amp;nbsp;&lt;/o:p&gt;&lt;/span&gt;&lt;/b&gt;&lt;/p&gt;&lt;p&gt;\r\n\r\n\r\n\r\n\r\n\r\n\r\n\r\n\r\n\r\n\r\n\r\n&lt;/p&gt;&lt;p class=&quot;MsoNormal&quot;&gt;&lt;u&gt;&lt;span style=&quot;font-size:12.0pt;mso-bidi-font-family:Calibri;\r\nmso-bidi-theme-font:minor-latin;color:black;mso-themecolor:text1&quot;&gt;&amp;nbsp;&lt;/span&gt;&lt;/u&gt;&lt;/p&gt;', 'Пластырь «Compeed» от сухих (врастающих) мозолей между пальцами предназначен для быстрого и безболезненного размягчения мозоли для последующего ее удаления. Гелевая пластина пластыря абсорбирует раневую жидкость и обеспечивает благоприятную микросреду для восстановления кожи; верхний полиуретановый слой защищает мозоль от трения, внешнего давления, блокирует попадание бактерий и влаги.', '', 'Compeed Пластырь от сухих мозолей на ногах средний 10шт/уп', '', ''),
(180, 2, 'Careline  мочеприемник ножной для сбора мочи (дневной) 0,75 л ', '&lt;p class=&quot;MsoNormal&quot;&gt;Ножные\r\nмочеприемники &lt;span lang=&quot;EN-US&quot;&gt;Careline&lt;/span&gt; представляют собой бесшумную,\r\nмалозаметную и легкую в эксплуатации систему, состоящую из сборного мешка,\r\nприводной трубки и сливного крана. При помощи эластичных фиксирующих лент мешок\r\nзакрепляется на бедре или голени. Анатомическая форма мешка, не стесняющая\r\nдвижений конструкция, способность полностью изолировать неприятные запахи, а\r\nтакже наличие приятной телу воздухопроницаемой подкладки из нетканого материала\r\nспособствуют повышению комфорта при ношении мочеприемника.&amp;nbsp;&lt;/p&gt;&lt;p class=&quot;MsoNormal&quot;&gt;О\r\nкомпании&lt;o:p&gt;&lt;/o:p&gt;&lt;/p&gt;&lt;p style=&quot;margin: 0cm 0cm 0.0001pt;&quot;&gt;Дочернее\r\nпредприятие &lt;span lang=&quot;EN-US&quot;&gt;ConvaTec&lt;/span&gt;, компания &lt;span lang=&quot;EN-US&quot;&gt;Unomedical&lt;/span&gt; была основана в 1964 году в Дании под именем &lt;span lang=&quot;EN-US&quot;&gt;PharmaPlast&lt;/span&gt;&lt;span lang=&quot;EN-US&quot;&gt; &lt;/span&gt;&lt;span lang=&quot;EN-US&quot;&gt;DK&lt;/span&gt; и первоначально специализировалась на производстве одноразовых\r\nмедицинских шприцев. Одной из первых в мире компания начала применять пластик\r\nдля своих разработок. В середине 1980-х &lt;span lang=&quot;EN-US&quot;&gt;Unomedical&lt;/span&gt; занялась выпуском систем для переливания инфузионных растворов,\r\nиспользуемых при лечении диабета. Доведенная до совершенства за 25 лет\r\nпрактического применения технология позволяет компании и сегодня оставаться в\r\nлидерах индустрии. &lt;o:p&gt;&lt;/o:p&gt;&lt;/p&gt;&lt;p&gt;\r\n\r\n\r\n\r\n\r\n\r\n\r\n\r\n\r\n\r\n&lt;/p&gt;&lt;p style=&quot;margin: 0cm 0cm 0.0001pt;&quot;&gt;&lt;br&gt;&lt;/p&gt;', 'Ножная система для уроколлекции Careline включает в себя сборный мешок объемом 750 мл, сливной кран и приводную трубку длиной 50 см с возможностью укорачивания до желаемого размера. Мешок надежно фиксируется на бедре или голени с помощью входящих в комплект эластичных лент.', '', 'Careline  мочеприемник ножной для сбора мочи (дневной) 0,75 л ', '', ''),
(181, 2, 'Гастростомическая  трубка MIC PEG для чрескожного PULL метода установки', '&lt;p style=&quot;margin: 0cm 0cm 0.0001pt;&quot;&gt;&lt;span style=&quot;font-size: 12px; background-image: initial; background-attachment: initial; background-size: initial; background-origin: initial; background-clip: initial; background-position: initial; background-repeat: initial;&quot;&gt;Гастростомические трубки &lt;/span&gt;&lt;span style=&quot;font-size: 12px; background-image: initial; background-attachment: initial; background-size: initial; background-origin: initial; background-clip: initial; background-position: initial; background-repeat: initial;&quot; lang=&quot;EN-US&quot;&gt;MIC&lt;/span&gt;&lt;span style=&quot;font-size: 12px; background-image: initial; background-attachment: initial; background-size: initial; background-origin: initial; background-clip: initial; background-position: initial; background-repeat: initial;&quot; lang=&quot;EN-US&quot;&gt; &lt;/span&gt;&lt;span style=&quot;font-size: 12px; background-image: initial; background-attachment: initial; background-size: initial; background-origin: initial; background-clip: initial; background-position: initial; background-repeat: initial;&quot; lang=&quot;EN-US&quot;&gt;Peg&lt;/span&gt;&lt;span style=&quot;font-size: 12px; background-image: initial; background-attachment: initial; background-size: initial; background-origin: initial; background-clip: initial; background-position: initial; background-repeat: initial;&quot; lang=&quot;EN-US&quot;&gt; &lt;/span&gt;&lt;span style=&quot;font-size: 12px; background-image: initial; background-attachment: initial; background-size: initial; background-origin: initial; background-clip: initial; background-position: initial; background-repeat: initial;&quot;&gt;изготовлены из &lt;/span&gt;&lt;span style=&quot;font-size: 12px;&quot;&gt;чистого биологически инертного медицинского силикона с высокими\r\nпоказателями биоустойчивости. Эластичный материал предотвращает травмирование\r\nтканей, обеспечивая комфорт при установке. Трубки &lt;/span&gt;&lt;span style=&quot;font-size: 12px; background-image: initial; background-attachment: initial; background-size: initial; background-origin: initial; background-clip: initial; background-position: initial; background-repeat: initial;&quot; lang=&quot;EN-US&quot;&gt;MIC&lt;/span&gt;&lt;span style=&quot;font-size: 12px; background-image: initial; background-attachment: initial; background-size: initial; background-origin: initial; background-clip: initial; background-position: initial; background-repeat: initial;&quot; lang=&quot;EN-US&quot;&gt; &lt;/span&gt;&lt;span style=&quot;font-size: 12px; background-image: initial; background-attachment: initial; background-size: initial; background-origin: initial; background-clip: initial; background-position: initial; background-repeat: initial;&quot; lang=&quot;EN-US&quot;&gt;Peg&lt;/span&gt;&lt;span style=&quot;font-size: 12px; background-image: initial; background-attachment: initial; background-size: initial; background-origin: initial; background-clip: initial; background-position: initial; background-repeat: initial;&quot; lang=&quot;EN-US&quot;&gt; &lt;/span&gt;&lt;span style=&quot;font-size: 12px; background-image: initial; background-attachment: initial; background-size: initial; background-origin: initial; background-clip: initial; background-position: initial; background-repeat: initial;&quot;&gt;оснащены особым\r\nобразом сконструированным внутренним удерживающим рентгенопроницаемым бампером,\r\nблагодаря которому происходит фиксация трубки в полости тела.&lt;/span&gt;&lt;br&gt;&lt;/p&gt;&lt;p style=&quot;margin: 0cm 0cm 0.0001pt;&quot;&gt;&lt;o:p&gt;&lt;/o:p&gt;&lt;/p&gt;&lt;p style=&quot;margin: 0cm 0cm 0.0001pt;&quot;&gt;&lt;br&gt;&lt;/p&gt;&lt;p class=&quot;MsoNormal&quot;&gt;&lt;o:p&gt;&amp;nbsp;&lt;/o:p&gt;&lt;/p&gt;&lt;p class=&quot;MsoNormal&quot;&gt;О\r\nкомпании&lt;o:p&gt;&lt;/o:p&gt;&lt;/p&gt;&lt;p class=&quot;MsoNormal&quot;&gt;Основоположник стандартов\r\nразработки баллонных гастростомических трубок для энтерального питания,\r\nKimberly-Clark HealthCare – специализированное подразделение корпорации\r\nKimberly-Clark – продолжает следовать намеченному курсу, удерживая абсолютное\r\nлидерство в этой области и занимая ведущие позиции в других сферах своей\r\nдеятельности. Помимо своих знаменитых трубок &lt;span lang=&quot;EN-US&quot;&gt;Mic&lt;/span&gt;,\r\nKimberly-Clark HealthCare производит высококачественные средства гигиены для\r\nженщин и детей, средства по уходу за пациентами, страдающими недержанием, а\r\nтакже широкий спектр тканых и нетканых изделий для использования в клиниках,\r\nкак то: процедурные и хирургические маски и перчатки, халаты для медперсонала,\r\nпростыни для пациентов. &lt;o:p&gt;&lt;/o:p&gt;&lt;/p&gt;&lt;p&gt;\r\n\r\n\r\n\r\n\r\n\r\n\r\n\r\n\r\n\r\n\r\n\r\n\r\n\r\n&lt;/p&gt;&lt;p class=&quot;MsoNormal&quot;&gt;&lt;br&gt;&lt;/p&gt;', 'Набор для чрескожной эндоскопической гастростомии от Kimberly-Clark включает в себя гастростомическую трубку MIC Peg, адаптер для введения питания с насадкой типа Люэр-Лок и колпачком, болюсный адаптер для введения питания, наружный фиксатор Secur-Lok, безопасный скальпель с лезвием № 11, петлевой проводник для установки в комплекте с иглой, зажим для трубки. ', '', 'Гастростомическая  трубка MIC PEG для чрескожного PULL метода установки', '', ''),
(184, 2, 'Большой однокомпонентный калоприемник Stomadress объем от 8 до 100 мм', '&lt;p class=&quot;MsoNormal&quot; style=&quot;&quot;&gt;&lt;span class=&quot;contentheadtext&quot;&gt;Различают\r\nзакрытые и открытые системы по уходу за стомой. Открытые – дренируемые –\r\nкалоприемники могут использоваться в течение 3-6 дней благодаря наличию функции\r\nопорожнения. Открытые системы оснащены запирающим устройством, расположенным на\r\nдне сборного мешка и позволяющим осуществлять опорожнение и промывание калоприемника\r\nбез необходимости снятия его со стомы. Закрытые системы рассчитаны на\r\nоднократное применение.&lt;o:p&gt;&lt;/o:p&gt;&lt;/span&gt;&lt;/p&gt;&lt;p class=&quot;MsoNormal&quot;&gt;&lt;o:p&gt;&amp;nbsp;&lt;/o:p&gt;&lt;/p&gt;&lt;p class=&quot;MsoNormal&quot;&gt;О\r\nкомпании&lt;o:p&gt;&lt;/o:p&gt;&lt;/p&gt;&lt;p&gt;\r\n\r\n\r\n\r\n\r\n\r\n\r\n\r\n&lt;/p&gt;&lt;p class=&quot;MsoNormal&quot;&gt;Английская компания «ConvaTec» работает в сфере производства\r\nмедицинской продукции и технологий без малого 30 лет и является одним из\r\nведущих поставщиков продукции по комплексному уходу за стомой и средств для\r\nлечения ран. Также занимается производством средств для лечебного,\r\nпрофилактического и гигиенического ухода за кожей, разрабатывает различные\r\nизделия для использования в интенсивной терапии. Продукция компании пользуется\r\nвысоким спросом более чем в 100 странах мира благодаря неукоснительному\r\nсоблюдению высоких стандартов качества, доказанной клинической эффективности,\r\nинновационному подходу к решению самых деликатных медицинских проблем и\r\nвнимательному отношению к потребностям пациентов.&lt;span style=&quot;font-family: Calibri, sans-serif;&quot;&gt;&lt;o:p&gt;&lt;/o:p&gt;&lt;/span&gt;&lt;/p&gt;', 'Низкопрофильная однокомпонентная открытая система по уходу за илеостомой Stomadress представляет собой дренируемый сборный мешок с прикрепленной к нему гидроколлоидной адгезивной пластиной, обеспечивающей прочную фиксацию калоприемника на участке стомы, защиту кожи при контакте с выделениями и безболезненное удаление калоприемника с поверхности тела. Пластина не имеет предварительно вырезанного отверстия для стомы; доступный диапазон диаметров вырезаемого отверстия составляет от 8 до 100 мм.', '', 'Большой однокомпонентный калоприемник Stomadress', '', ''),
(185, 2, 'Открытый непрозрачный калоприемник Esteem 20 мм', '&lt;p class=&quot;MsoNormal&quot; style=&quot;&quot;&gt;&lt;span style=&quot;font-size: 12px;&quot;&gt;Снаружи мешок\r\nпокрыт мягким нетканым воздухопроницаемым материалом, который минимизирует\r\nшуршание калоприемника, способствует быстрому испарению пота с поверхности кожи\r\nи обеспечивает ускоренное высыхание калоприемника после принятия душа, повышая общий\r\nкомфорт при ношении. Система &lt;/span&gt;&lt;span lang=&quot;EN-US&quot; style=&quot;font-size: 12px;&quot;&gt;Esteem&lt;/span&gt;&lt;span style=&quot;font-size: 12px;&quot;&gt; оснащена встроенным угольным\r\nфильтром, удаляющим лишний воздух из мешка в случае скопления газов и\r\nустраняющим неприятные запахи.&amp;nbsp;&lt;/span&gt;&lt;/p&gt;&lt;p class=&quot;MsoNormal&quot;&gt;&lt;br&gt;&lt;/p&gt;&lt;p class=&quot;MsoNormal&quot;&gt;О\r\nкомпании&lt;o:p&gt;&lt;/o:p&gt;&lt;/p&gt;&lt;p&gt;\r\n\r\n\r\n\r\n\r\n\r\n\r\n\r\n\r\n\r\n&lt;/p&gt;&lt;p class=&quot;MsoNormal&quot;&gt;Английская компания «ConvaTec» работает в сфере производства\r\nмедицинской продукции и технологий без малого 30 лет и является одним из\r\nведущих поставщиков продукции по комплексному уходу за стомой и средств для\r\nлечения ран. Также занимается производством средств для лечебного,\r\nпрофилактического и гигиенического ухода за кожей, разрабатывает различные\r\nизделия для использования в интенсивной терапии. Продукция компании пользуется\r\nвысоким спросом более чем в 100 странах мира благодаря неукоснительному\r\nсоблюдению высоких стандартов качества, доказанной клинической эффективности,\r\nинновационному подходу к решению самых деликатных медицинских проблем и\r\nвнимательному отношению к потребностям пациентов.&lt;span style=&quot;font-family: Calibri, sans-serif;&quot;&gt;&lt;o:p&gt;&lt;/o:p&gt;&lt;/span&gt;&lt;/p&gt;', 'Однокомпонентная открытая система по уходу за илеостомой Esteem представляет собой дренируемый сборный мешок с прикрепленной к нему гидроколлоидной адгезивной пластиной, обеспечивающей прочную фиксацию калоприемника на участке стомы, защиту кожи при контакте с выделениями и безболезненное удаление калоприемника с поверхности тела. Пластина имеет предварительно вырезанное стомальное отверстие диаметром 20 мм; доступный диапазон вырезаемого отверстия – до 70 мм.  ', '', 'Открытый непрозрачный калоприемник Esteem', '', ''),
(186, 2, 'Мешки колостомные непрозрачные Combihesive 2S с фильтром 45 мм', '&lt;p class=&quot;MsoNormal&quot; style=&quot;&quot;&gt;&lt;span class=&quot;contentheadtext&quot;&gt;По способу соединения мешка и\r\nпластины калоприемники подразделяются на одно- и двухкомпонентные: в\r\nдвухкомпонентной системе клеящаяся пластина отделяется от мешка, тогда как в\r\nоднокомпонентной системе мешок и пластина составляют одно целое. Различают\r\nзакрытые и открытые системы по уходу за стомой. Открытые – дренируемые –\r\nкалоприемники могут использоваться в течение 3-6 дней благодаря наличию функции\r\nопорожнения.&amp;nbsp;&lt;o:p&gt;&lt;/o:p&gt;&lt;/span&gt;&lt;/p&gt;&lt;br&gt;&lt;p class=&quot;MsoNormal&quot;&gt;&amp;nbsp;&lt;o:p&gt;&lt;/o:p&gt;&lt;/p&gt;&lt;p class=&quot;MsoNormal&quot;&gt;О\r\nкомпании&lt;o:p&gt;&lt;/o:p&gt;&lt;/p&gt;&lt;p&gt;\r\n\r\n\r\n\r\n\r\n\r\n\r\n\r\n&lt;/p&gt;&lt;p class=&quot;MsoNormal&quot;&gt;Английская компания «ConvaTec» работает в сфере производства\r\nмедицинской продукции и технологий без малого 30 лет и является одним из\r\nведущих поставщиков продукции по комплексному уходу за стомой и средств для\r\nлечения ран. Также занимается производством средств для лечебного,\r\nпрофилактического и гигиенического ухода за кожей, разрабатывает различные\r\nизделия для использования в интенсивной терапии. Продукция компании пользуется\r\nвысоким спросом более чем в 100 странах мира благодаря неукоснительному\r\nсоблюдению высоких стандартов качества, доказанной клинической эффективности,\r\nинновационному подходу к решению самых деликатных медицинских проблем и\r\nвнимательному отношению к потребностям пациентов.&lt;span style=&quot;font-family: Calibri, sans-serif;&quot;&gt;&lt;o:p&gt;&lt;/o:p&gt;&lt;/span&gt;&lt;/p&gt;', 'Колостомные закрытые – недренируемые и не требующие опорожения – сборные мешки Combihesive 2S с фланцевым креплением предназначены для однократного применения. Являются частью двухкомпонентной системы по уходу за стомой, могут комбинироваться с адгезивными пластинами Combihesive 2S, Stomahesive и Durahesive. Фильтр 45 мм', '', 'Мешки колостомные непрозрачные Combihesive 2S с фильтром 45 мм', '', ''),
(187, 2, 'Мешки колостомные непрозрачные Combihesive 2S с фильтром 57 мм ', '&lt;p class=&quot;MsoNormal&quot;&gt;По\r\nспособу соединения мешка и пластины калоприемники подразделяются на одно- и\r\nдвухкомпонентные: в двухкомпонентной системе клеящаяся пластина отделяется от\r\nмешка, тогда как в однокомпонентной системе мешок и пластина составляют одно\r\nцелое. Различают закрытые и открытые системы по уходу за стомой. Открытые –\r\nдренируемые – калоприемники могут использоваться в течение 3-6 дней благодаря\r\nналичию функции опорожнения. Открытые системы оснащены запирающим устройством,\r\nрасположенным на дне сборного мешка и позволяющим осуществлять опорожнение и\r\nпромывание калоприемника без необходимости снятия его со стомы.&lt;/p&gt;&lt;p class=&quot;MsoNormal&quot;&gt;&amp;nbsp;&lt;o:p&gt;&lt;/o:p&gt;&lt;/p&gt;&lt;p class=&quot;MsoNormal&quot;&gt;О компании&lt;o:p&gt;&lt;/o:p&gt;&lt;/p&gt;&lt;p class=&quot;MsoNormal&quot;&gt;Английская компания «ConvaTec» работает в сфере производства\r\nмедицинской продукции и технологий без малого 30 лет и является одним из\r\nведущих поставщиков продукции по комплексному уходу за стомой и средств для\r\nлечения ран. Также занимается производством средств для лечебного,\r\nпрофилактического и гигиенического ухода за кожей, разрабатывает различные\r\nизделия для использования в интенсивной терапии. Продукция компании пользуется\r\nвысоким спросом более чем в 100 странах мира благодаря неукоснительному\r\nсоблюдению высоких стандартов качества, доказанной клинической эффективности,\r\nинновационному подходу к решению самых деликатных медицинских проблем и\r\nвнимательному отношению к потребностям пациентов.&lt;o:p&gt;&lt;/o:p&gt;&lt;/p&gt;&lt;p&gt;\r\n\r\n\r\n\r\n\r\n\r\n\r\n\r\n\r\n\r\n&lt;/p&gt;&lt;p class=&quot;MsoNormal&quot;&gt;&lt;o:p&gt;&amp;nbsp;&lt;/o:p&gt;&lt;/p&gt;', 'Колостомные закрытые – недренируемые и не требующие опорожения – сборные мешки Combihesive 2S с фланцевым креплением предназначены для однократного применения.  Мешки покрыты мягким нетканым шумоизолирующим материалом, способствующим циркуляции воздуха, снабжены дезодорирующим газоотводящим угольным фильтром 57 мм и «ушками» для присоединения пояса. \r\n', '', 'Мешки колостомные непрозрачные Combihesive 2S с фильтром 57 мм ', '', ''),
(188, 2, 'Порошок Stomahesive 25 г', '&lt;p class=&quot;MsoNormal&quot;&gt;&amp;nbsp;Гипоаллергенные средства Stomahesive защищают кожу от\r\nагрессивного воздействия мочи и кишечного отделяемого, успокаивают раздраженную\r\nкожу, снимают воспаления, подсушивают мокнущие поверхности и стимулируют\r\nизлечение кожных повреждений, включая язвы, за счет создания в районе\r\nперистомального участка благоприятной микросреды, оптимальной для\r\nвосстановления и заживления тканей.&amp;nbsp;&lt;/p&gt;&lt;p class=&quot;MsoNormal&quot;&gt;О компании&lt;o:p&gt;&lt;/o:p&gt;&lt;/p&gt;&lt;p class=&quot;MsoNormal&quot;&gt;Английская компания «ConvaTec» работает в сфере производства\r\nмедицинской продукции и технологий без малого 30 лет и является одним из\r\nведущих поставщиков продукции по комплексному уходу за стомой и средств для\r\nлечения ран. Также занимается производством средств для лечебного, профилактического\r\nи гигиенического ухода за кожей, разрабатывает различные изделия для\r\nиспользования в интенсивной терапии. Продукция компании пользуется высоким\r\nспросом более чем в 100 странах мира благодаря неукоснительному соблюдению\r\nвысоких стандартов качества, доказанной клинической эффективности,\r\nинновационному подходу к решению самых деликатных медицинских проблем и\r\nвнимательному отношению к потребностям пациентов.&lt;o:p&gt;&lt;/o:p&gt;&lt;/p&gt;&lt;p&gt;\r\n\r\n\r\n\r\n\r\n\r\n\r\n\r\n\r\n\r\n&lt;/p&gt;&lt;p class=&quot;MsoNormal&quot;&gt;&lt;o:p&gt;&amp;nbsp;&lt;/o:p&gt;&lt;/p&gt;', 'Порошок (пудра) Stomahesive применяется для ухода за мокнущей, воспаленной и изъязвленной кожей перистомального участка. Способствует заживлению поврежденной ткани, предотвращает повторное возникновение язв, облегчает фиксацию адгезивной пластины на мацерированной коже и продлевает срок ее службы за счет постоянной абсорбации влаги и экссудата с поверхности кожи. Подходит для частого применения, остатки порошка смываются обычной водой.   ', '', 'Порошок Stomahesive 25 г', '', ''),
(193, 2, 'Нутрикомп Гепа ликвид, 500 мл, пластиковый контейнер  (1,3 кКал/мл)', '&lt;p class=&quot;MsoNormal&quot;&gt;&amp;nbsp;Энтеральное питание назначается\r\nпациентам с сохранной функцией желудочно-кишечного тракта, которые не могут\r\nпитаться надлежащим образом самостоятельно по ряду причин. Так, показаниями к\r\nэнтеральному питанию являются нарушения глотания, перенесенный инсульт,\r\nчерепно-мозговые травмы, переломы костей лицевого отдела черепа. Энтеральное\r\nпитание применяется у пациентов, находящихся на искусственном дыхании, у\r\nбольных нервной анорексией, отказывающихся от еды; у пациентов, перенесших\r\nоперацию на желудке или кишечнике и нуждающихся в особой диете, также в ряде\r\nдругих случаев. &lt;o:p&gt;&lt;/o:p&gt;&lt;/p&gt;&lt;p class=&quot;MsoNormal&quot;&gt;&lt;o:p&gt;&amp;nbsp;&lt;/o:p&gt;&lt;/p&gt;&lt;p class=&quot;MsoNormal&quot;&gt;О компании&lt;o:p&gt;&lt;/o:p&gt;&lt;/p&gt;&lt;p class=&quot;MsoNormal&quot;&gt;Крупнейший мировой поставщик в сфере здравоохранения, группа\r\nB. Braun осуществляет свою деятельность в четырех направлениях: оснащение\r\nклиник и больниц, производство продуктов и услуг для хирургии, обеспечение\r\nнадлежащего ухода за пациентами, в том числе на дому, и разработка\r\nэкстракорпоральных методов лечения. Развитием каждого отдельно взятого\r\nнаправления занимается специализированное подразделение компании.&lt;o:p&gt;&lt;/o:p&gt;&lt;/p&gt;&lt;p class=&quot;MsoNormal&quot;&gt;Так, подразделение госпитальной продукции (Hospital Care)\r\nпредоставляет лечебно-профилактическим учреждениям и работникам сферы\r\nздравоохранения устройства для проведения инфузий и инъекций, одноразовые\r\nмедицинские изделия, а также широкий спектр продукции для применения в\r\nинтенсивной терапии, отделении неотложной помощи и анестезиологии.&lt;o:p&gt;&lt;/o:p&gt;&lt;/p&gt;&lt;p class=&quot;MsoNormal&quot;&gt;&lt;br&gt;&lt;/p&gt;', 'Жидкая стерильная высококалорийная (1,3 кКал/мл) смесь для энтерального питания была разработана специально для пациентов с печеночной энцефалопатией, острой и хронической печеночной недостаточностью. Смесь не содержит глютена, холестерина; содержание лактозы составляет 80 мг в 100 мл. Смесь обогащена протеинами высокой биологической ценности, полученными из различных источников, как то: аминокислоты с разветвленной цепью (ВСАА), казеин, молочная сыворотка и какао. Жировой компонент представлен в виде комбинации  Энергетическая ценность распределяется следующим образом: белки 12%, жиры 40%, углеводы 47%, пищевые волокна 1%. \r\n\r\n', '', 'Нутрикомп Гепа ликвид, 500 мл, пластиковый контейнер  (1,3 кКал/мл)', '', ''),
(194, 2, 'Нутрикомп Иммунный ликвид 500 мл, пластиковый контейнер (1,3 кКал/мл) ', '&lt;p class=&quot;MsoNormal&quot;&gt;Показаниями к\r\nэнтеральному питанию являются нарушения глотания, перенесенный инсульт,\r\nчерепно-мозговые травмы, переломы костей лицевого отдела черепа. Энтеральное\r\nпитание применяется у пациентов, находящихся на искусственном дыхании, у\r\nбольных нервной анорексией, отказывающихся от еды; у пациентов, перенесших\r\nоперацию на желудке или кишечнике и нуждающихся в особой диете, также в ряде\r\nдругих случаев. &lt;o:p&gt;&lt;/o:p&gt;&lt;/p&gt;&lt;p class=&quot;MsoNormal&quot;&gt;&lt;o:p&gt;&amp;nbsp;&lt;/o:p&gt;&lt;/p&gt;&lt;p class=&quot;MsoNormal&quot;&gt;О компании&lt;o:p&gt;&lt;/o:p&gt;&lt;/p&gt;&lt;p class=&quot;MsoNormal&quot;&gt;Крупнейший мировой поставщик в сфере здравоохранения, группа\r\nB. Braun осуществляет свою деятельность в четырех направлениях: оснащение\r\nклиник и больниц, производство продуктов и услуг для хирургии, обеспечение\r\nнадлежащего ухода за пациентами, в том числе на дому, и разработка\r\nэкстракорпоральных методов лечения. Развитием каждого отдельно взятого\r\nнаправления занимается специализированное подразделение компании.&lt;o:p&gt;&lt;/o:p&gt;&lt;/p&gt;&lt;p class=&quot;MsoNormal&quot;&gt;Так, подразделение госпитальной продукции (Hospital Care)\r\nпредоставляет лечебно-профилактическим учреждениям и работникам сферы\r\nздравоохранения устройства для проведения инфузий и инъекций, одноразовые\r\nмедицинские изделия, а также широкий спектр продукции для применения в\r\nинтенсивной терапии, отделении неотложной помощи и анестезиологии.&lt;o:p&gt;&lt;/o:p&gt;&lt;/p&gt;&lt;p class=&quot;MsoNormal&quot;&gt;&lt;br&gt;&lt;/p&gt;', 'Жидкая стерильная гиперкалорическая (1,36 ккал/мл) высокобелковая смесь была разработана для проведения послеоперационного энтерального питания и поддержания функций иммунной системы при критических состояниях и метаболическом стрессе. Энтеральным питанием (ЭП) называется вид дополнительного или лечебного питания специальными смесями, при котором всасывание пищи происходит через слизистую оболочку желудочно-кишечного тракта – перорально с помощью трубочки (сипинг) или посредством зонда, расположенного в желудке (гастральное ЭП) или кишечнике (интестинальное ЭП). \r\n\r\n', '', 'Нутрикомп Иммунный ликвид 500 мл, пластиковый контейнер (1,3 кКал/мл) ', '', ''),
(195, 2, 'Порофикс для пупочных грыж', '&lt;p class=&quot;MsoNormal&quot;&gt;Пластырь Porofix разработан специально для лечения и\r\nпрофилактики пупочных грыж у младенцев. Пластырь состоит из двух частей,\r\nзатягивающихся по принципу ремня, что обеспечивает надежную фиксацию грыжевого\r\nвыпячивания. Одновременно такой тип затягивания способствует восстановлению\r\nнормального анатомического расположения брюшных мышц и фасций, ослабление и\r\nрасхождение которых привели к появлению грыжи. Курс лечения составляет в\r\nсреднем от 10 до 30 суток. &lt;o:p&gt;&lt;/o:p&gt;&lt;/p&gt;&lt;p class=&quot;MsoNormal&quot;&gt;Пластырь надежно удерживает\r\nпупок, в том числе во время проведения укрепляющей гимнастики или лечебного\r\nмассажа, легко и безболезненно отклеивается во время водных процедур.&amp;nbsp; &lt;o:p&gt;&lt;/o:p&gt;&lt;/p&gt;&lt;p class=&quot;MsoNormal&quot;&gt;&lt;o:p&gt;&amp;nbsp;&lt;/o:p&gt;&lt;/p&gt;&lt;p class=&quot;MsoNormal&quot;&gt;О компании&lt;o:p&gt;&lt;/o:p&gt;&lt;/p&gt;&lt;p&gt;\r\n\r\n\r\n\r\n\r\n\r\n\r\n\r\n&lt;/p&gt;&lt;p class=&quot;MsoNormal&quot;&gt;L&amp;amp;R Group была образована в 1998 году путем слияния двух\r\nуспешных компаний: немецкой Lohmann Medical (основана в 1851 г.) и австрийской Rauscher\r\n(основана в 1899 г.). Сегодня L&amp;amp;R Group является ведущим международным\r\nпроизводителем передовых высококачественных медицинских товаров и расходных\r\nматериалов – от обычных бинтов до сложных комплексных систем по лечению и\r\nуходу. Компания уделяет большое внимание исследовательской деятельности, позволяющей\r\nне только усовершенствовать имеющиеся продукты и предлагать качественно новые,\r\nультрасовременные решения, но и быть в постоянном контакте со своими главными\r\nзаказчиками – медицинскими работниками и пациентами. Продукция L&amp;amp;R\r\nпредставлена более чем в 80 странах мира.&lt;o:p&gt;&lt;/o:p&gt;&lt;/p&gt;', 'Самоклеящийся тканевый пластырь Porofix используется при лечении и профилактики пупочных грыж у новорожденных. Также способствует устранению широкого пупочного кольца и позволяет придать пупку красивую форму. Гипоаллергенен, обладает необходимой воздухопроницаемостью, надежно фиксируется, не причиняя дискомфорта и не вызывая раздражения чувствительной детской кожи. Имеет высокие показатели эффективности и подходит для применения у детей любого возраста. Размер 4х12,5 см\r\nЦвет: телесный.\r\n', '', 'Порофикс для пупочных грыж', '', ''),
(196, 2, 'Обувь для ходьбы в гипсовой повязке Cellona Shoe', '&lt;p class=&quot;MsoNormal&quot;&gt;&lt;span style=&quot;font-size: 12px;&quot;&gt;Обувь обеспечивает должную поддержку стопы при ходьбе, специальная форма протектора подошвы препятствует скольжению, что позволяет использовать Cellona Shoe в дождливую погоду и на покрытых льдом поверхностях. Система удобных фиксирующих застежек-липучек способствует достижению плотного и надежного прилегания обуви к ноге. &amp;nbsp;&lt;/span&gt;&lt;/p&gt;&lt;p class=&quot;MsoNormal&quot;&gt;Синтетическая защитная обувь Cellona Shoe предназначена для облегчения передвижения и, следовательно, увеличения мобильности пациента, носящего гипсовую, синтетическую или раневую повязку.&amp;nbsp;&lt;/p&gt;&lt;div&gt;&lt;br&gt;&lt;/div&gt;&lt;p class=&quot;MsoNormal&quot;&gt;&lt;br&gt;&lt;/p&gt;&lt;p class=&quot;MsoNormal&quot;&gt;О компании&lt;o:p&gt;&lt;/o:p&gt;&lt;/p&gt;&lt;p class=&quot;MsoNormal&quot;&gt;L&amp;amp;R Group была образована в 1998 году путем слияния двух\r\nуспешных компаний: немецкой Lohmann Medical (основана в 1851 г.) и австрийской Rauscher\r\n(основана в 1899 г.). Сегодня L&amp;amp;R Group является ведущим международным\r\nпроизводителем передовых высококачественных медицинских товаров и расходных\r\nматериалов – от обычных бинтов до сложных комплексных систем по лечению и\r\nуходу. Компания уделяет большое внимание исследовательской деятельности,\r\nпозволяющей не только усовершенствовать имеющиеся продукты и предлагать\r\nкачественно новые, ультрасовременные решения, но и быть в постоянном контакте\r\nсо своими главными заказчиками – медицинскими работниками и пациентами.&amp;nbsp;&lt;o:p&gt;&lt;/o:p&gt;&lt;/p&gt;&lt;p&gt;\r\n\r\n\r\n\r\n\r\n\r\n\r\n\r\n&lt;/p&gt;&lt;p class=&quot;MsoNormal&quot;&gt;&lt;o:p&gt;&amp;nbsp;&lt;/o:p&gt;&lt;/p&gt;', 'Синтетическая обувь Cellona Shoe применяется для обеспечения комфортной и безопасной ходьбы при наличии гипсовой или синтетической повязки. Доступны два варианта ношения: закрытый и открытый. Выбор требуемого варианта осуществляется при помощи «язычка». Обувь Cellona Shoe подходит как для правой, так и для левой ноги. \r\n', '', 'Обувь для ходьбы в гипсовой повязке Cellona Shoe', '', ''),
(198, 2, 'Вата синтетическая Cellona 10 см х 3 м ', '&lt;p class=&quot;MsoNormal&quot;&gt;Синтетическая вата Cellona применяется в качестве защитной подкладки при наложении гипсовых и синтетических повязок для предотвращения сдавливания тканей, появления пролежней, потертостей и пузырей; рекомендована для смягчения пластырных, шинных и компрессионных повязок, цинк-желатиновых давящих повязок Унна, используемых при лечении трофических язв.&amp;nbsp;&lt;/p&gt;&lt;p class=&quot;MsoNormal&quot;&gt;Вата Cellona представляет собой бинт из тонкого упругого волокнистого материала, слои которого фиксируются между собой, делая возможным круговое обертывание. Вата легко разглаживается, не образует утолщений и складок, повышая комфорт пациента.&amp;nbsp;&lt;/p&gt;&lt;p class=&quot;MsoNormal&quot;&gt;&lt;o:p&gt;&amp;nbsp;&lt;/o:p&gt;Синтетическая вата Cellona применяется в качестве защитной подкладки при наложении гипсовых и синтетических повязок для предотвращения сдавливания тканей, появления пролежней, потертостей и пузырей; рекомендована для смягчения пластырных, шинных и компрессионных повязок, цинк-желатиновых давящих повязок Унна, используемых при лечении трофических язв.&lt;/p&gt;&lt;p class=&quot;MsoNormal&quot;&gt;&lt;br&gt;&lt;/p&gt;&lt;p class=&quot;MsoNormal&quot; style=&quot;font-size: 12px;&quot;&gt;О компании&lt;o:p&gt;&lt;/o:p&gt;&lt;/p&gt;&lt;p class=&quot;MsoNormal&quot; style=&quot;font-size: 12px;&quot;&gt;L&amp;amp;R Group была образована в 1998 году путем слияния двух успешных компаний: немецкой Lohmann Medical (основана в 1851 г.) и австрийской Rauscher (основана в 1899 г.). Сегодня L&amp;amp;R Group является ведущим международным производителем передовых высококачественных медицинских товаров и расходных материалов – от обычных бинтов до сложных комплексных систем по лечению и уходу. Компания уделяет большое внимание исследовательской деятельности, позволяющей не только усовершенствовать имеющиеся продукты и предлагать качественно новые, ультрасовременные решения, но и быть в постоянном контакте со своими главными заказчиками – медицинскими работниками и пациентами.&lt;/p&gt;', 'Эластичная, мягкая синтетическая вата Cellona предназначена для защиты костных выступов и сосудисто-нервных сплетений при наложении стабилизирующих гипсовых или синтетических повязок, включая затвердевающий бинт Cellacast. Предупреждает появление пролежней и потертостей, защищает костные выступы и сосудисто-нервные сплетения от сдавливания и иных негативных последствий ношения гипса. Размер 10 см х 3 м\r\n\r\n', '', 'Вата синтетическая Cellona 20 см х 3 м ', '', ''),
(199, 2, 'Бинты  синтетические затвердевающие &quot;Cellacast Xtra&quot;  10 см x 3.6 м ', '&lt;p class=&quot;MsoNormal&quot;&gt;Бинт изготовлен из специального стекловолокна, пропитанного\r\nполиуретановой смолой, является гипоаллергенным, влагостойким (в отвердевшем\r\nсостоянии), пропускает воздух, позволяя коже «дышать» и предупреждая мацерацию.\r\nБинт Cellacast Xtra может быть произвольно разрезан, снабжен\r\nотверстиями различного размера при необходимости, кроме того, особенности\r\nструктуры бинта позволяют растягивать его во всех направлениях, включая\r\nнаправление по диагонали, что предоставляет широкие возможности для моделирования\r\nповязки.&amp;nbsp;&lt;/p&gt;&lt;p class=&quot;MsoNormal&quot;&gt;&lt;o:p&gt;&lt;/o:p&gt;&lt;/p&gt;&lt;p class=&quot;MsoNormal&quot;&gt;&lt;o:p&gt;&amp;nbsp;&lt;/o:p&gt;&lt;/p&gt;&lt;p class=&quot;MsoNormal&quot;&gt;О компании&lt;o:p&gt;&lt;/o:p&gt;&lt;/p&gt;&lt;p&gt;\r\n\r\n\r\n\r\n\r\n\r\n\r\n\r\n\r\n\r\nL&amp;amp;R Group была образована в 1998 году путем слияния двух успешных\r\nкомпаний: немецкой Lohmann Medical (основана в 1851 г.) и австрийской Rauscher\r\n(основана в 1899 г.). Сегодня L&amp;amp;R Group является ведущим международным\r\nпроизводителем передовых высококачественных медицинских товаров и расходных\r\nматериалов – от обычных бинтов до сложных комплексных систем по лечению и\r\nуходу. Компания уделяет большое внимание исследовательской деятельности, позволяющей\r\nне только усовершенствовать имеющиеся продукты и предлагать качественно новые,\r\nультрасовременные решения, но и быть в постоянном контакте со своими главными\r\nзаказчиками – медицинскими работниками и пациентами.&amp;nbsp;&lt;br&gt;&lt;/p&gt;', 'Синтетический затвердевающий иммобилизирующий материал Cellacast Xtra предназначен для формирования и последующего наложения стабилизирующих повязок при переломах, терапии суставов и болезней костей, проведении корректирующих ортопедических процедур. \r\nРазмер 10 см  х 3.6 см, толщина 5 мм форма выпуска – рулон. Цвет бинта: бежевый. В упаковке 10 штук\r\n', '', 'Бинты  синтетические затвердевающие &quot;Cellacast Xtra&quot;', '', ''),
(200, 2, 'Бинты  синтетические затвердевающие &quot;Cellacast Xtra&quot; 7.5 см x 3.6 м', '&lt;p class=&quot;MsoNormal&quot; style=&quot;font-size: 12px;&quot;&gt;Бинт изготовлен из специального стекловолокна, пропитанного полиуретановой смолой, является гипоаллергенным, влагостойким (в отвердевшем состоянии), пропускает воздух, позволяя коже «дышать» и предупреждая мацерацию.&amp;nbsp;&lt;span style=&quot;font-size: 12px;&quot;&gt;Бинт Cellacast Xtra может быть произвольно разрезан, снабжен отверстиями различного размера при необходимости, кроме того, особенности структуры бинта позволяют растягивать его во всех направлениях, включая направление по диагонали, что предоставляет широкие возможности для моделирования повязки.&amp;nbsp;&lt;/span&gt;&lt;/p&gt;&lt;p class=&quot;MsoNormal&quot; style=&quot;font-size: 12px;&quot;&gt;&lt;o:p&gt;&lt;/o:p&gt;&lt;/p&gt;&lt;p class=&quot;MsoNormal&quot; style=&quot;font-size: 12px;&quot;&gt;&lt;o:p&gt;&amp;nbsp;&lt;/o:p&gt;&lt;/p&gt;&lt;p class=&quot;MsoNormal&quot; style=&quot;font-size: 12px;&quot;&gt;О компании&lt;o:p&gt;&lt;/o:p&gt;&lt;/p&gt;&lt;p style=&quot;font-size: 12px;&quot;&gt;L&amp;amp;R Group была образована в 1998 году путем слияния двух успешных компаний: немецкой Lohmann Medical (основана в 1851 г.) и австрийской Rauscher (основана в 1899 г.). Сегодня L&amp;amp;R Group является ведущим международным производителем передовых высококачественных медицинских товаров и расходных материалов – от обычных бинтов до сложных комплексных систем по лечению и уходу. Компания уделяет большое внимание исследовательской деятельности, позволяющей не только усовершенствовать имеющиеся продукты и предлагать качественно новые, ультрасовременные решения, но и быть в постоянном контакте со своими главными заказчиками – медицинскими работниками и пациентами.&amp;nbsp;&lt;/p&gt;&lt;p&gt;\r\n\r\n\r\n\r\n\r\n\r\n\r\n\r\n\r\n\r\n\r\n\r\n&lt;/p&gt;&lt;p class=&quot;MsoNormal&quot;&gt;&lt;o:p&gt;&amp;nbsp;&lt;/o:p&gt;&lt;/p&gt;', 'Синтетический затвердевающий иммобилизирующий материал Cellacast Xtra предназначен для формирования и последующего наложения стабилизирующих повязок при переломах, терапии суставов и болезней костей, проведении корректирующих ортопедических процедур. \r\nРазмер  7.5 см x 3.6 м, форма выпуска – рулон. Цвет бинта: бежевый. В упаковке 10 штук.\r\n', '', 'Бинты  синтетические затвердевающие &quot;Cellacast Xtra&quot; 7.5 см x 3.6 м', '', ''),
(201, 2, 'Бинты трубчатые tg  размер 5', '&lt;p&gt;Трубчатая вязанная повязка, растяжимая по ширине для использования под иммобилизирующие повязки. Возможно использования для фиксации впитывающих повязок и по другим показаниям.&amp;nbsp;&lt;/p&gt;&lt;p&gt;&amp;nbsp;Наложение повязки TG резко увеличивает комфортность пациента и предотвращает появление потертостей и пролежней от гипсовой повязки.&lt;/p&gt;&lt;p&gt;&lt;br&gt;&lt;/p&gt;&lt;p&gt;&lt;br&gt;&lt;/p&gt;&lt;p class=&quot;MsoNormal&quot;&gt;О компании&lt;o:p&gt;&lt;/o:p&gt;&lt;/p&gt;&lt;p&gt;\r\n\r\n&lt;/p&gt;&lt;p class=&quot;MsoNormal&quot;&gt;L&amp;amp;R Group была образована в 1998 году путем слияния двух\r\nуспешных компаний: немецкой Lohmann Medical (основана в 1851 г.) и австрийской Rauscher\r\n(основана в 1899 г.). Сегодня L&amp;amp;R Group является ведущим международным\r\nпроизводителем передовых высококачественных медицинских товаров и расходных\r\nматериалов – от обычных бинтов до сложных комплексных систем по лечению и\r\nуходу. Компания уделяет большое внимание исследовательской деятельности,\r\nпозволяющей не только усовершенствовать имеющиеся продукты и предлагать\r\nкачественно новые, ультрасовременные решения, но и быть в постоянном контакте\r\nсо своими главными заказчиками – медицинскими работниками и пациентами.\r\nПродукция L&amp;amp;R представлена более чем в 80 странах мира.&lt;o:p&gt;&lt;/o:p&gt;&lt;/p&gt;', 'Чулочная повязка (бинт) TG  предназначена для наложения на конечность под гипсовую повязку. Повязка может накладываться в один, два или три слоя в зависимости от потребностей врача. Не имеет шва. Чулочная повязка TG растягивается в поперечном направлении без складок, может автоклавироваться. Широкий набор диаметров повязки позволяет выбрать хирургу необходимый и отрезать нужную длину. Размер 5,5 см х 20 м. 1 рулон в коробке.', '', 'Бинты трубчатые tg   размер 5', '', ''),
(197, 2, 'Вата синтетическая Cellona 6 см х 3 м', '&lt;p class=&quot;MsoNormal&quot;&gt;Синтетическая вата Cellona применяется в качестве защитной\r\nподкладки при наложении гипсовых и синтетических повязок для предотвращения\r\nсдавливания тканей, появления пролежней, потертостей и пузырей; рекомендована\r\nдля смягчения пластырных, шинных и компрессионных повязок, цинк-желатиновых\r\nдавящих повязок Унна, используемых при лечении трофических язв.&amp;nbsp;&lt;/p&gt;&lt;p class=&quot;MsoNormal&quot;&gt;Вата Cellona представляет собой бинт из тонкого упругого волокнистого материала, слои которого фиксируются между собой, делая возможным круговое обертывание. Вата легко разглаживается, не образует утолщений и складок, повышая комфорт пациента.&amp;nbsp;&lt;/p&gt;&lt;p class=&quot;MsoNormal&quot;&gt;&lt;o:p&gt;&amp;nbsp;&lt;/o:p&gt;Синтетическая вата Cellona применяется в качестве защитной подкладки при наложении гипсовых и синтетических повязок для предотвращения сдавливания тканей, появления пролежней, потертостей и пузырей; рекомендована для смягчения пластырных, шинных и компрессионных повязок, цинк-желатиновых давящих повязок Унна, используемых при лечении трофических язв.&lt;/p&gt;&lt;p class=&quot;MsoNormal&quot;&gt;&lt;br&gt;&lt;/p&gt;&lt;p class=&quot;MsoNormal&quot;&gt;О компании&lt;o:p&gt;&lt;/o:p&gt;&lt;/p&gt;&lt;p class=&quot;MsoNormal&quot;&gt;L&amp;amp;R Group была образована в 1998 году путем слияния двух\r\nуспешных компаний: немецкой Lohmann Medical (основана в 1851 г.) и австрийской Rauscher\r\n(основана в 1899 г.). Сегодня L&amp;amp;R Group является ведущим международным\r\nпроизводителем передовых высококачественных медицинских товаров и расходных\r\nматериалов – от обычных бинтов до сложных комплексных систем по лечению и\r\nуходу. Компания уделяет большое внимание исследовательской деятельности,\r\nпозволяющей не только усовершенствовать имеющиеся продукты и предлагать\r\nкачественно новые, ультрасовременные решения, но и быть в постоянном контакте\r\nсо своими главными заказчиками – медицинскими работниками и пациентами.&lt;o:p&gt;&lt;/o:p&gt;&lt;/p&gt;&lt;p&gt;\r\n\r\n\r\n\r\n\r\n\r\n\r\n\r\n\r\n\r\n&lt;/p&gt;&lt;p class=&quot;MsoNormal&quot;&gt;&lt;o:p&gt;&amp;nbsp;&lt;/o:p&gt;&lt;/p&gt;', 'Эластичная, мягкая синтетическая вата Cellona предназначена для защиты костных выступов и сосудисто-нервных сплетений при наложении стабилизирующих гипсовых или синтетических повязок, включая затвердевающий бинт Cellacast. Предупреждает появление пролежней и потертостей, защищает костные выступы и сосудисто-нервные сплетения от сдавливания и иных негативных последствий ношения гипса.  Размер 6 см х 3 м\r\n\r\n', '', 'Вата синтетическая Cellona, 6 см х 3 м', '', ''),
(202, 2, 'Бинты трубчатые tg  размер 6', '&lt;p style=&quot;font-size: 12px;&quot;&gt;Трубчатая вязанная повязка, растяжимая по ширине для использования под иммобилизирующие повязки. Возможно использования для фиксации впитывающих повязок и по другим показаниям.&amp;nbsp;&lt;/p&gt;&lt;p&gt;Наложение повязки TG резко увеличивает комфортность пациента и предотвращает появление потертостей и пролежней от гипсовой повязки.&amp;nbsp;&lt;/p&gt;&lt;p&gt;&lt;br&gt;&lt;/p&gt;&lt;p&gt;&lt;br&gt;&lt;/p&gt;&lt;p class=&quot;MsoNormal&quot; style=&quot;font-size: 12px;&quot;&gt;О компании&lt;o:p&gt;&lt;/o:p&gt;&lt;/p&gt;&lt;p style=&quot;font-size: 12px;&quot;&gt;&lt;/p&gt;&lt;p class=&quot;MsoNormal&quot; style=&quot;font-size: 12px;&quot;&gt;L&amp;amp;R Group была образована в 1998 году путем слияния двух успешных компаний: немецкой Lohmann Medical (основана в 1851 г.) и австрийской Rauscher (основана в 1899 г.). Сегодня L&amp;amp;R Group является ведущим международным производителем передовых высококачественных медицинских товаров и расходных материалов – от обычных бинтов до сложных комплексных систем по лечению и уходу. Компания уделяет большое внимание исследовательской деятельности, позволяющей не только усовершенствовать имеющиеся продукты и предлагать качественно новые, ультрасовременные решения, но и быть в постоянном контакте со своими главными заказчиками – медицинскими работниками и пациентами. Продукция L&amp;amp;R представлена более чем в 80 странах мира.&lt;/p&gt;', 'Чулочная повязка (бинт) TG  предназначена для наложения на конечность под гипсовую повязку. Повязка может накладываться в один, два или три слоя в зависимости от потребностей врача. Не имеет шва. Чулочная повязка TG растягивается в поперечном направлении без складок, может автоклавироваться. Широкий набор диаметров повязки позволяет выбрать хирургу необходимый и отрезать нужную длину. Размер  6,5 см х 20 м, 1 рулон в коробке.', '', 'Бинты трубчатые tg  размер 6', '', ''),
(203, 2, 'Набор для инфузии. Удлинительная трубка, Игла Губера 19Gx20 мм, 19Gx25 мм ', '&lt;p class=&quot;MsoNormal&quot;&gt;Инфузионные порты – это имплантируемые системы, состоящие из\r\nцентрального венозного катетера и небольшого резервуара, изготовленного из\r\nпластика или металла.&amp;nbsp;&lt;o:p&gt;&lt;/o:p&gt;&lt;/p&gt;&lt;p class=&quot;MsoNormal&quot;&gt;Игла Губера отличается от множества других медицинских игл\r\nтем, что имеет особый тип заточки – длинный «нережущий» срез, который при\r\nвведении раздвигает силиконовую мембрану порта, не повреждая ее, что\r\nспособствует сохранению герметичности порт-системы в течение нескольких лет.&amp;nbsp;&lt;o:p&gt;&lt;/o:p&gt;&lt;/p&gt;&lt;p class=&quot;MsoNormal&quot;&gt;О компании&lt;o:p&gt;&lt;/o:p&gt;&lt;/p&gt;&lt;p class=&quot;MsoNormal&quot;&gt;\r\n\r\n\r\n\r\n\r\n\r\n&lt;/p&gt;&lt;p class=&quot;MsoNormal&quot;&gt;Немецкая компания PHS Medical была основана в 1996 году как\r\nузкоспециализированный производитель систем и инструментов для обеспечения\r\nвенозного доступа. С 2000 года компания занимается разработкой и реализацией\r\nинновационных высококачественных порт-систем, отличающихся надежностью,\r\nэффективностью и сочетанием «цена-качество», признанным лучшим по рынку.&amp;nbsp;&lt;o:p&gt;&lt;/o:p&gt;&lt;/p&gt;', 'Стерильный инфузионный набор, разработанный для доступа к порт-системе, включает в себя иглу Губера, трубку-удлинитель и коннектор с разъемом Люер-Лок. Трубка-удлинитель не содержит латекса и фталатов, защищена от перегибов и изломов, оснащена удобным фиксирующим зажимом. \r\n\r\n\r\n', '', 'Набор для инфузии. Удлинительная трубка, Игла Губера ', '', ''),
(204, 2, 'Набор для инфузии. Удлинительная трубка , Игла Губера 20Gx20мм, 20Gx25мм', '&lt;p class=&quot;MsoNormal&quot; style=&quot;font-size: 12px;&quot;&gt;Инфузионные порты – это имплантируемые системы, состоящие из центрального венозного катетера и небольшого резервуара, изготовленного из пластика или металла.&amp;nbsp;&lt;o:p&gt;&lt;/o:p&gt;&lt;span style=&quot;font-size: 12px;&quot;&gt;Игла Губера отличается от множества других медицинских игл тем, что имеет особый тип заточки – длинный «нережущий» срез, который при введении раздвигает силиконовую мембрану порта, не повреждая ее, что способствует сохранению герметичности порт-системы в течение нескольких лет.&amp;nbsp;&lt;/span&gt;&lt;/p&gt;&lt;br&gt;&lt;p class=&quot;MsoNormal&quot; style=&quot;font-size: 12px;&quot;&gt;О компании&lt;o:p&gt;&lt;/o:p&gt;&lt;/p&gt;&lt;p class=&quot;MsoNormal&quot; style=&quot;font-size: 12px;&quot;&gt;&lt;/p&gt;&lt;p class=&quot;MsoNormal&quot; style=&quot;font-size: 12px;&quot;&gt;Немецкая компания PHS Medical была основана в 1996 году как узкоспециализированный производитель систем и инструментов для обеспечения венозного доступа. С 2000 года компания занимается разработкой и реализацией инновационных высококачественных порт-систем, отличающихся надежностью, эффективностью и сочетанием «цена-качество», признанным лучшим по рынку.&amp;nbsp;&lt;/p&gt;', 'Стерильный инфузионный набор, разработанный для доступа к порт-системе, включает в себя иглу Губера, трубку-удлинитель и коннектор с разъемом Люер-Лок. Трубка-удлинитель не содержит латекса и фталатов, защищена от перегибов и изломов, оснащена удобным фиксирующим зажимом.  Диаметр иглы составляет 20G (0,9 мм), длина равна 20 мм.\r\n', '', 'Набор для инфузии. Удлинительная трубка', '', '');
INSERT INTO `ts_product_description` (`product_id`, `language_id`, `name`, `description`, `short_description`, `tag`, `meta_title`, `meta_description`, `meta_keyword`) VALUES
(205, 2, 'Микросферы для эмболизации  матки', '&lt;p class=&quot;MsoNormal&quot;&gt;&lt;span lang=&quot;EN-US&quot; style=&quot;font-size: 12px;&quot;&gt;Embozene&lt;/span&gt;&lt;span style=&quot;font-size: 12px;&quot;&gt; диаметром 500 мкм цет красный, 700 мкм цвет\r\nзеленый, 900 мкм цвет пурпурный. &lt;/span&gt;&lt;span style=&quot;font-size: 12px;&quot;&gt;&amp;nbsp;&lt;/span&gt;&lt;span style=&quot;font-size: 12px;&quot;&gt;предназначены для проведения процедуры\r\nэмболизации сосудистого русла фибриомы матки.&lt;/span&gt;&lt;br&gt;&lt;/p&gt;&lt;p class=&quot;MsoNormal&quot;&gt;&lt;br&gt;&lt;/p&gt;&lt;p class=&quot;MsoNormal&quot;&gt;&lt;span style=&quot;font-size: 12px;&quot;&gt;&lt;br&gt;&lt;/span&gt;&lt;/p&gt;&lt;p class=&quot;MsoNormal&quot;&gt;&lt;span style=&quot;font-size: 12px;&quot;&gt;О компании&lt;/span&gt;&lt;br&gt;&lt;/p&gt;&lt;p class=&quot;MsoNormal&quot;&gt;&lt;o:p&gt;&lt;/o:p&gt;&lt;/p&gt;&lt;p&gt;\r\n\r\n\r\n\r\n\r\n\r\n\r\n\r\n\r\n\r\n\r\n\r\n\r\n\r\n\r\n\r\n\r\n\r\n&lt;/p&gt;&lt;p class=&quot;MsoNormal&quot;&gt;&lt;span style=&quot;background-image: initial; background-attachment: initial; background-size: initial; background-origin: initial; background-clip: initial; background-position: initial; background-repeat: initial;&quot;&gt;CeloNova Biosciences, Inc. –\r\nчастная компания со штаб-квартирой в Сан-Антонио, штат Техас, региональными\r\nпредставительствами во Франции, Великобритании, Австрии и Нидерландах и широкой\r\nдистрибуторской сетью, охватывающей более 50 стран. CeloNova Biosciences\r\nспециализируется на разработке и производстве передовых высокоэффективных\r\nпродуктов для эмболизации сосудистого русла различных размеров и типов.\r\nСозданные на основе революционной запатентованной компанией технологии особого\r\nполимерного покрытия Polyzene-F сферические калиброванные частицы &lt;/span&gt;Embozene (Эмбозин)\r\nуспешно применяются в интервенционной радиологии, &lt;span style=&quot;background-image: initial; background-attachment: initial; background-size: initial; background-origin: initial; background-clip: initial; background-position: initial; background-repeat: initial;&quot;&gt;эндоваскулярной и интервенционной кардиологии.&amp;nbsp;&lt;span style=&quot;font-family: Calibri, sans-serif; letter-spacing: 0.25pt;&quot;&gt;&lt;o:p&gt;&lt;/o:p&gt;&lt;/span&gt;&lt;/span&gt;&lt;/p&gt;', 'Нерассасывающиеся полимерные микрокапсулы Микросферы Embozene – это нерассасывающиеся гидрогелевые микрокапсулы сферической формы с покрытием из уникального сверхбиосовместимого полимера Polyzene-F, запатентованного CeloNova BioSciences. ', '', 'Микросферы для эмболизации ', '', ''),
(275, 2, 'Низкопрофильная гастростомическая трубка с удлинителем для питания MIC-KEY G ', '&lt;p&gt;&lt;br&gt;&lt;/p&gt;', 'В комплект входит: удлинительный набор для непрерывного питания (1 шт.) удлинительный набор для болюсного питания (1 шт.). Длина трубки 0,8 см', '', 'Низкопрофильная гастростомическая трубка с удлинителем для питания MIC-KEY G размером 20FR ', '', ''),
(206, 2, 'Система  для  венозно-артериального доступа NuPort LP', '&lt;p class=&quot;MsoNormal&quot; style=&quot;&quot;&gt;Порт-система\r\nпредставляет собой подкожно имплантируемое медицинское устройство, которое\r\nобеспечивает прямой, быстрый и постоянный доступ к сосудистому руслу, полостям\r\nтела или эпидуральному пространству для введения лекарственных препаратов и\r\nпарентерального питания, дренирования, забора и трансфузии крови. Порт-система\r\nсостоит из катетера, размещенного в просвете сосуда или полости тела, и\r\nприсоединенного к нему небольшого резервуара с передней стенкой, выполненной из\r\nсиликона. Все инъекционные процедуры осуществляются с помощью специальной иглы\r\nГубера, особый тип заточки которой предотвращает повреждения силиконовой\r\nмембраны порта, а также уменьшает болевые ощущения у пациентов при прокалывании\r\nкожи. Применение порт-систем устраняет риски травмирования вен, снижает процент\r\nвозможных осложнений.&amp;nbsp;&lt;o:p&gt;&lt;/o:p&gt;&lt;/p&gt;&lt;p class=&quot;MsoNormal&quot;&gt;&amp;nbsp; &amp;nbsp;&lt;o:p&gt;&lt;/o:p&gt;&lt;/p&gt;&lt;p class=&quot;MsoNormal&quot; style=&quot;&quot;&gt;&lt;o:p&gt;&amp;nbsp;&lt;/o:p&gt;&lt;/p&gt;&lt;p class=&quot;MsoNormal&quot;&gt;О компании&lt;o:p&gt;&lt;/o:p&gt;&lt;/p&gt;&lt;p&gt;\r\n\r\n\r\n\r\n\r\n\r\n\r\n\r\n&lt;/p&gt;&lt;p class=&quot;MsoNormal&quot;&gt;Немецкая компания PHS Medical была\r\nоснована в 1996 году как узкоспециализированный производитель систем и\r\nинструментов для обеспечения венозного доступа. С 2000 года компания занимается\r\nразработкой и реализацией инновационных высококачественных порт-систем,\r\nотличающихся надежностью, эффективностью и сочетанием «цена-качество»,\r\nпризнанным лучшим по рынку.&amp;nbsp;&lt;span style=&quot;font-family:&amp;quot;Calibri&amp;quot;,&amp;quot;sans-serif&amp;quot;;\r\nmso-ascii-theme-font:minor-latin;mso-hansi-theme-font:minor-latin;mso-bidi-theme-font:\r\nminor-latin&quot;&gt;&lt;o:p&gt;&lt;/o:p&gt;&lt;/span&gt;&lt;/p&gt;', 'Стерильная МРТ- и КТ-совместимая низкопрофильная порт-система Nu-Port LP для венозно-артериального доступа рекомендована для установки детям и пациентам с низкой массой тела. Порт-система разработана с применением технологии Nu-Flow, которая позволяет значительно улучшить внутреннюю динамику жидкости и максимально снизить риск преждевременной окклюзии. Порт состоит из титанового резервуара и полиуретанового рентгеноконтрастного катетера. ', '', 'Система  для  венозно-артериального доступа NuPort LP', '', ''),
(207, 2, 'Система для  венозно-артериального доступа С-Port', '&lt;p class=&quot;MsoNormal&quot;&gt;Порт-система представляет собой подкожно имплантируемое\r\nмедицинское устройство, которое обеспечивает прямой, быстрый и постоянный\r\nдоступ к сосудистому руслу, полостям тела или эпидуральному пространству для\r\nвведения лекарственных препаратов и парентерального питания, дренирования,\r\nзабора и трансфузии крови. Порт-система состоит из катетера, размещенного в\r\nпросвете сосуда или полости тела, и присоединенного к нему небольшого\r\nрезервуара с передней стенкой, выполненной из силикона.&amp;nbsp;&lt;o:p&gt;&lt;/o:p&gt;&lt;/p&gt;&lt;p class=&quot;MsoNormal&quot;&gt;&amp;nbsp; &amp;nbsp;&lt;/p&gt;&lt;p class=&quot;MsoNormal&quot;&gt;О компании&lt;o:p&gt;&lt;/o:p&gt;&lt;/p&gt;&lt;p class=&quot;MsoNormal&quot;&gt;Немецкая компания PHS Medical была основана в 1996 году как\r\nузкоспециализированный производитель систем и инструментов для обеспечения\r\nвенозного доступа. С 2000 года компания занимается разработкой и реализацией\r\nинновационных высококачественных порт-систем, отличающихся надежностью,\r\nэффективностью и сочетанием «цена-качество», признанным лучшим по рынку. &lt;o:p&gt;&lt;/o:p&gt;&lt;/p&gt;&lt;p&gt;\r\n\r\n\r\n\r\n\r\n\r\n\r\n\r\n\r\n\r\n&lt;/p&gt;&lt;p class=&quot;MsoNormal&quot; style=&quot;text-align:justify&quot;&gt;&lt;span class=&quot;MsoSubtleEmphasis&quot;&gt;&lt;span style=&quot;font-family: Calibri, sans-serif; color: black;&quot;&gt;&amp;nbsp;&lt;/span&gt;&lt;/span&gt;&lt;/p&gt;', 'Порт-система С-Port  разработана с применением технологии C-Flow, которая позволяет значительно улучшить внутреннюю динамику жидкости и максимально снизить риск преждевременной окклюзии. Подкожное размещение порта, полностью исключающее контакт с нестерильной внешней средой, и высокая надежность современных устройств позволяют использовать порт-системы в течение продолжительного – до 5 лет – времени без необходимости переустановки.\r\n \r\n', '', 'Система для  венозно-артериального доступа С-Port', '', ''),
(208, 2, 'Салфетки «Колетекс-М» для онкологии  с метронидазолом', '&lt;p class=&quot;MsoNormal&quot;&gt;Текстильная матрица способствует успешной транспортировке\r\nсредства через кожу или в рану за счет достижения плотного контакта между\r\nдепо-материалом и биологическими материалами, защищает раны от загрязнений и\r\nповреждений. Обладающая превосходными абсорбирующими свойствами высокопористая\r\nструктура текстиля включает поры макро-, микро-, нано- и ангстремного размеров.&amp;nbsp;&lt;/p&gt;&lt;p class=&quot;MsoNormal&quot;&gt;&lt;o:p&gt;&amp;nbsp;&lt;/o:p&gt;&lt;/p&gt;&lt;p class=&quot;MsoNormal&quot;&gt;О компании&lt;o:p&gt;&lt;/o:p&gt;&lt;/p&gt;&lt;p&gt;\r\n\r\n\r\n\r\n\r\n\r\n\r\n\r\n\r\n\r\n&lt;/p&gt;&lt;p class=&quot;MsoNormal&quot;&gt;Группа компаний «Колетекс», объединяющая в свое составе ООО\r\n«НПО Текстильпрогресс», ООО «Колетекс» и ООО «Тексаль», занимается\r\nнаучной разработкой, производством и продажей изделий медицинского и\r\nкосметического назначения в общей сложности более 20 лет. Собственная\r\nнаучно-исследовательская лаборатория «Колетекс» осуществляет разработки\r\nсовместно с учеными РАН и РАМН при сохранении тесного сотрудничества с врачами\r\nведущих клиник страны. Уникальность продукции и технологий ГК «Колетекс»\r\nотмечена многочисленными патентами, эффективность изделий неоднократно\r\nподтверждена клиническими испытаниями и длительным опытом практического\r\nприменения.&lt;o:p&gt;&lt;/o:p&gt;&lt;/p&gt;', 'Стерильные салфетки  «Колетекс-М» с высоким содержанием метронидазола (не менее 1 мг/см2) предназначены для использования в качестве аппликационного радиосенсибилизирующего средства при проведении дистанционной и внутритканевой лучевой терапии. Применяются при лечении местно-распространенных форм злокачественных новообразований, особенно инфильтративных форм рака с изъязвлением, отличающихся наибольшей радиорезистентностью. Размер салфетки составляет 6х10 см.', '', 'Салфетки «Колетекс-М» для онкологии  с метронидазолом', '', ''),
(209, 2, 'Материал гидрогелевый «Колетекс-АКЛ» с e-аминокапроновой кислотой и лидокаином', '&lt;p class=&quot;MsoNormal&quot;&gt;Гидрогелевые депо-материалы разработаны на основе альгината\r\nнатрия – природного биополимера, который добывают из богатых микроэлементами\r\nморских водорослей. Благодаря гемостатическим и антисептическим свойствам\r\nуказанного биополимера гидрогелевая матрица выполняет регенерирующую и защитную\r\nфункции; &amp;nbsp;обеспечивая постепенный выход лекарства в определенную\r\nполость органа или ткань. &lt;o:p&gt;&lt;/o:p&gt;&lt;/p&gt;&lt;br&gt;&lt;p class=&quot;MsoNormal&quot;&gt;О компании&lt;o:p&gt;&lt;/o:p&gt;&lt;/p&gt;&lt;p&gt;\r\n\r\n\r\n\r\n\r\n\r\n\r\n\r\n\r\n\r\n&lt;/p&gt;&lt;p class=&quot;MsoNormal&quot;&gt;Группа компаний «Колетекс», объединяющая в свое составе ООО\r\n«НПО Текстильпрогресс», ООО «Колетекс» и ООО «Тексаль», занимается\r\nнаучной разработкой, производством и продажей изделий медицинского и\r\nкосметического назначения в общей сложности более 20 лет. Собственная\r\nнаучно-исследовательская лаборатория «Колетекс» осуществляет разработки\r\nсовместно с учеными РАН и РАМН при сохранении тесного сотрудничества с врачами\r\nведущих клиник страны. Уникальность продукции и технологий ГК «Колетекс»\r\nотмечена многочисленными патентами, эффективность изделий неоднократно\r\nподтверждена клиническими испытаниями и длительным опытом практического\r\nприменения.&amp;nbsp;&lt;o:p&gt;&lt;/o:p&gt;&lt;/p&gt;', 'Гидрогелевый материал  «Колетекс-АКЛ» с ε-аминокапроновой кислотой и лидокаином предназначен для использования в качестве кровоостанавливающего средства во время оперативных вмешательств и при различных бытовых повреждениях. \r\nГемостатические свойства входящего в состав геля альгината натрия способствуют регенерации тканей и быстрому заживлению. Ε-аминокапроновая кислота оказывает гемостатическое и противоаллергическое действие\r\n', '', 'Материал гидрогелевый «Колетекс-АКЛ» с e-аминокапроновой кислотой и лидокаином', '', ''),
(210, 2, 'Стент пищеводный с покрытием PTFE', '&lt;p class=&quot;MsoNormal&quot;&gt;Саморасширяющиеся пищеводные стенты Egis изготовлены из\r\nнитинола – сплава титана и никеля. Нитинол является биосовместимым, устойчивым\r\nк эрозии материалом, обладает превосходной эластичностью, способен запоминать и\r\nвосстанавливать свою форму. Попав в полость тела пациента после освобождения из\r\nдоставочной системы – при температуре свыше 33 градусов – стент начинает\r\nрасширяться&amp;nbsp; до первоначальной формы,\r\nпосле чего слегка растягивается радиально, постепенно увеличивая участок\r\nстеноза для обеспечения беспрепятственного прохода пищи. Особая технология\r\nполировки нитинола при производстве стентов Egis позволяет придать им исключительную\r\nгибкость и прочность. Силиконовое покрытие по всей длине стента служит\r\nпрофилактикой опухолевых прорастаний и делает возможным имплантацию стента при\r\nлечении эзофагореспираторных свищей.&amp;nbsp;&lt;o:p&gt;&lt;/o:p&gt;&lt;/p&gt;&lt;p class=&quot;MsoNormal&quot;&gt;&lt;o:p&gt;&amp;nbsp;&lt;/o:p&gt;&lt;/p&gt;&lt;p class=&quot;MsoNormal&quot;&gt;О компании&lt;o:p&gt;&lt;/o:p&gt;&lt;/p&gt;&lt;p class=&quot;MsoNormal&quot;&gt;S&amp;amp;G Biotech Inc. – молодая южнокорейская\r\nнаучно-исследовательская компания, реализующая на медицинском рынке собственные\r\nзапатентованные высокотехнологичные разработки: катетеры, в том числе\r\nуникальный микрокатетер и направляющая система к нему, предназначенная для использования\r\nпри диагностике и лечении периферических, висцеральных сосудов и сосудов\r\nголовного мозга; и две серии запатентованных инновационных стентов – Egis и Seal.\r\nСерия Egis включает в себя модели билиарного, пилорического, колоректального,\r\nтрахебронхиального и пищеводного стентов, в серию Seal входят три разновидности\r\nимплантируемых стентов. &lt;o:p&gt;&lt;/o:p&gt;&lt;/p&gt;&lt;p&gt;\r\n\r\n\r\n\r\n\r\n\r\n\r\n\r\n&lt;/p&gt;&lt;p class=&quot;MsoNormal&quot;&gt;&lt;o:p&gt;&amp;nbsp;&lt;/o:p&gt;&lt;/p&gt;', 'Саморасширяющийся нитиноловый пищеводный стент Egis применяется при паллиативном лечении злокачественных стриктур пищевода, эзофагореспираторных свищей, а также доброкачественных опухолей, резистентных к методам традиционной терапии. \r\n', '', 'Стент пищеводный с покрытием PTFE', '', ''),
(211, 2, 'Стенты трахеобронхиальные', '&lt;p class=&quot;MsoNormal&quot;&gt;Попав в полость тела пациента после\r\nосвобождения из доставочной системы – при температуре свыше 33 градусов – стент\r\nначинает расширяться&amp;nbsp; до первоначальной\r\nформы, после чего слегка растягивается радиально, постепенно увеличивая участок\r\nстеноза для обеспечения беспрепятственного прохода пищи. Особая технология\r\nполировки нитинола при производстве стентов Egis позволяет придать им исключительную\r\nгибкость и прочность. Размер одной ячейки плетения стента равен 2 мм; двойное\r\nплетение трахеобронхиальных стентов способствует образованию еще более мелких и\r\nплотных клеток, снижая риски врастания опухоли в стент. &amp;nbsp;&lt;/p&gt;&lt;p class=&quot;MsoNormal&quot;&gt;О компании&lt;o:p&gt;&lt;/o:p&gt;&lt;/p&gt;&lt;p&gt;\r\n\r\n\r\n\r\n\r\n\r\n&lt;/p&gt;&lt;p class=&quot;MsoNormal&quot;&gt;S&amp;amp;G Biotech Inc. – молодая южнокорейская\r\nнаучно-исследовательская компания, реализующая на медицинском рынке собственные\r\nзапатентованные высокотехнологичные разработки: катетеры, в том числе\r\nуникальный микрокатетер и направляющая система к нему, предназначенная для использования\r\nпри диагностике и лечении периферических, висцеральных сосудов и сосудов\r\nголовного мозга; и две серии запатентованных инновационных стентов – Egis и Seal.\r\nСерия Egis включает в себя модели билиарного, пилорического, колоректального,\r\nтрахебронхиального и пищеводного стентов, в серию Seal входят три разновидности\r\nимплантируемых стентов.&amp;nbsp;&lt;o:p&gt;&lt;/o:p&gt;&lt;/p&gt;', 'Саморасширяющиеся нитиноловые трахеобронхиальные стенты Egis применяются при паллиативном лечении трахеобронхиальных стриктур пищевода, трахеопищеводных фистул и свищей, полученных как при злокачественных новообразованиях, так и вследствие травм и перенесенных ранее операций на трахеобронхиальном дереве. Стент характеризуется превосходной гибкостью и исключительной радиальной устойчивостью. Доставочная система снабжена специальным каналом для обеспечения дыхания пациента во время установки стента. . Доступные размеры 16, 18, 20 мм.\r\n', '', 'Стенты трахеобронхиальные', '', ''),
(212, 2, 'Помпа микроинфузионная одноразовая  Accufuser CTx. Без болюса. С постоянной скоростью потока 5,0 мл/ч. Объём 250 мл..', '&lt;p class=&quot;MsoNormal&quot;&gt;Поддержание заданной скорости постоянной\r\nмикроинфузии обеспечивается за счет равномерного, сбалансированного сокращения\r\nэластичной мембраны силиконового баллона – основного элемента помпы. Дополнительную\r\nкалибровку скорости потока создает расположенная в основании инфузионной линии\r\nстеклянная микрокапиллярная трубка высокой точности. Удлинительная линия имеет\r\nзажим для временной остановки введения раствора при необходимости. . Порт для введения препаратов\r\nснабжен запорным клапаном, препятствующим обратному оттоку жидкости, и двумя\r\nвстроенными сетчатыми фильтрами, улавливающими примеси. &amp;nbsp;Инфузионная линия защищена от перегибов. &lt;o:p&gt;&lt;/o:p&gt;&lt;/p&gt;&lt;p class=&quot;MsoNormal&quot;&gt;&lt;o:p&gt;&amp;nbsp;&lt;/o:p&gt;&lt;/p&gt;&lt;p class=&quot;MsoNormal&quot;&gt;О\r\nкомпании&lt;o:p&gt;&lt;/o:p&gt;&lt;/p&gt;&lt;p&gt;\r\n\r\n\r\n\r\n\r\n\r\n\r\n\r\n&lt;/p&gt;&lt;p class=&quot;MsoNormal&quot;&gt;Со\r\nвремени своего основания в 1996 году корейская компания Woo Young Medical&lt;span class=&quot;apple-converted-space&quot;&gt; специализируется на разработке, производстве и\r\nпродаже &lt;/span&gt;одноразовых эластомерных инфузионных помп и&amp;nbsp;инфузионных\r\nнасосов. Woo Young\r\nMedical является абсолютным лидером рынка инфузионных устройств в Корее и\r\nвладеет весомой долей общемирового рынка с показателем в 15%. Компания успешно\r\nэкспортирует свою продукцию в&amp;nbsp;США, Канаду, ряд европейских стран, Турцию, Китай, Японию,\r\nстраны Ближнего Востока, Бразилию, Аргентину, а&amp;nbsp;сейчас\r\nи&amp;nbsp;в&amp;nbsp;Россию.&lt;span style=&quot;font-family:&amp;quot;Calibri&amp;quot;,&amp;quot;sans-serif&amp;quot;;\r\nmso-ascii-theme-font:minor-latin;mso-fareast-font-family:Dotum;mso-hansi-theme-font:\r\nminor-latin;mso-bidi-theme-font:minor-latin;color:black;mso-themecolor:text1&quot;&gt;&lt;o:p&gt;&lt;/o:p&gt;&lt;/span&gt;&lt;/p&gt;', 'Стерильная микроинфузионная помпа Accufuser CTx объемом 250 мл без болюсного модуля предназначена для введения препаратов химиотерапии с постоянной фиксированной скоростью 5,0 мл/ч. Помпа состоит из силиконового резервуара (баллона), помещенного в защитную колбу с устойчивым плоским дном, и системы трубок.  ', '', 'Помпа микроинфузионная одноразовая стерильная  Accufuser CTx. Без болюса. С постоянной скоростью потока 5,0 мл/ч. Объём 250 мл..', '', ''),
(213, 2, 'Помпа микроинфузионная одноразовая  Accufuser Varicon. Без болюса. ', '&lt;p class=&quot;MsoNormal&quot;&gt;Поддержание заданной скорости постоянной микроинфузии обеспечивается\r\nза счет равномерного, сбалансированного сокращения эластичной мембраны\r\nсиликонового баллона – основного элемента помпы. Дополнительную калибровку\r\nскорости потока создает расположенная в основании инфузионной линии стеклянная\r\nмикрокапиллярная трубка высокой точности. &amp;nbsp;Порт для введения препаратов\r\nснабжен запорным клапаном, препятствующим обратному оттоку жидкости, и двумя\r\nвстроенными сетчатыми фильтрами, улавливающими примеси.&amp;nbsp; Инфузионная линия защищена от перегибов. &lt;o:p&gt;&lt;/o:p&gt;&lt;/p&gt;&lt;p class=&quot;MsoNormal&quot;&gt;О компании&lt;o:p&gt;&lt;/o:p&gt;&lt;/p&gt;&lt;p class=&quot;MsoNormal&quot;&gt;Со времени\r\nсвоего основания в 1996 году корейская компания Woo Young Medical\r\nспециализируется на разработке, производстве и продаже одноразовых\r\nэластомерных инфузионных помп и&amp;nbsp;инфузионных насосов. Woo Young Medical является абсолютным\r\nлидером рынка инфузионных устройств в Корее и владеет весомой долей\r\nобщемирового рынка с показателем в 15%. Компания успешно экспортирует свою\r\nпродукцию в&amp;nbsp;США, Канаду, ряд европейских стран, Турцию, Китай,\r\nЯпонию, страны Ближнего Востока, Бразилию, Аргентину, а&amp;nbsp;сейчас\r\nи&amp;nbsp;в&amp;nbsp;Россию.&lt;o:p&gt;&lt;/o:p&gt;&lt;/p&gt;&lt;p&gt;\r\n\r\n\r\n\r\n\r\n\r\n\r\n\r\n&lt;/p&gt;&lt;p class=&quot;MsoNormal&quot; style=&quot;text-align:justify&quot;&gt;&lt;span style=&quot;font-family:&amp;quot;Calibri&amp;quot;,&amp;quot;sans-serif&amp;quot;;\r\nmso-ascii-theme-font:minor-latin;mso-hansi-theme-font:minor-latin;mso-bidi-theme-font:\r\nminor-latin;mso-bidi-font-weight:bold&quot;&gt;&amp;nbsp;&lt;/span&gt;&lt;/p&gt;', 'Стерильная микроинфузионная помпа Accufuser Varicon объемом 300 мл без болюсного модуля предназначена для проведения непрерывной инфузии с различными скоростями вливания лекарственных препаратов. Внутри помпы располагается линейная шкала с увеличительной линзой, что позволяет точно контролировать объем вводимого вещества', '', 'Помпа микроинфузионная одноразовая  Accufuser Varicon. Без болюса. ', '', ''),
(214, 2, 'Комплект белья хирург для трансуретральной резекции (ТУР). Стерильный.', '&lt;p class=&quot;MsoNormal&quot;&gt;Использование одноразовых хирургических\r\nкомплектов позволяет облегчить работу медицинского персонала путем сокращения\r\nвременных затрат на подготовку к процедурам и операциям, а также минимизирует\r\nриски возникновения послеоперационных осложнений и повышает общий уровень\r\nгигиенической безопасности.&amp;nbsp;&lt;/p&gt;&lt;p class=&quot;MsoNormal&quot;&gt;Современные одноразовые хирургические комплекты производятся из высокотехнологичных качественных материалов и комплектуются дополнительными приспособлениями, липкими лентами для надежной фиксации хирургической простыни в области операционного поля или встроенными карманами для отвода жидкости.&lt;/p&gt;&lt;p class=&quot;MsoNormal&quot;&gt;&lt;br&gt;&lt;/p&gt;&lt;p class=&quot;MsoNormal&quot;&gt;О\r\nкомпании&lt;o:p&gt;&lt;/o:p&gt;&lt;/p&gt;&lt;p class=&quot;MsoNormal&quot;&gt;&lt;span style=&quot;background-image: initial; background-attachment: initial; background-size: initial; background-origin: initial; background-clip: initial; background-position: initial; background-repeat: initial;&quot;&gt;ООО «Си Айрлайд» представляет\r\nсобой производственный комплекс полного цикла, входящий в состав холдинга\r\n«ИНСИ» (Челябинск). «Си Айрлайд» &lt;/span&gt;– &lt;span style=&quot;background-image: initial; background-attachment: initial; background-size: initial; background-origin: initial; background-clip: initial; background-position: initial; background-repeat: initial;&quot;&gt;первое и единственное предприятие в России и странах бывшего\r\nСНГ, которое занимается производством и реализацией высокотехнологичного\r\nнатурального нетканого материала по технологии «айрлайд» (airlaid). &lt;o:p&gt;&lt;/o:p&gt;&lt;/span&gt;&lt;/p&gt;&lt;p class=&quot;MsoNormal&quot;&gt;&lt;span style=&quot;background-image: initial; background-attachment: initial; background-size: initial; background-origin: initial; background-clip: initial; background-position: initial; background-repeat: initial;&quot;&gt;Деятельность компании осуществляется\r\nв четырех направлениях, включающих производство и продажу нетканого материала\r\n«айрлайд», изготовление &lt;/span&gt;&lt;span lang=&quot;EN-US&quot; style=&quot;background-image: initial; background-attachment: initial; background-size: initial; background-origin: initial; background-clip: initial; background-position: initial; background-repeat: initial;&quot;&gt;airlaid&lt;/span&gt;&lt;span style=&quot;background-image: initial; background-attachment: initial; background-size: initial; background-origin: initial; background-clip: initial; background-position: initial; background-repeat: initial;&quot;&gt;-продукции\r\nдля частных торговых компаний на контрактной основе; реализацию синтетических\r\nволокон собственной разработки; изготовление и продажу товаров народного\r\nпотребления; производство продукции медицинского\r\nназначения.&lt;o:p&gt;&lt;/o:p&gt;&lt;/span&gt;&lt;/p&gt;&lt;p class=&quot;MsoNormal&quot;&gt;&lt;br&gt;&lt;/p&gt;', 'Стерильный одноразовый комплект хирургического белья включает в себя все необходимые принадлежности для подготовки операционного поля при проведении трансуретральной резекции. \r\n', '', 'Комплект белья хирург для трансуретральной резекции (ТУР). Стерильный.', '', ''),
(279, 2, 'Серджисел материал хирургический гемостатический рассасывающийся 10 x 20см', '&lt;p class=&quot;MsoNormal&quot;&gt;Принцип действия:&lt;o:p&gt;&lt;/o:p&gt;&lt;/p&gt;&lt;p&gt;\r\n\r\n&lt;/p&gt;&lt;p class=&quot;MsoNormal&quot;&gt;При контакте СЕРДЖИСЕЛ с кровью создается кислая среда (pH\r\n2,5 – 3,0), которая усиливает гемостатические качества СЕРДЖИСЕЛ, основанные на\r\nвпитывающих способностях оксицеллюлозы. В кислой среде собственные тромбоциты и\r\nразрушившиеся эритроциты, выделившие кислый гематин, выступают в роли каркаса\r\nдля образования тромбоцитарного сгустка. Кислый гематин окрашивает СЕРДЖИСЕЛ в\r\nтёмно-коричневый цвет.&lt;/p&gt;&lt;p class=&quot;MsoNormal&quot;&gt;О компании&lt;/p&gt;&lt;p class=&quot;MsoNormal&quot; style=&quot;margin-bottom: 20px; max-height: 99999px; position: relative;&quot;&gt;Американская многопрофильная корпорация Johnson &amp;amp; Johnson является одним из крупнейших мировых производителей медицинской, гигиенической и косметической продукции. Более ста лет компания разрабатывает и реализует различные виды медицинского оборудования, инструментов и расходных материалов для оснащения больниц, диагностические приборы, широкий спектр лекарственных препаратов, изделия для поддержания гигиены и сохранения здоровья.&amp;nbsp;&lt;/p&gt;&lt;p class=&quot;MsoNormal&quot; align=&quot;center&quot; style=&quot;margin-bottom: 20px; max-height: 99999px; position: relative; color: rgb(0, 0, 0); font-family: Arial, sans-serif; font-size: 13px; line-height: 22.1px; text-align: center;&quot;&gt;&lt;b&gt;&lt;span style=&quot;font-size: 12pt;&quot;&gt;&amp;nbsp;&lt;/span&gt;&lt;/b&gt;&lt;/p&gt;&lt;p class=&quot;MsoNormal&quot;&gt;&lt;br&gt;&lt;/p&gt;', 'Серджисел - единственный гемостатический материал с доказанной бактерицидной активностью in vitro против широкого спектра патогенных микроорганизмов.  Серджисел сочетает эффективный гемостаз, полное рассасывание и бактерицидную защиту. Полная абсорбция и отсутствие в материале компонентов животного происхождения обеспечивают отсутствие побочных эффектов от применения Серджисел .\r\nНезависимо от того , что продукт продемонстрировал бактерицидный эффект, он не может служить заменой необходимого терапевтическо­го или профилактического антимикробного курса . При осуществлении гемостаза в условиях воспалительного процесса материал подлежит удалению после остановки кровотечения. Размер 10 x 20см', '', 'Серджисел материал хирургический гемостатический рассасывающийся 10 x 20см', '', ''),
(215, 2, 'Нефростомический дренаж с покрытием Urotech Renodrain Yellow', '&lt;p class=&quot;MsoNormal&quot;&gt;Нефростомия – это хирургическая\r\nоперация по установке дренажа, катетера или стента, также называемых\r\nнефростомой, с целью обеспечить искусственное отведение мочи из почки (почек) в\r\nспециальный стерильный контейнер (мочеприемник). Восстановление оттока мочи\r\nпозволяет предотвратить развитие острой почечной недостаточности, гидронефроза\r\nи пиелонефрита.&amp;nbsp; &lt;o:p&gt;&lt;/o:p&gt;&lt;/p&gt;Как правило, нефростомию назначают после операций по удалению камней из почек, после травм почек или мочеточника, при раковых заболеваниях, поражающих простату или мочевой пузырь, а также в качестве подготовительного этапа для дальнейшего хирургического лечения, проведения химиотерапии.&lt;br&gt;&lt;p class=&quot;MsoNormal&quot;&gt;&lt;o:p&gt;&amp;nbsp;&lt;/o:p&gt;&lt;/p&gt;&lt;p class=&quot;MsoNormal&quot;&gt;О\r\nкомпании&lt;o:p&gt;&lt;/o:p&gt;&lt;/p&gt;&lt;p class=&quot;MsoNormal&quot;&gt;За двадцать пять лет своего существования немецкая компания U&lt;span lang=&quot;EN-US&quot;&gt;rotech&lt;/span&gt;\r\nуспела завоевать звание передового производителя в области урологии и\r\nэндоурологии и прочно удерживает лидерские позиции, ежегодно выпуская на рынок\r\nновые высокотехнологичные продукты как для внутрибольничного, так и частного\r\nприменения. Мочеточниковые стенты и нефростомические катетеры производства U&lt;span lang=&quot;EN-US&quot;&gt;rotech&lt;/span&gt;\r\nимеют особое покрытие из&amp;nbsp; фосфорилхолина,\r\nкоторое в значительной степени снижает риски осложнений, связанных с\r\nиспользованием таким имплантатов, продлевают срок службы изделий и увеличивают\r\nкомфорт для пациентов. &lt;o:p&gt;&lt;/o:p&gt;&lt;/p&gt;&lt;p&gt;&lt;br&gt;&lt;/p&gt;', 'Основой набора Renodrain Yellow является нефростомический катетер (стент) типа «свиной хвост» (pigtail), выполненный из специально разработанного для медицинской промышленности алифатического полиуретана,– стойкая, биосовместимая, биостабильная субстанция, позволяющая минимизировать риски возникновения инфекций и предотвратить образование камней, в том числе, при длительном использовании катетера. ', '', 'Нефростомический дренаж с покрытием Urotech Renodrain Yellow', '', ''),
(216, 2, 'Набор для чрескожного дренирования мочевого пузыря (цистостомический)', '&lt;p class=&quot;MsoNormal&quot;&gt;Цистостомия – урологическая операция, целью которой является\r\nсоздание искусственного отверстия (стомы) между передней брюшной стенкой и\r\nмочевым пузырем для отвода избытка мочи и одновременного уменьшения отека\r\nпростаты. Цистостомия назначается при острой задержке мочеиспускания в тех\r\nслучаях, когда произвести катетеризацию мочевого пузыря через уретру не представляется\r\nвозможным: при повреждениях уретры и мочевого пузыря, наличии опухоли или\r\nаденомы простаты, сдавливающих мочевыделительный канал, при наличии стриктур любой\r\nэтиологии.&lt;o:p&gt;&lt;/o:p&gt;&lt;/p&gt;&lt;p class=&quot;MsoNormal&quot;&gt;&lt;o:p&gt;&amp;nbsp;&lt;/o:p&gt;&lt;/p&gt;&lt;p class=&quot;MsoNormal&quot;&gt;О компании&lt;o:p&gt;&lt;/o:p&gt;&lt;/p&gt;&lt;p class=&quot;MsoNormal&quot;&gt;С 1992 года ООО «Минимально инвазивные технологии»\r\nосуществляет разработку, изготовление и реализацию инструментов и оборудования,\r\nпредназначенных для выполнения малоинвазивных хирургических операций при\r\nиспользовании рентген-, эндо-, видео- и ультразвуковых методов контроля. Целью\r\nООО «МИТ» является создание и внедрение новых разновидностей\r\nвысокотехнологичного медицинского инструментария, способных максимально\r\nоблегчить работу врачей и состояние пациентов.&amp;nbsp;&lt;o:p&gt;&lt;/o:p&gt;&lt;/p&gt;&lt;p&gt;\r\n\r\n\r\n\r\n\r\n\r\n\r\n\r\n&lt;/p&gt;&lt;p class=&quot;MsoNormal&quot;&gt;&lt;span style=&quot;font-size:12.0pt;mso-bidi-font-family:Calibri;\r\nmso-bidi-theme-font:minor-latin&quot;&gt;&amp;nbsp;&lt;/span&gt;&lt;/p&gt;', 'Одноразовый стерильный набор инструментов, предназначенный для проведения надлобкового дренирования мочевого пузыря, включает в себя цистостомический катетер типа «свиной хвост» (pigtail),, троакар под катетер цистостомы, разрывной интродюсер, удлинитель-переходник с адаптерами Люер-Лок и Жане, а также прикроватный мочеприемник объемом 1000 мл со специальным клапаном против обратного оттока мочи. Доступные размеры комплектующих набора: катетеры типа «свиной хвост» диаметром  9СН, 12СН, 14СН; троакары диаметром 10СН, 12 СН, 14 СН; интродюсеры с внутренними размерами 10СН, 14СН, 16 СН.', '', 'Набор для чрескожного дренирования мочевого пузыря (цистостомический)', '', ''),
(217, 2, 'Набор  мочеточникового стента с двумя «свиными хвостами»', '&lt;p class=&quot;MsoNormal&quot;&gt;Мочеточниковый стент представляет собой тонкую гибкую трубку\r\nиз высококачественного синтетического материала, устанавливаемую в мочеточник\r\nдля обеспечения оттока мочи из почки в мочевой пузырь или внешнюю систему сбора\r\n(так называемое «закрытое» дренирование мочевых путей).&lt;/p&gt;&lt;p class=&quot;MsoNormal&quot;&gt;&amp;nbsp;Показанием к установке стента является наличие инфекций почек или заболеваний мочевого пузыря, проведение различных хирургических операций на мочевыводящих путях.&lt;/p&gt;&lt;p class=&quot;MsoNormal&quot;&gt;&lt;br&gt;&lt;/p&gt;&lt;p class=&quot;MsoNormal&quot;&gt;&lt;br&gt;&lt;/p&gt;&lt;p class=&quot;MsoNormal&quot;&gt;О компании&lt;o:p&gt;&lt;/o:p&gt;&lt;/p&gt;&lt;p&gt;\r\n\r\n\r\n\r\n\r\n\r\n&lt;/p&gt;&lt;p class=&quot;MsoNormal&quot;&gt;С 1992 года ООО «Минимально инвазивные технологии»\r\nосуществляет разработку, изготовление и реализацию инструментов и оборудования,\r\nпредназначенных для выполнения малоинвазивных хирургических операций при\r\nиспользовании рентген-, эндо-, видео- и ультразвуковых методов контроля. Целью\r\nООО «МИТ» является создание и внедрение новых разновидностей\r\nвысокотехнологичного медицинского инструментария, способных максимально\r\nоблегчить работу врачей и состояние пациентов.&amp;nbsp;&lt;o:p&gt;&lt;/o:p&gt;&lt;/p&gt;', 'Стерильный одноразовый набор включает в себя внутренний мочеточниковый стент, гибкий проводник с фиксированным сердечником и толкатель. На концах стента имеются спиральные завитки – так называемые «свиные хвосты» (pigtail), позволяющие стенту надежно закрепиться в полости тела и препятствующие смещению стента. \r\n\r\n', '', 'Набор  мочеточникового стента с двумя «свиными хвостами»', '', ''),
(218, 2, 'Набор инструментов для чрескожного дренирования полостных образований с дренажем типа «свиной хвост»', '&lt;p class=&quot;MsoNormal&quot;&gt;Чрезкожное, или пункционное, дренирование представляет собой\r\nмалоинвазивную хирургическую операцию, целью которой является введение дренажа\r\n(катетера) в различные полостные образования для последующего удаления\r\nпатологических скоплений жидкостей.&amp;nbsp;&lt;o:p&gt;&lt;/o:p&gt;&lt;/p&gt;&lt;p class=&quot;MsoNormal&quot;&gt;Применение чрескожного дренирования позволяет в значительной\r\nмере снизить риски операционных и послеоперационных осложнений, сократить срок\r\nпребывания пациента в стационаре, а также экономит время медицинского персонала\r\nпри предоперационной подготовке.&amp;nbsp;&lt;o:p&gt;&lt;/o:p&gt;&lt;/p&gt;&lt;p class=&quot;MsoNormal&quot;&gt;&lt;o:p&gt;&amp;nbsp;&lt;/o:p&gt;&lt;/p&gt;&lt;p class=&quot;MsoNormal&quot;&gt;О компании&lt;o:p&gt;&lt;/o:p&gt;&lt;/p&gt;&lt;p&gt;\r\n\r\n\r\n\r\n\r\n\r\n\r\n\r\n\r\n\r\n&lt;/p&gt;&lt;p class=&quot;MsoNormal&quot;&gt;С 1992 года ООО «Минимально инвазивные технологии»\r\nосуществляет разработку, изготовление и реализацию инструментов и оборудования,\r\nпредназначенных для выполнения малоинвазивных хирургических операций при\r\nиспользовании рентген-, эндо-, видео- и ультразвуковых методов контроля. Целью\r\nООО «МИТ» является создание и внедрение новых разновидностей\r\nвысокотехнологичного медицинского инструментария, способных максимально\r\nоблегчить работу врачей и состояние пациентов.&amp;nbsp;&lt;o:p&gt;&lt;/o:p&gt;&lt;/p&gt;', 'В состав одноразового набора инструментов для чрескожного дренирования полостных образований входят следующие комплектующие: \r\nмягкий дренаж типа «свиной хвост» (pigtail) , снабженный адаптером Люер-Лок и фиксатором;  установочная канюля , одинарная пункционная игла, силиконизированный изогнутый сверхжесткий проводник, фасциальные бужи, удлинитель (переходник) с адаптерами Люер-Лок и Жане,  прикроватный мочеприемник объемом 1000 мл со специальным клапаном против обратного оттока мочи. ', '', 'Набор инструментов для чрескожного дренировани', '', ''),
(219, 2, 'Набор для установки нефростомического катетера (двухшаговая техника) ', '&lt;p class=&quot;MsoNormal&quot;&gt;Нефростомия – это хирургическая операция по установке\r\nдренажа, катетера или стента, также называемых нефростомой, с целью обеспечить\r\nискусственное отведение мочи из почки (почек) в специальный стерильный\r\nконтейнер (мочеприемник). Восстановление оттока мочи позволяет предотвратить\r\nразвитие острой почечной недостаточности, гидронефроза и пиелонефрита.&amp;nbsp; &lt;o:p&gt;&lt;/o:p&gt;&lt;/p&gt;&lt;br&gt;&lt;br&gt;&lt;p class=&quot;MsoNormal&quot;&gt;&lt;o:p&gt;&amp;nbsp;&lt;/o:p&gt;&lt;/p&gt;&lt;p class=&quot;MsoNormal&quot;&gt;О компании&lt;o:p&gt;&lt;/o:p&gt;&lt;/p&gt;&lt;p&gt;\r\n\r\n\r\n\r\n\r\n\r\n\r\n\r\n\r\n\r\n\r\n\r\n&lt;/p&gt;&lt;p class=&quot;MsoNormal&quot;&gt;Основанная в 1885 году немецкая компания Rusch занимается\r\nпроизводством широкого спектра инструментов одноразового и многократного\r\nприменения, а также сопутствующих товаров медицинского назначения для различных\r\nпроцедур инвазивного и неинвазивного хирургического вмешательства. Ассортимент\r\nкомпании включает более 10000 наименований, широко использующихся в таких\r\nобластях медицины, как анестезиология, урология, гастроэнтерология, реанимация,\r\nинтенсивная терапия, отоларингология.&amp;nbsp;&lt;o:p&gt;&lt;/o:p&gt;&lt;/p&gt;', 'Набор включает в себя все необходимые инструменты для проведения нефростомической операции по двухшаговой технике: пункционную иглу, дренажный катетер типа «свиной хвост» (pigtail); спиральный стилет-проводник и вспомогательный полый стилет; регулирующий кран-переходник, а также адаптер с разъемом Люер-Лок и воронкой для соединения с мочеприемником. ', '', 'Набор для установки нефростомического катетера (двухшаговая техника) ', '', ''),
(118, 2, 'Двусторонний коллагеновый имплантат для пластики ТМО DuraGen Plus', '&lt;p class=&quot;MsoNormal&quot;&gt;&amp;nbsp;Оптимизированная пористая структура имплантатов способствует равномерному\r\nвосстановлению ткани по всей матрице иплантата. Через 6-8 недель после\r\nпроведения операции имплантат полностью резорбируется и замещается мозговой\r\nоболочкой. «Новая» оболочка развивается в зрелую примерно через год. Имплантаты\r\n&lt;span lang=&quot;EN-US&quot;&gt;DuraGen&lt;/span&gt;&lt;span lang=&quot;EN-US&quot;&gt; &lt;/span&gt;выпускаются в нескольких размерах для лучшего\r\nсоответствия конкретному дефекту; кроме того, каждый имплантат можно легко\r\nобрезать под требуемые параметры.&lt;o:p&gt;&lt;/o:p&gt;&lt;/p&gt;&lt;p class=&quot;MsoNormal&quot;&gt;\r\n\r\n&lt;/p&gt;&lt;p class=&quot;MsoNormal&quot;&gt;&lt;span style=&quot;font-size: 12px;&quot;&gt;О компании:&lt;/span&gt;&lt;br&gt;&lt;/p&gt;&lt;p class=&quot;MsoNormal&quot;&gt;&lt;o:p&gt;&lt;/o:p&gt;&lt;/p&gt;&lt;p class=&quot;MsoNormal&quot;&gt;\r\n\r\n&lt;o:p&gt;&lt;/o:p&gt;&lt;/p&gt;&lt;p class=&quot;MsoNormal&quot;&gt;Основанная в 1989 году\r\nамериканская компания &lt;span class=&quot;A2&quot;&gt;Integra LifeSciences сегодня\r\nявляется одним из мировых лидеров в разработке и производстве различных\r\nпродуктов и инструментов медицинского назначения. Основной акцент в своей\r\nработе компания делает на развитие ортопедии и нейрохирургии. Так,\r\nортопедическая продукция Integra включает в себя специализированные\r\nметаллические имплантаты для восстановления травмированных конечностей (стоп и\r\nголеностопа, кисти и запястья), плеч, локтей, позвоночника, ортобиологическую\r\nпродукцию для восстановления целостности костей, приспособления и имплантаты\r\nдля регенерации кожи, продукцию для &lt;/span&gt;защиты и\r\nвосстановления сухожилий и периферических нервов, заживления ран. Нейрохирургам\r\nкомпания предлагает инновационные имплантаты для пластики твердой мозговой\r\nоболочки, ультразвуковые хирургические устройства для удаления тканей, системы стабилизации\r\nчерепа&lt;span class=&quot;st&quot;&gt;\r\n&lt;/span&gt;&lt;span class=&quot;st&quot;&gt;и ретракции тканей мозга,\r\nприспособления для измерения различных параметров мозга, шунтирующие системы.&lt;/span&gt;&lt;/p&gt;', 'DuraGen Plus отличается от DuraGen, более плотной и однородной структурой и возможностью наложения любой из сторон. Все это  способствует более быстрому и равномерному росту новых клеток, как следствие, ускоряя процесс заживления. Препятствует спаечным процессам, предотвращает возникновение перидурального фиброза при операциях на позвоночнике. Полностью растворяется в тканях по мере замещения новыми клетками. Не требует наложения швов. Размер 5 см х 5 см\r\n\r\n', '', 'DP1022I', '', ''),
(220, 2, 'Катетер нефростомический с набором для установки', '&lt;p class=&quot;MsoNormal&quot;&gt;Нефростомия – это хирургическая операция по установке\r\nдренажа, катетера или стента, также называемых нефростомой, с целью обеспечить\r\nискусственное отведение мочи из почки (почек) в специальный стерильный\r\nконтейнер (мочеприемник). Восстановление оттока мочи позволяет предотвратить\r\nразвитие острой почечной недостаточности, гидронефроза и пиелонефрита.&amp;nbsp;&lt;/p&gt;&lt;p class=&quot;MsoNormal&quot;&gt;О компании&lt;o:p&gt;&lt;/o:p&gt;&lt;/p&gt;&lt;p&gt;\r\n\r\n\r\n\r\n\r\n\r\n\r\n\r\n\r\n\r\n&lt;/p&gt;&lt;p class=&quot;MsoNormal&quot;&gt;Основанная в 1885 году немецкая компания Rusch занимается\r\nпроизводством широкого спектра инструментов одноразового и многократного\r\nприменения, а также сопутствующих товаров медицинского назначения для различных\r\nпроцедур инвазивного и неинвазивного хирургического вмешательства. Ассортимент\r\nкомпании включает более 10000 наименований, широко использующихся в таких\r\nобластях медицины, как анестезиология, урология, гастроэнтерология, реанимация,\r\nинтенсивная терапия, отоларингология.&amp;nbsp;&lt;o:p&gt;&lt;/o:p&gt;&lt;/p&gt;', 'Предназначенный для проведения нефростомии по двухшаговой технике стерильный набор состоит из нефростомического катетера и вспомогательных инструментов. Включает в себя полиуретановый рентгеноконтрастный катетер типа «свиной хвост» (pigtail) размера СН 8 с шестью дренажными отверстиями, ; полый стилет из нержавеющей стали с пластиковым сердечником для выпрямления закругления катетера; отсоединяемый адаптер типа Люер-Лок с запорным краном и пластиковый адаптер с разъемом Люер-Лок и воронкой для соединения с мочеприемником. ', '', 'Катетер нефростомический с набором для установки', '', ''),
(221, 2, 'Стент хирургический мочеточниковый, открытый, толкатель 45 см, без струны.', '&lt;p class=&quot;MsoNormal&quot;&gt;Мочеточниковый стент представляет собой тонкую гибкую трубку\r\nиз высококачественного синтетического материала, устанавливаемую в мочеточник\r\nдля обеспечения оттока мочи из почки в мочевой пузырь или внешнюю систему сбора\r\n(так называемое «закрытое» дренирование мочевых путей).&amp;nbsp;&lt;o:p&gt;&lt;/o:p&gt;&lt;/p&gt;&lt;p class=&quot;MsoNormal&quot;&gt;&lt;o:p&gt;&amp;nbsp;Показанием к установке стента является наличие инфекций почек или заболеваний мочевого пузыря, проведение различных хирургических операций на мочевыводящих путях. Размер, форма и срок постановки стента варьируются в зависимости от истории болезни и анатомии конкретного пациента.&lt;/o:p&gt;&lt;/p&gt;&lt;p class=&quot;MsoNormal&quot;&gt;&lt;o:p&gt;&lt;br&gt;&lt;/o:p&gt;&lt;/p&gt;&lt;p class=&quot;MsoNormal&quot;&gt;&lt;o:p&gt;&lt;br&gt;&lt;/o:p&gt;&lt;/p&gt;&lt;p class=&quot;MsoNormal&quot;&gt;О компании&lt;o:p&gt;&lt;/o:p&gt;&lt;/p&gt;&lt;p&gt;\r\n\r\n\r\n\r\n\r\n\r\n&lt;/p&gt;&lt;p class=&quot;MsoNormal&quot;&gt;Основанная в 1885 году немецкая компания Rusch занимается\r\nпроизводством широкого спектра инструментов одноразового и многократного\r\nприменения, а также сопутствующих товаров медицинского назначения для различных\r\nпроцедур инвазивного и неинвазивного хирургического вмешательства. Ассортимент\r\nкомпании включает более 10000 наименований, широко использующихся в таких\r\nобластях медицины, как анестезиология, урология, гастроэнтерология, реанимация,\r\nинтенсивная терапия, отоларингология.&amp;nbsp;&lt;o:p&gt;&lt;/o:p&gt;&lt;/p&gt;', 'Стерильный набор включает в себя мочеточниковый стент и толкатель, изготовленные из биосовместимого полиуретана без применения латекса. Стент имеет два атравматичных наконечника «свиной хвост» (pigtail) открытого типа, снабжен боковыми дренажными отверстиями, расположенными спиралевидно по всей его длине, а также удобной разметкой в сантиметрах и линией для определения направления загиба конца стента. \r\n', '', 'Стент хирургический мочеточниковый, открытый, толкатель 45 см, без струны.', '', ''),
(222, 2, 'Стент хирургический мочеточниковый с одним &quot;пигтейл&quot;, 90 см, закрытый', '&lt;p class=&quot;MsoNormal&quot;&gt;Мочеточниковый стент представляет собой тонкую гибкую трубку\r\nиз высококачественного синтетического материала, устанавливаемую в мочеточник\r\nдля обеспечения оттока мочи из почки в мочевой пузырь или внешнюю систему сбора\r\n(так называемое «закрытое» дренирование мочевых путей).&amp;nbsp;&lt;o:p&gt;&lt;/o:p&gt;&lt;/p&gt;&lt;p class=&quot;MsoNormal&quot;&gt;&lt;o:p&gt;&amp;nbsp;&lt;/o:p&gt;&lt;/p&gt;&lt;p class=&quot;MsoNormal&quot;&gt;О компании&lt;o:p&gt;&lt;/o:p&gt;&lt;/p&gt;&lt;p&gt;\r\n\r\n\r\n\r\n\r\n\r\nОснованная в 1885 году немецкая компания Rusch\r\nзанимается производством широкого спектра инструментов одноразового и\r\nмногократного применения, а также сопутствующих товаров медицинского назначения\r\nдля различных процедур инвазивного и неинвазивного хирургического\r\nвмешательства. Ассортимент компании включает более 10000 наименований, широко\r\nиспользующихся в таких областях медицины, как анестезиология, урология,\r\nгастроэнтерология, реанимация, интенсивная терапия, отоларингология.&amp;nbsp;&lt;br&gt;&lt;/p&gt;', 'Мочеточниковый стент с одним атравматичным завитком «свиной хвост» (pigtail) закрытого типа. На завитке стента расположены дренажные отверстия. В комплект также входят фиксирующий пластиковый зажим и струна-проводник с неподвижным сердечником, гибким и жестким наконечниками, выполненная из нержавеющей стали с тефлоновым покрытием. \r\n\r\n', '', 'Стент хирургический мочеточниковый с одним &quot;пигтейл&quot;, 90 см, закрытый', '', ''),
(223, 2, 'Стент хирургический мочеточниковый Superglide, 26 см, 28 см, открытый с ретракционной нитью', '&lt;p class=&quot;MsoNormal&quot;&gt;Мочеточниковый стент представляет собой тонкую гибкую трубку\r\nиз высококачественного синтетического материала, устанавливаемую в мочеточник\r\nдля обеспечения оттока мочи из почки в мочевой пузырь или внешнюю систему сбора\r\n(так называемое «закрытое» дренирование мочевых путей).&amp;nbsp;&lt;o:p&gt;&lt;/o:p&gt;&lt;/p&gt;&lt;p class=&quot;MsoNormal&quot;&gt;&lt;o:p&gt;&amp;nbsp;Показанием к установке стента является наличие инфекций почек или заболеваний мочевого пузыря, проведение различных хирургических операций на мочевыводящих путях. Размер, форма и срок постановки стента варьируются в зависимости от истории болезни и анатомии конкретного пациента.&lt;/o:p&gt;&lt;/p&gt;&lt;p class=&quot;MsoNormal&quot;&gt;&lt;o:p&gt;&lt;br&gt;&lt;/o:p&gt;&lt;/p&gt;&lt;p class=&quot;MsoNormal&quot;&gt;&lt;o:p&gt;&lt;br&gt;&lt;/o:p&gt;&lt;/p&gt;&lt;p class=&quot;MsoNormal&quot;&gt;О компании&lt;o:p&gt;&lt;/o:p&gt;&lt;/p&gt;&lt;p class=&quot;MsoNormal&quot;&gt;Основанная в 1885 году немецкая компания Rusch занимается\r\nпроизводством широкого спектра инструментов одноразового и многократного\r\nприменения, а также сопутствующих товаров медицинского назначения для различных\r\nпроцедур инвазивного и неинвазивного хирургического вмешательства. Ассортимент\r\nкомпании включает более 10000 наименований, широко использующихся в таких\r\nобластях медицины, как анестезиология, урология, гастроэнтерология, реанимация,\r\nинтенсивная терапия, отоларингология.&lt;/p&gt;', 'Стент снабжен боковыми дренажными отверстиями, расположенными спиралевидно по всей его длине, а также удобной разметкой в сантиметрах и линией для определения направления загиба конца стента. Ретракционная нить позволяет регулировать положение стента во время установки.  Длина  26 и 28 см.', '', 'Стент хирургический мочеточниковый Superglide, 26 см, 28 см, открытый с ретракционной нитью', '', ''),
(224, 2, 'Катетер уретральный, 2-ход., 100% силикон, со стилетом, баллон 1.5-5 мл, 31 см', '&lt;p class=&quot;MsoNormal&quot;&gt;&lt;span style=&quot;font-size: 12px;&quot;&gt;Катетер Фолея – вид урологических катетеров, чаще всего\r\nиспользуемых в медицинской практике для продолжительного дренирования мочевого\r\nпузыря, обследований и диагностики заболеваний. &amp;nbsp;После введения\r\nкатетера в полость тела баллон раздувают посредством введения жидкости, что\r\nобеспечивает надежную фиксацию катетера. Баллон оснащен антивозвратным\r\nклапаном, предотвращающим самопроизвольное вытекание жидкости.&lt;/span&gt;&lt;span style=&quot;font-size: 12px;&quot;&gt;&amp;nbsp;&amp;nbsp;&lt;/span&gt;&lt;/p&gt;&lt;p class=&quot;MsoNormal&quot;&gt;Катетер Фолея применяется при заболеваниях и повреждениях, вызывающих сужение просвета мочеточника, в результате чего затрудняется процесс мочеиспускания.&amp;nbsp;&lt;br&gt;&lt;br&gt;&lt;/p&gt;&lt;p class=&quot;MsoNormal&quot;&gt;О компании&lt;o:p&gt;&lt;/o:p&gt;&lt;/p&gt;&lt;p&gt;\r\n\r\n\r\n\r\n\r\n\r\n\r\n\r\n\r\n\r\n\r\n\r\n\r\n\r\n\r\n\r\nОснованная в 1885 году немецкая компания Rusch\r\nзанимается производством широкого спектра инструментов одноразового и\r\nмногократного применения, а также сопутствующих товаров медицинского назначения\r\nдля различных процедур инвазивного и неинвазивного хирургического\r\nвмешательства. Ассортимент компании включает более 10000 наименований, широко\r\nиспользующихся в таких областях медицины, как анестезиология, урология,\r\nгастроэнтерология, реанимация, интенсивная терапия, отоларингология.&amp;nbsp;&lt;br&gt;&lt;/p&gt;', 'Детский стерильный уретральный двухходовой катетер Фолея изготовлен из высококачественного прозрачного силикона без использования латекса. Катетер имеет атравматичный рентгеноконтрастный наконечник цилиндрической формы, клапан для шприцев с разъемом Люер-Лок; снабжен рентгеноконтрастной продольной линией по всей своей длине.  ', '', 'Катетер уретральный, 2-ход., 100% силикон, со стилетом, баллон 1.5-5 мл, 31 см', '', '');
INSERT INTO `ts_product_description` (`product_id`, `language_id`, `name`, `description`, `short_description`, `tag`, `meta_title`, `meta_description`, `meta_keyword`) VALUES
(225, 2, 'Катетер урологический, уретральный, трехходовой Фолея, баллон от 20 до 30 мл.', '&lt;p class=&quot;MsoNormal&quot;&gt;&lt;span style=&quot;font-size: 12px;&quot;&gt;Катетер Фолея – вид урологических катетеров, чаще всего\r\nиспользуемых в медицинской практике для продолжительного дренирования мочевого\r\nпузыря, обследований и диагностики заболеваний. Он представляет собой\r\nэластичную трубку, выполненную из современных высококачественных синтетических\r\nматериалов.&amp;nbsp;&lt;/span&gt;&lt;/p&gt;&lt;p class=&quot;MsoNormal&quot;&gt;Катетер Фолея применяется при заболеваниях и повреждениях, вызывающих сужение просвета мочеточника, в результате чего затрудняется процесс мочеиспускания. Бессознательное состояние пациента, лишающее его контроля над мочеиспусканием – например, состояние комы, тяжелые острые нарушения мозгового кровообращения, наркотический сон во время операции – также являются показанием для установки катетера Фолея.&lt;/p&gt;&lt;p class=&quot;MsoNormal&quot;&gt;&lt;br&gt;&lt;/p&gt;&lt;p class=&quot;MsoNormal&quot;&gt;О компании&lt;o:p&gt;&lt;/o:p&gt;&lt;/p&gt;&lt;p&gt;\r\n\r\n\r\n\r\n\r\n\r\n\r\n\r\n\r\n\r\n\r\n\r\n\r\n\r\n\r\n\r\n&lt;/p&gt;&lt;p class=&quot;MsoNormal&quot;&gt;Основанная в 1885 году немецкая компания Rusch занимается\r\nпроизводством широкого спектра инструментов одноразового и многократного\r\nприменения, а также сопутствующих товаров медицинского назначения для различных\r\nпроцедур инвазивного и неинвазивного хирургического вмешательства. Ассортимент\r\nкомпании включает более 10000 наименований, широко использующихся в таких\r\nобластях медицины, как анестезиология, урология, гастроэнтерология, реанимация,\r\nинтенсивная терапия, отоларингология.&lt;o:p&gt;&lt;/o:p&gt;&lt;/p&gt;', 'Стерильный уретральный трехходовой катетер Фолея серии Rusch Gold изготовлен из высококачественного силиконизированного латекса. Предназначен для послеоперационного отведения мочи. Катетер имеет атравматичный рентгеноконтрастный наконечник цилиндрической формы, клапан для шприцев с разъемом Люер. Два дренажных отверстия расположены на одной линии.\r\n\r\n', '', 'Катетер урологический, уретральный, трехходовой Фолея, баллон от 20 до 30 мл.', '', ''),
(226, 2, 'Катетер цистостомический на стилете из нержавеющей стали,  2-ходовой, 10 мл', '&lt;p class=&quot;MsoNormal&quot;&gt;При введении\r\nкатетера пластик остается достаточно жестким, что облегчает процесс\r\nкатетеризации, а гибкость, приобретаемая материалом под воздействием тепла\r\nтела, позволяет катетеру оптимально адаптироваться под анатомию пациента. &lt;o:p&gt;&lt;/o:p&gt;&lt;/p&gt;&lt;p class=&quot;MsoNormal&quot;&gt;Пункция мочевого пузыря – это экстренная малоинвазивная хирургическая\r\nпроцедура, проводимая при острой задержке мочи. Такая операция показана в\r\nслучаях, когда обычная катетеризация не представляется возможной, а именно: при\r\nгипертрофии или аденоме предстательной железы, разрыве или сужении уретры, при\r\nналичии в уретре камня или инородного тела. &lt;o:p&gt;&lt;/o:p&gt;&lt;/p&gt;&lt;p class=&quot;MsoNormal&quot;&gt;&lt;o:p&gt;&amp;nbsp;&lt;/o:p&gt;&lt;/p&gt;&lt;p class=&quot;MsoNormal&quot;&gt;О компании&lt;o:p&gt;&lt;/o:p&gt;&lt;/p&gt;&lt;p class=&quot;MsoNormal&quot;&gt;Основанная в 1885 году немецкая компания Rusch занимается\r\nпроизводством широкого спектра инструментов одноразового и многократного\r\nприменения, а также сопутствующих товаров медицинского назначения для различных\r\nпроцедур инвазивного и неинвазивного хирургического вмешательства. Ассортимент\r\nкомпании включает более 10000 наименований, широко использующихся в таких\r\nобластях медицины, как анестезиология, урология, гастроэнтерология, реанимация,\r\nинтенсивная терапия, отоларингология.&amp;nbsp;&lt;/p&gt;&lt;p&gt;\r\n\r\n\r\n\r\n\r\n\r\n\r\n\r\n\r\n\r\n\r\n\r\n\r\n\r\n&lt;/p&gt;&lt;p class=&quot;MsoNormal&quot;&gt;&amp;nbsp;&lt;o:p&gt;&lt;/o:p&gt;&lt;/p&gt;', 'Специализированный стерильный инструмент от Rusch серии Simplastic предназначен для выполнения процедуры экстренной пункции мочевого пузыря. Представляет собой двухходовой цистостомический катетер, изготовленный из  ПВХ, с воронкой и встроенным регулируемым троакаром, обеспечивающим точность проведения пункции. ', '', 'Катетер цистостомический на стилете из нержавеющей стали,  2-ходовой, баллон из латекса 10 мл', '', ''),
(227, 2, 'Кабель осветительный эндоскопический &quot;ЭЛЕПС&quot;, 5мм, 230 см', '&lt;p class=&quot;MsoNormal&quot;&gt;О компании&lt;o:p&gt;&lt;/o:p&gt;&lt;/p&gt;&lt;p class=&quot;MsoNormal&quot;&gt;Основанная в 1991 году на заре развития отечественной\r\nэндохирургии компания «Элепс» сегодня считается безусловным лидером в\r\nпроизводстве эндохирургического оборудования – оптики, приборов, инструментов,\r\nа также средств для их стерилизации и дезинфекции. Своим клиентам «Элепс» предлагает\r\nфункционально полные эндовидеохирургические комплексы для различных областей\r\nхирургии. Широкий спектр оборудования позволяет подобрать оптимальный вариант\r\nкомплектации. Оптика и приборы успешно используются в Индии, Италии, Германии,\r\nТурции, Великобритании, Гонконге и странах ближнего зарубежья и составляют\r\nдостойную конкуренцию продукции ведущих зарубежных производителей.&lt;o:p&gt;&lt;/o:p&gt;&lt;/p&gt;&lt;p&gt;\r\n\r\n\r\n\r\n&lt;/p&gt;&lt;p class=&quot;MsoNormal&quot;&gt;&lt;o:p&gt;&amp;nbsp;&lt;/o:p&gt;&lt;/p&gt;', 'Осветительный кабель для использования в эндоскопии. Предназначен для передачи светового потока от осветителя до входного разъема осветительного канала жесткого эндоскопа. ', '', 'Кабель осветительный эндоскопический &quot;ЭЛЕПС&quot;, 5мм, 230 см', '', ''),
(228, 2, 'Трубка оптическая прямая  (для лапароскопии, ) 30 град', '&lt;p class=&quot;MsoNormal&quot;&gt;&lt;span style=&quot;font-size: 12px;&quot;&gt;Дистальный конец трубки\r\nоснащен впаянной сапфировой линзой, которая снижает необходимость специальной\r\nчистки дистального защитного стекла за счет устойчивости к отложению солей. В\r\nданной оптической трубке используется стержневая широкоформатная оптическая\r\nсистема с многослойным просветляющим покрытием и полем зрения до 90&lt;/span&gt;&lt;span style=&quot;font-size: 12px; font-family: &amp;quot;Cambria Math&amp;quot;, serif;&quot;&gt;⁰&lt;/span&gt;&lt;span style=&quot;font-size: 12px;&quot;&gt;. &amp;nbsp;Оптическая трубка укомплектована двумя переходниками для подключения световых\r\nкабелей различных производителей, включая Karl Storz и Wolf. &amp;nbsp;&lt;/span&gt;&lt;/p&gt;&lt;p class=&quot;MsoNormal&quot;&gt;О компании&lt;o:p&gt;&lt;/o:p&gt;&lt;/p&gt;&lt;p class=&quot;MsoNormal&quot;&gt;Основанная в 1991 году на заре развития отечественной\r\nэндохирургии компания «Элепс» сегодня считается безусловным лидером в\r\nпроизводстве эндохирургического оборудования – оптики, приборов, инструментов,\r\nа также средств для их стерилизации и дезинфекции. Своим клиентам «Элепс» предлагает\r\nфункционально полные эндовидеохирургические комплексы для различных областей\r\nхирургии. Широкий спектр оборудования позволяет подобрать оптимальный вариант\r\nкомплектации.&lt;o:p&gt;&lt;/o:p&gt;&lt;/p&gt;&lt;p class=&quot;MsoNormal&quot; style=&quot;text-align:justify&quot;&gt;\r\n\r\n\r\n\r\n&lt;/p&gt;&lt;p class=&quot;MsoNormal&quot;&gt;&lt;o:p&gt;&amp;nbsp;&lt;/o:p&gt;&lt;/p&gt;', 'Трубка оптическая, или лапароскоп (эндоскоп), предназначена для осуществления визуального контроля исследуемой или оперируемой полости тела и освещения этой полости при проведении диагностических осмотров и хирургических операций на внутренних органах. Совместима со всеми стандартными эндоскопическими камерами, в том числе, имеющими высокое разрешение HD и Full HD.    \r\nДиаметр рабочей части трубки составляет 10 мм, длина рабочей части – 320 мм. Угол направления наблюдения – 30°. \r\n', '', 'Трубка оптическая прямая  (для лапароскопии, ) 30 град', '', ''),
(229, 2, 'Трубка оптическая прямая  (для лапароскопии, d10 мм, 0 град.', '&lt;p class=&quot;MsoNormal&quot;&gt;Корпус оптической трубки выполнен из особой\r\nкоррозионностойкой стали, наглазник изготовлен из пластика. Дистальный конец трубки\r\nоснащен впаянной сапфировой линзой, которая снижает необходимость специальной\r\nчистки дистального защитного стекла за счет устойчивости к отложению солей. В\r\nданной оптической трубке используется стержневая широкоформатная оптическая\r\nсистема с многослойным просветляющим покрытием и полем зрения до 90⁰. &amp;nbsp;Оптическая трубка укомплектована двумя переходниками для подключения световых\r\nкабелей различных производителей, включая Karl Storz и Wolf. &amp;nbsp;&lt;/p&gt;&lt;p class=&quot;MsoNormal&quot;&gt;О компании&lt;o:p&gt;&lt;/o:p&gt;&lt;/p&gt;&lt;p class=&quot;MsoNormal&quot;&gt;Основанная в 1991 году на заре развития отечественной эндохирургии\r\nкомпания «Элепс» сегодня считается безусловным лидером в производстве\r\nэндохирургического оборудования – оптики, приборов, инструментов, а также\r\nсредств для их стерилизации и дезинфекции. Своим клиентам «Элепс» предлагает\r\nфункционально полные эндовидеохирургические комплексы для различных областей\r\nхирургии. Широкий спектр оборудования позволяет подобрать оптимальный вариант\r\nкомплектации.&amp;nbsp;&lt;o:p&gt;&lt;/o:p&gt;&lt;/p&gt;&lt;p&gt;\r\n\r\n\r\n\r\n\r\n\r\n\r\n\r\n\r\n\r\n&lt;/p&gt;&lt;p class=&quot;MsoNormal&quot;&gt;&lt;o:p&gt;&amp;nbsp;&lt;/o:p&gt;&lt;/p&gt;', 'Трубка оптическая, или лапароскоп (эндоскоп), предназначена для осуществления визуального контроля исследуемой или оперируемой полости тела и освещения этой полости при проведении диагностических осмотров и хирургических операций на внутренних органах. Совместима со всеми стандартными эндоскопическими камерами, в том числе, имеющими высокое разрешение HD и Full HD.    \r\nДиаметр рабочей части трубки составляет 10 мм, длина рабочей части – 320 мм. Угол направления наблюдения – 0°. \r\n', '', 'Трубка оптическая прямая  (для лапароскопии, d10 мм, 0 град.', '', ''),
(230, 2, 'Троакар  универсальный с газоподачей  5мм ', '&lt;p&gt;Троакар укомплектован уплотнительной прокладкой для надежной фиксации в брюшной стенке. Имеется механизм защиты линз оптических приборов от возможных повреждений частями трокара при операциях.&amp;nbsp;&lt;br&gt;&lt;/p&gt;&lt;p&gt;О компании&amp;nbsp;&lt;/p&gt;&lt;p&gt;Основанная в 1991 году на заре развития отечественной\r\nэндохирургии компания «Элепс» сегодня считается безусловным лидером в\r\nпроизводстве эндохирургического оборудования – оптики, приборов, инструментов,\r\nа также средств для их стерилизации и дезинфекции. Своим клиентам «Элепс» предлагает\r\nфункционально полные эндовидеохирургические комплексы для различных областей\r\nхирургии. Широкий спектр оборудования позволяет подобрать оптимальный вариант\r\nкомплектации. Оптика и приборы успешно используются в Индии, Италии, Германии,\r\nТурции, Великобритании, Гонконге и странах ближнего зарубежья и составляют\r\nдостойную конкуренцию продукции ведущих зарубежных производителей&lt;br&gt;&lt;/p&gt;', 'Универсальный разборной троакар снабжен автоматическим подвижным самоцентрирующимся клапаном для газоподачи с возможностью ручного управления. Клапан оснащен запирающимся краном, регулирующим процессы инсуффляции и десуффляции.\r\nДиаметр троакара составляет 5 мм, длина – 105 мм.\r\n', '', 'Троакар  универсальный с газоподачей  5мм ', '', ''),
(231, 2, 'Троакар универсальный с газоподачей 10 мм', '&lt;p class=&quot;MsoListParagraph&quot; style=&quot;margin-left: 0cm;&quot;&gt;О компании&lt;o:p&gt;&lt;/o:p&gt;&lt;/p&gt;&lt;p&gt;\r\n\r\n&lt;/p&gt;&lt;p class=&quot;MsoNormal&quot;&gt;&lt;span style=&quot;background-image: initial; background-attachment: initial; background-size: initial; background-origin: initial; background-clip: initial; background-position: initial; background-repeat: initial;&quot;&gt;Основанная в 1991 году на заре развития\r\nотечественной эндохирургии компания «Элепс» сегодня считается безусловным\r\nлидером в производстве эндохирургического оборудования – оптики, приборов,\r\nинструментов, а также средств для их стерилизации и дезинфекции. &lt;/span&gt;Своим клиентам «Элепс» &lt;span style=&quot;background-image: initial; background-attachment: initial; background-size: initial; background-origin: initial; background-clip: initial; background-position: initial; background-repeat: initial;&quot;&gt;предлагает функционально полные\r\nэндовидеохирургические комплексы для различных областей хирургии. Широкий\r\nспектр оборудования позволяет подобрать оптимальный вариант комплектации.&lt;/span&gt;&lt;span style=&quot;background-image: initial; background-attachment: initial; background-size: initial; background-origin: initial; background-clip: initial; background-position: initial; background-repeat: initial;&quot;&gt;&amp;nbsp;&lt;/span&gt;&lt;/p&gt;', 'Универсальный разборной троакар снабжен автоматическим подвижным самоцентрирующимся клапаном для газоподачи с возможностью ручного управления. Клапан оснащен запирающимся краном, регулирующим процессы инсуффляции и десуффляции. Троакар укомплектован уплотнительной прокладкой для надежной фиксации в брюшной стенке. Имеется механизм защиты линз оптических приборов от возможных повреждений частями трокара при операциях. \r\nТроакар изготовлен из металла, рабочие части имеют антибликовое покрытие. \r\nДиаметр троакара составляет 10 мм, длина – 105 мм.\r\n', '', 'Троакар универсальный с газоподачей 10 мм', '', ''),
(232, 2, 'Вставка эндоскопическая редуцирующая ', '&lt;p class=&quot;MsoNormal&quot;&gt;О компании&lt;o:p&gt;&lt;/o:p&gt;&lt;/p&gt;&lt;p class=&quot;MsoNormal&quot;&gt;Основанная в 1991 году на заре развития отечественной\r\nэндохирургии компания «Элепс» сегодня считается безусловным лидером в\r\nпроизводстве эндохирургического оборудования – оптики, приборов, инструментов,\r\nа также средств для их стерилизации и дезинфекции. Своим клиентам «Элепс» предлагает\r\nфункционально полные эндовидеохирургические комплексы для различных областей\r\nхирургии. Широкий спектр оборудования позволяет подобрать оптимальный вариант\r\nкомплектации.&amp;nbsp;&lt;o:p&gt;&lt;/o:p&gt;&lt;/p&gt;&lt;p&gt;\r\n\r\n\r\n\r\n&lt;/p&gt;&lt;p class=&quot;MsoNormal&quot; style=&quot;text-align: justify; vertical-align: baseline; background-image: initial; background-attachment: initial; background-size: initial; background-origin: initial; background-clip: initial; background-position: initial; background-repeat: initial;&quot;&gt;&lt;span style=&quot;font-family:&amp;quot;Calibri&amp;quot;,&amp;quot;sans-serif&amp;quot;;mso-ascii-theme-font:\r\nminor-latin;mso-hansi-theme-font:minor-latin;mso-bidi-theme-font:minor-latin;\r\ncolor:#222222&quot;&gt;&amp;nbsp;&lt;/span&gt;&lt;/p&gt;', 'Редуцирующая вставка-переходник (адаптер) используется для адаптации эндоскопического инструмента к троакарному тубусу большего диаметра. Обеспечивает полный охват инструмента для оптимальной герметизации канала за счет наличия специальной прокладки. ', '', 'Вставка эндоскопическая редуцирующая ', '', ''),
(233, 2, 'Инструмент для расширения полостей 5/10мм', '&lt;p class=&quot;MsoNormal&quot;&gt;О компании&lt;o:p&gt;&lt;/o:p&gt;&lt;/p&gt;&lt;p&gt;\r\n\r\n&lt;/p&gt;&lt;p class=&quot;MsoNormal&quot;&gt;Основанная в 1991 году на заре развития отечественной\r\nэндохирургии компания «Элепс» сегодня считается безусловным лидером в\r\nпроизводстве эндохирургического оборудования – оптики, приборов, инструментов,\r\nа также средств для их стерилизации и дезинфекции. Своим клиентам «Элепс» предлагает\r\nфункционально полные эндовидеохирургические комплексы для различных областей\r\nхирургии. Широкий спектр оборудования позволяет подобрать оптимальный вариант\r\nкомплектации.&amp;nbsp;&lt;o:p&gt;&lt;/o:p&gt;&lt;/p&gt;', 'Эндохирургический инструмент предназначен для расширения отверстий диаметром от 5 до 10 мм в мягкой ткани брюшной полости. \r\n\r\n', '', 'Инструмент для расширения полостей 5/10мм', '', ''),
(234, 2, 'Кабель для подключения монополярного лапароскопического инструмента  (монополярных пинцетов)', '&lt;p&gt;Основанная в 1991 году на заре развития\r\nотечественной эндохирургии компания «Элепс» сегодня считается безусловным\r\nлидером в производстве эндохирургического оборудования – оптики, приборов,\r\nинструментов, а также средств для их стерилизации и дезинфекции. Своим клиентам\r\n«Элепс» предлагает функционально полные эндовидеохирургические комплексы для\r\nразличных областей хирургии. Широкий спектр оборудования позволяет подобрать\r\nоптимальный вариант комплектации.&lt;br&gt;&lt;/p&gt;', 'Соединительный кабель применяется для подключения монополярного лапароскопического инструмента (монополярных пинцетов).', '', 'Кабель для подключения монополярного лапароскопического инструмента  (монополярных пинцетов)', '', ''),
(235, 2, 'Зажим эндоскопический монополярный &quot;Диссектор прямой малый&quot; 5 мм.', '&lt;p class=&quot;MsoNormal&quot;&gt;О компании&lt;o:p&gt;&lt;/o:p&gt;&lt;/p&gt;&lt;p&gt;\r\n\r\n&lt;/p&gt;&lt;p class=&quot;MsoNormal&quot;&gt;Основанная в 1991 году на заре развития отечественной\r\nэндохирургии компания «Элепс» сегодня считается безусловным лидером в\r\nпроизводстве эндохирургического оборудования – оптики, приборов, инструментов,\r\nа также средств для их стерилизации и дезинфекции. Своим клиентам «Элепс» предлагает\r\nфункционально полные эндовидеохирургические комплексы для различных областей\r\nхирургии. Широкий спектр оборудования позволяет подобрать оптимальный вариант\r\nкомплектации.&amp;nbsp;&lt;o:p&gt;&lt;/o:p&gt;&lt;/p&gt;', 'Монополярный электрохирургический диссектор используется в эндохирургии для рассечения и коагуляции краев рассекаемой ткани посредством воздействия током высокой частоты. Бранши имеют мелкую поперечную насечку на внутренней поверхности. Рукоятка изготовлена из металла с диэлектрическим покрытием.\r\n', '', 'Зажим эндоскопический монополярный &quot;Диссектор прямой малый&quot; 5 мм.', '', ''),
(236, 2, 'Зажим эндоскопический удерживающий 5 мм  &quot;Полуволна&quot; (анатомический), с металлической рукояткой и фиксацией ', '&lt;p class=&quot;MsoNormal&quot;&gt;Основанная в 1991 году на заре развития отечественной\r\nэндохирургии компания «Элепс» сегодня считается безусловным лидером в\r\nпроизводстве эндохирургического оборудования – оптики, приборов, инструментов,\r\nа также средств для их стерилизации и дезинфекции. Своим клиентам «Элепс» предлагает\r\nфункционально полные эндовидеохирургические комплексы для различных областей\r\nхирургии. Широкий спектр оборудования позволяет подобрать оптимальный вариант\r\nкомплектации.&amp;nbsp;&lt;o:p&gt;&lt;/o:p&gt;&lt;/p&gt;', 'Удерживающий зажим предназначен для захватывания и удержания органов и тканей при эндохирургических операциях. Инструмент имеет модульную конструкцию, включающую три взаимозаменяемых элемента: тягу с рабочей частью, трубку-корпус с барашком и рукоятку. Зажим оснащен подвижными браншами в форме «полуволны» с поперечной насечкой на внутренней поверхности.  Рукоятка изготовлена из металла, снабжена механизмом фиксации.\r\n\r\n', '', 'Зажим эндоскопический удерживающий 5 мм  &quot;Полуволна&quot; (анатомический), с металлической рукояткой и фиксацией ', '', ''),
(237, 2, 'Электрод-игла изогнутая', '&lt;p&gt;Основанная в 1991 году на заре развития\r\nотечественной эндохирургии компания «Элепс» сегодня считается безусловным\r\nлидером в производстве эндохирургического оборудования – оптики, приборов,\r\nинструментов, а также средств для их стерилизации и дезинфекции. Своим клиентам\r\n«Элепс» предлагает функционально полные эндовидеохирургические комплексы для\r\nразличных областей хирургии. Широкий спектр оборудования позволяет подобрать\r\nоптимальный вариант комплектации.&lt;br&gt;&lt;/p&gt;', 'Монополярный электрохирургический инструмент электрод-игла используется в эндохирургии для рассечения и коагуляции ткани посредством воздействия током высокой частоты. Имеет изогнутую рабочую часть, L-образную форму. Рукоятка изготовлена из металла с диэлектрическим покрытием.\r\n\r\n', '', 'Электрод-игла изогнутая', '', ''),
(238, 2, 'Ножницы эндоскопические поворотные с двумя подвижными браншами, изогнутые 5 мм, с металлической рукояткой', '&lt;p class=&quot;MsoNormal&quot;&gt;Основанная в 1991 году на заре развития отечественной\r\nэндохирургии компания «Элепс» сегодня считается безусловным лидером в\r\nпроизводстве эндохирургического оборудования – оптики, приборов, инструментов,\r\nа также средств для их стерилизации и дезинфекции. Своим клиентам «Элепс» предлагает\r\nфункционально полные эндовидеохирургические комплексы для различных областей\r\nхирургии. Широкий спектр оборудования позволяет подобрать оптимальный вариант\r\nкомплектации.&amp;nbsp;&lt;o:p&gt;&lt;/o:p&gt;&lt;/p&gt;', 'Поворотные эндоскопические ножницы, снабженные двумя подвижными браншами, применяются для рассечения трубчатых структур и хрящей, разделения мягких тканей.  Ножницы изогнуты по плоскости, оснащены специальным механизмом, который позволяет осуществлять  поворот рабочей части инструмента вместе с браншами для лучшей адаптации к плоскости захвата тканей без поворота самой руки. \r\n', '', 'Ножницы эндоскопические поворотные с двумя подвижными браншами, изогнутые 5 мм, с металлической рукояткой', '', ''),
(239, 2, 'Щетка 5 мм, 10 мм', '&lt;p&gt;Основанная в 1991 году на заре развития\r\nотечественной эндохирургии компания «Элепс» сегодня считается безусловным\r\nлидером в производстве эндохирургического оборудования – оптики, приборов,\r\nинструментов, а также средств для их стерилизации и дезинфекции. Своим клиентам\r\n«Элепс» предлагает функционально полные эндовидеохирургические комплексы для\r\nразличных областей хирургии. Широкий спектр оборудования позволяет подобрать\r\nоптимальный вариант комплектации.&amp;nbsp;&lt;br&gt;&lt;/p&gt;', 'Очищающая щетка применяется для ухода за эндоскопическими инструментами.\r\n', '', 'Щетка 5 мм, 10 мм', '', ''),
(240, 2, 'Пленка инцизная для защиты операционного поля Raucodrape, 30х20 10 шт/уп', '&lt;p class=&quot;MsoNormal&quot;&gt;Пленка Raucodrape представляет собой прозрачную\r\nполиуретановую полупроницаемую мембрану с нанесенным на нее гипоаллергенным\r\nполиакрилатным клеем. &amp;nbsp;Самоклеющаяся пленка Raucodrape крепится на обработанный дезинфицирующим\r\nраствором участок тела, разрез тканей скальпелем (или коагулятором)\r\nосуществляется непосредственно по пленке.&amp;nbsp;&lt;/p&gt;&lt;p class=&quot;MsoNormal&quot;&gt;О компании&lt;o:p&gt;&lt;/o:p&gt;&lt;/p&gt;&lt;p class=&quot;MsoNormal&quot;&gt;L&amp;amp;R Group была образована в 1998 году путем слияния двух\r\nуспешных компаний: немецкой Lohmann Medical (основана в 1851 г.) и австрийской Rauscher\r\n(основана в 1899 г.). Сегодня L&amp;amp;R Group является ведущим международным\r\nпроизводителем передовых высококачественных медицинских товаров и расходных\r\nматериалов – от обычных бинтов до сложных комплексных систем по лечению и\r\nуходу.&amp;nbsp;&lt;/p&gt;', 'Стерильная самоклеющаяся инцизная (разрезаемая) пленка Raucodrape предназначена для защиты участка тела, в пределах которого происходит оперативное вмешательство, от микроорганизмов, способных вызвать инфекцию. Обеспечивает стерильность поверхности в течение всей операции, предупреждает миграцию бактерий с окружающих разрез тканей и предотвращает риск вторичного заражения ; \r\nРазмер клейкой поверхности 30х20 см.\r\n', '', 'Пленка инцизная для защиты операционного поля Raucodrape, 30х20', '', ''),
(241, 2, 'Пленка инцизная для защиты операционного поля Raucodrape, 45х20 10 шт/уп', '&lt;p class=&quot;MsoNormal&quot; style=&quot;font-size: 12px;&quot;&gt;Пленка Raucodrape представляет собой прозрачную полиуретановую полупроницаемую мембрану с нанесенным на нее гипоаллергенным полиакрилатным клеем. &amp;nbsp;Самоклеющаяся пленка Raucodrape крепится на обработанный дезинфицирующим раствором участок тела, разрез тканей скальпелем (или коагулятором) осуществляется непосредственно по пленке.&amp;nbsp;&lt;/p&gt;&lt;p class=&quot;MsoNormal&quot; style=&quot;font-size: 12px;&quot;&gt;О компании&lt;o:p&gt;&lt;/o:p&gt;&lt;/p&gt;&lt;p class=&quot;MsoNormal&quot; style=&quot;font-size: 12px;&quot;&gt;L&amp;amp;R Group была образована в 1998 году путем слияния двух успешных компаний: немецкой Lohmann Medical (основана в 1851 г.) и австрийской Rauscher (основана в 1899 г.). Сегодня L&amp;amp;R Group является ведущим международным производителем передовых высококачественных медицинских товаров и расходных материалов – от обычных бинтов до сложных комплексных систем по лечению и уходу.&amp;nbsp;&lt;/p&gt;', 'Стерильная самоклеющаяся инцизная (разрезаемая) пленка Raucodrape предназначена для защиты участка тела, в пределах которого происходит оперативное вмешательство, от микроорганизмов, способных вызвать инфекцию. Обеспечивает стерильность поверхности в течение всей операции, предупреждает миграцию бактерий с окружающих разрез тканей и предотвращает риск вторичного заражения ; \r\nРазмер клейкой поверхности 45х20 см.', '', 'Пленка инцизная для защиты операционного поля Raucodrape, 45х20 10 шт/уп', '', ''),
(242, 2, 'Изделия марлевые стерильные (тупферы) «Setpack», размер 2  10 шт/уп', '&lt;p class=&quot;MsoNormal&quot;&gt;Марлевый тупфер – это плотноскрученный стерильный\r\nзонд-тампон, применяющийся в хирургии для осушения операционной раны от\r\nэкссудата или разъединения тканей тупым методом. Тупферы «Setpack» изготовлены\r\nиз перевязочной марли (100% хлопок)&lt;o:p&gt;&lt;/o:p&gt;&lt;/p&gt;&lt;p class=&quot;MsoNormal&quot;&gt;&lt;br&gt;&lt;/p&gt;&lt;p class=&quot;MsoNormal&quot;&gt;О компании&lt;o:p&gt;&lt;/o:p&gt;&lt;/p&gt;&lt;p&gt;\r\n\r\n\r\n\r\n\r\n\r\n\r\n\r\n\r\n\r\n&lt;/p&gt;&lt;p class=&quot;MsoNormal&quot;&gt;L&amp;amp;R Group была образована в 1998 году путем слияния двух\r\nуспешных компаний: немецкой Lohmann Medical (основана в 1851 г.) и австрийской Rauscher\r\n(основана в 1899 г.). Сегодня L&amp;amp;R Group является ведущим международным производителем\r\nпередовых высококачественных медицинских товаров и расходных материалов – от\r\nобычных бинтов до сложных комплексных систем по лечению и уходу. Компания\r\nуделяет большое внимание исследовательской деятельности, позволяющей не только\r\nусовершенствовать имеющиеся продукты и предлагать качественно новые,\r\nультрасовременные решения, но и быть в постоянном контакте со своими главными\r\nзаказчиками – медицинскими работниками и пациентами.&amp;nbsp;&lt;o:p&gt;&lt;/o:p&gt;&lt;/p&gt;', 'Стерильные тампоны-тупферы «Setpack» предназначены для препарирования органов, кровяных сосудов и тканевых слоев при проведении оперативных вмешательств. Размер 2. ', '', 'Изделия марлевые стерильные (тупферы) «Setpack», размер 2 / 10 шт.', '', ''),
(243, 2, 'Изделия марлевые стерильные (тупферы) «Setpack», размер 3  10 шт/уп', '&lt;p class=&quot;MsoNormal&quot;&gt;Марлевый тупфер – это плотноскрученный стерильный\r\nзонд-тампон, применяющийся в хирургии для осушения операционной раны от\r\nэкссудата или разъединения тканей тупым методом. Тупферы «Setpack» изготовлены\r\nиз перевязочной марли (100% хлопок), имеют плотность 24 нити/см2, обладают\r\nвысокой впитывающей способностью, снабжены вшитой рентгеноконтрастной нитью\r\nсинего цвета для облегчения визуализации и фиксирующим силиконовым колечком. &lt;o:p&gt;&lt;/o:p&gt;&lt;/p&gt;&lt;br&gt;&lt;p class=&quot;MsoNormal&quot;&gt;&lt;o:p&gt;&amp;nbsp;&lt;/o:p&gt;&lt;span style=&quot;font-size: 12px;&quot;&gt;О компании&lt;/span&gt;&lt;/p&gt;&lt;p class=&quot;MsoNormal&quot;&gt;&lt;o:p&gt;&lt;/o:p&gt;&lt;/p&gt;&lt;p&gt;\r\n\r\n\r\n\r\n\r\n\r\n\r\n\r\nL&amp;amp;R Group была образована в 1998 году путем слияния двух успешных\r\nкомпаний: немецкой Lohmann Medical (основана в 1851 г.) и австрийской Rauscher\r\n(основана в 1899 г.). Сегодня L&amp;amp;R Group является ведущим международным\r\nпроизводителем передовых высококачественных медицинских товаров и расходных\r\nматериалов – от обычных бинтов до сложных комплексных систем по лечению и\r\nуходу.&lt;br&gt;&lt;/p&gt;', 'Стерильные тампоны-тупферы «Setpack» предназначены для препарирования органов, кровяных сосудов и тканевых слоев при проведении оперативных вмешательств.  Размер 3.', '', 'Изделия марлевые стерильные (тупферы) «Setpack», размер 3  10 шт/уп', '', ''),
(244, 2, 'Дренирующее устройство  UnoVac, дренаж СН16/СН18 ', '&lt;p class=&quot;MsoNormal&quot;&gt;Устройство UnoVac представляет собой инновационную систему\r\nдля интенсивного низковакуумного дренирования послеоперационных ран, состоящую\r\nиз вакуумной камеры, съемного сборного мешка и дренажа Ульмера&amp;nbsp; с троакаром или без него. Низковакуумное\r\nдренирование минимизирует риск повреждения окружающих дренаж тканей,\r\nспособствует активному удалению раневого отделяемого без риска увеличения\r\nгеморрагии.&lt;/p&gt;&lt;p class=&quot;MsoNormal&quot;&gt;&lt;br&gt;&lt;/p&gt;&lt;p class=&quot;MsoNormal&quot;&gt;&lt;o:p&gt;&amp;nbsp;&lt;/o:p&gt;&lt;/p&gt;&lt;p class=&quot;MsoNormal&quot;&gt;О компании&lt;o:p&gt;&lt;/o:p&gt;&lt;/p&gt;&lt;p class=&quot;MsoNormal&quot;&gt;Дочернее предприятие ConvaTec, компания Unomedical была\r\nоснована в 1964 году в Дании под именем PharmaPlast DK и первоначально\r\nспециализировалась на производстве одноразовых медицинских шприцев. Одной из\r\nпервых в мире компания начала применять пластик для своих разработок. В\r\nсередине 1980-х Unomedical занялась выпуском систем для переливания инфузионных\r\nрастворов, используемых при лечении диабета. Доведенная до совершенства за 25\r\nлет практического применения технология позволяет компании и сегодня оставаться\r\nв лидерах индустрии. &lt;o:p&gt;&lt;/o:p&gt;&lt;/p&gt;&lt;p&gt;\r\n\r\n\r\n\r\n\r\n\r\n\r\n\r\n\r\n\r\n\r\n\r\n\r\n\r\n\r\n\r\n&lt;/p&gt;&lt;br&gt;', 'Закрытая система низковакуумного дренирования UnoVac предназначена для дренирования послеоперационных ран. Система включает в себя полусферическую вакуумную камеру объемом 300 мл и отсоединяющийся сборный мешок емкостью 600 мл, оснащена рентгеноконтрастным дренажом Ульмера, и невозвратными клапанами, препятствующими обратному току жидкости. \r\nДлина 75 см.\r\n', '', 'Дренирующее устройство  UnoVac, дренаж СН16/СН18 ', '', ''),
(245, 2, 'Дренажный мешок UnoVac со встроенным невозвратным клапаном', '&lt;p class=&quot;MsoNormal&quot;&gt;Устройство UnoVac представляет собой инновационную систему\r\nдля интенсивного низковакуумного дренирования послеоперационных ран, состоящую\r\nиз вакуумной камеры, съемного сборного мешка и дренажа Ульмера&amp;nbsp; с троакаром или без него. &amp;nbsp;&lt;span style=&quot;font-size: 12px;&quot;&gt;Вакуумная камера имеет градуировку на задней поверхности, с\r\nпомощью которой можно легко отслеживать количество раневого отделяемого по\r\nдренажу за выбранный отрезок времени.&lt;/span&gt;&lt;/p&gt;&lt;p class=&quot;MsoNormal&quot;&gt;&lt;o:p&gt;&lt;/o:p&gt;&lt;/p&gt;&lt;p class=&quot;MsoNormal&quot;&gt;Дренаж\r\nсоединяется с приводной трубкой вакуумной камеры посредством универсального\r\nконнектора, совместимого со всеми дренажными трубками диаметра СН10 – СН18.&lt;o:p&gt;&lt;/o:p&gt;&lt;/p&gt;&lt;p class=&quot;MsoNormal&quot;&gt;&lt;o:p&gt;&amp;nbsp;&lt;/o:p&gt;&lt;/p&gt;&lt;p class=&quot;MsoNormal&quot;&gt;О компании&lt;o:p&gt;&lt;/o:p&gt;&lt;/p&gt;&lt;p class=&quot;MsoNormal&quot;&gt;Дочернее предприятие ConvaTec, компания Unomedical была\r\nоснована в 1964 году в Дании под именем PharmaPlast DK и первоначально\r\nспециализировалась на производстве одноразовых медицинских шприцев. Одной из\r\nпервых в мире компания начала применять пластик для своих разработок. В\r\nсередине 1980-х Unomedical занялась выпуском систем для переливания инфузионных\r\nрастворов, используемых при лечении диабета. Доведенная до совершенства за 25\r\nлет практического применения технология позволяет компании и сегодня оставаться\r\nв лидерах индустрии. &lt;o:p&gt;&lt;/o:p&gt;&lt;/p&gt;&lt;p&gt;\r\n\r\n\r\n\r\n\r\n\r\n\r\n\r\n\r\n\r\n\r\n\r\n&lt;/p&gt;&lt;br&gt;', 'Запасной дренажный мешок UnoVac с невозвратным клапаном предназначен для сбора раневого отделяемого при подключении к системе низковакуумного дренирования UnoVac. Сборный мешок снабжен встроенным гидрофобным антибактериальным фильтром для компенсации давления и поворотным коннектором со специально разработанной завинчивающейся крышкой-заглушкой. \r\n\r\n', '', 'Дренажный мешок UnoVac со встроенным невозвратным клапаном', '', ''),
(246, 2, 'Устройство дренирующее MiniVac ', '&lt;p class=&quot;MsoNormal&quot;&gt;Принцип действия системы для послеоперационного дренирования\r\nMiniVac – MiniVacuum Set – основан на методе низкого вакуума. Низковакуумное\r\nдренирование минимизирует риск повреждения окружающих дренаж тканей,\r\nспособствует активному удалению раневого отделяемого без риска увеличения\r\nгеморрагии, устраняет вероятность блокирования работы системы фибриновым\r\nсгустком или экссудатом.&amp;nbsp;&lt;/p&gt;&lt;p class=&quot;MsoNormal&quot;&gt;&lt;br&gt;&lt;/p&gt;&lt;p class=&quot;MsoNormal&quot;&gt;О компании&lt;o:p&gt;&lt;/o:p&gt;&lt;/p&gt;&lt;p class=&quot;MsoNormal&quot;&gt;Дочернее предприятие ConvaTec, компания Unomedical была\r\nоснована в 1964 году в Дании под именем PharmaPlast DK и первоначально\r\nспециализировалась на производстве одноразовых медицинских шприцев. Одной из\r\nпервых в мире компания начала применять пластик для своих разработок. В середине\r\n1980-х Unomedical занялась выпуском систем для переливания инфузионных\r\nрастворов, используемых при лечении диабета. Доведенная до совершенства за 25\r\nлет практического применения технология позволяет компании и сегодня оставаться\r\nв лидерах индустрии. &lt;o:p&gt;&lt;/o:p&gt;&lt;/p&gt;&lt;p&gt;\r\n\r\n\r\n\r\n\r\n\r\n\r\n\r\n\r\n\r\n\r\n\r\n&lt;/p&gt;&lt;br&gt;', 'Полузакрытая система MiniVac предназначена для послеоперационного низковакуумного дренирования ран в случаях, когда ожидается сравнительно небольшое количество раневого отделяемого. Применяется при операциях уха, горла, носа, кисти рук, шеи, при хирургии кист и пластике малоразмерных дефектов мягких тканей, а также в детской хирургии. Продолжительность дренирования не более 24 часов.', '', 'Устройство дренирующее MiniVac (MiniVacuum Set)', '', ''),
(247, 2, 'Бандаж послеоперационный (высота 30 см)', '&lt;p class=&quot;MsoNormal&quot;&gt;&lt;span style=&quot;font-size: 12px;&quot;&gt;Послеоперационный бандаж изготовлен из воздухопроницаемого гипоаллергенного эластичного материала. Имеет плотную и нерастяжимую переднюю панель, способствующую правильному формированию послеоперационного рубца и быстрому заживлению ран. Бандаж оснащен двумя разгружающими пластинами, которые препятствуют скручиванию изделия и обеспечивают больший комфорт ношения.&amp;nbsp;&lt;/span&gt;&lt;br&gt;&lt;/p&gt;&lt;p class=&quot;MsoNormal&quot;&gt;&lt;o:p&gt;&lt;/o:p&gt;&lt;/p&gt;&lt;p class=&quot;MsoNormal&quot;&gt;Оптимален для людей высокого роста с послеоперационным швом, расположенным выше области пупка.&lt;/p&gt;&lt;p class=&quot;MsoNormal&quot;&gt;&lt;o:p&gt;&amp;nbsp;&lt;/o:p&gt;&lt;/p&gt;&lt;p class=&quot;MsoNormal&quot;&gt;О компании &lt;o:p&gt;&lt;/o:p&gt;&lt;/p&gt;&lt;p class=&quot;MsoNormal&quot;&gt;Петербургская компания «Тривес» занимается разработкой и\r\nреализацией ортопедической, реабилитационной и лечебно-профилактической\r\nпродукции с 1992 года, ежегодно совершенствуя и расширяя свой ассортимент. В\r\nнастоящее время компания выпускает широкий спектр ортопедических товаров,\r\nвключающих ортопедические изделия для позвоночника и суставов, специальную\r\nобувь, стельки и приспособления для стопы, ортопедические подушки, различные\r\nвиды бандажей.&amp;nbsp;&lt;/p&gt;', 'Послеоперационные бандажи применяются, в основном, после хирургических операций на органах брюшной полости и брюшной стенки, области почек. Такой вид бандажа показан при слабости брюшной стенки и расхождении мышц живота, тупых и острых травмах брюшной стенки и поясничных областей, а также в качестве профилактического средства при физических нагрузках в послеоперационный период.\r\nВысота бандажа составляет 30 см. Цвет: бежевый.\r\n', '', 'Бандаж послеоперационный (высота 30 см)', '', ''),
(248, 2, 'Бандаж послеоперационный (высота 25 см)', '&lt;p class=&quot;MsoNormal&quot; style=&quot;font-size: 12px;&quot;&gt;&lt;span style=&quot;font-size: 12px;&quot;&gt;Послеоперационный бандаж изготовлен из воздухопроницаемого гипоаллергенного эластичного материала. Имеет плотную и нерастяжимую переднюю панель, способствующую правильному формированию послеоперационного рубца и быстрому заживлению ран. Бандаж оснащен двумя разгружающими пластинами, которые препятствуют скручиванию изделия и обеспечивают больший комфорт ношения.&amp;nbsp;&lt;/span&gt;&lt;br&gt;&lt;/p&gt;&lt;p class=&quot;MsoNormal&quot; style=&quot;font-size: 12px;&quot;&gt;&lt;o:p&gt;&lt;/o:p&gt;&lt;/p&gt;&lt;p class=&quot;MsoNormal&quot;&gt;Оптимален для людей среднего роста с послеоперационным швом,\r\nрасположенным ниже или выше области пупка.&lt;o:p&gt;&lt;/o:p&gt;&lt;/p&gt;&lt;p class=&quot;MsoNormal&quot; style=&quot;font-size: 12px;&quot;&gt;&lt;o:p&gt;&amp;nbsp;&lt;/o:p&gt;&lt;/p&gt;&lt;p class=&quot;MsoNormal&quot; style=&quot;font-size: 12px;&quot;&gt;О компании&lt;o:p&gt;&lt;/o:p&gt;&lt;/p&gt;&lt;p class=&quot;MsoNormal&quot; style=&quot;font-size: 12px;&quot;&gt;Петербургская компания «Тривес» занимается разработкой и реализацией ортопедической, реабилитационной и лечебно-профилактической продукции с 1992 года, ежегодно совершенствуя и расширяя свой ассортимент. В настоящее время компания выпускает широкий спектр ортопедических товаров, включающих ортопедические изделия для позвоночника и суставов, специальную обувь, стельки и приспособления для стопы, ортопедические подушки, различные виды бандажей.&amp;nbsp;&lt;/p&gt;', 'Послеоперационные бандажи применяются, в основном, после хирургических операций на органах брюшной полости и брюшной стенки, области почек. Такой вид бандажа показан при слабости брюшной стенки и расхождении мышц живота, тупых и острых травмах брюшной стенки и поясничных областей, а также в качестве профилактического средства при физических нагрузках в послеоперационный период.\r\nВысота бандажа составляет 30 см. Цвет: бежевый.\r\n', '', 'Бандаж послеоперационный (высота 25 см)', '', ''),
(249, 2, 'Бандаж послеоперационный на грудную клетку (мужской)', '&lt;p class=&quot;MsoNormal&quot;&gt;&lt;o:p&gt;&amp;nbsp;Мужской послеоперационный бандаж на грудную клетку изготовлен из гипоаллергенного эластичного полотна с высоким содержанием хлопка. Особый тип вязки полотна способствует отведению влаги с поверхности тела. Анатомическая форма бандажа позволяет оптимально разместить изделие на грудной клетке мужчины. Бандаж оснащен наплечными лямками, обеспечивающими надежную и комфортную фиксацию.&lt;/o:p&gt;&lt;/p&gt;&lt;p class=&quot;MsoNormal&quot;&gt;О компании &lt;o:p&gt;&lt;/o:p&gt;&lt;/p&gt;&lt;p class=&quot;MsoNormal&quot;&gt;Петербургская компания «Тривес» занимается разработкой и\r\nреализацией ортопедической, реабилитационной и лечебно-профилактической\r\nпродукции с 1992 года, ежегодно совершенствуя и расширяя свой ассортимент. В\r\nнастоящее время компания выпускает широкий спектр ортопедических товаров,\r\nвключающих ортопедические изделия для позвоночника и суставов, специальную\r\nобувь, стельки и приспособления для стопы, ортопедические подушки, различные\r\nвиды бандажей.&amp;nbsp;&lt;/p&gt;', 'Мужской послеоперационный бандаж на грудную клетку изготовлен из гипоаллергенного эластичного полотна с высоким содержанием хлопка. Особый тип вязки полотна способствует отведению влаги с поверхности тела. Анатомическая форма Предназначенные для фиксации грудной клетки послеоперационные бандажи применяются при острых и тупых травмах грудной клетки, после проведения хирургических операций в данной области, а также при наличии межреберной невралгии и миозитах\r\nЦвет: бежевый.\r\n', '', 'Бандаж послеоперационный на грудную клетку (мужской)', '', ''),
(250, 2, 'Бандаж послеоперационный на грудную клетку (женский)', '&lt;p class=&quot;MsoNormal&quot;&gt;&lt;o:p&gt;Женский послеоперационный бандаж на грудную клетку изготовлен из гипоаллергенного эластичного полотна с высоким содержанием хлопка. Особый тип вязки полотна способствует отведению влаги с поверхности тела. Анатомическая форма бандажа позволяет оптимально разместить изделие на грудной клетке женщины. Передняя панель изделия имеет два пластиковых ребра жесткости, которые усиливают компрессию и надежно фиксируют грудную клетку. &amp;nbsp;&lt;/o:p&gt;&lt;/p&gt;&lt;p class=&quot;MsoNormal&quot;&gt;О компании &lt;o:p&gt;&lt;/o:p&gt;&lt;/p&gt;&lt;p class=&quot;MsoNormal&quot;&gt;Петербургская компания «Тривес» занимается разработкой и\r\nреализацией ортопедической, реабилитационной и лечебно-профилактической\r\nпродукции с 1992 года, ежегодно совершенствуя и расширяя свой ассортимент. В\r\nнастоящее время компания выпускает широкий спектр ортопедических товаров,\r\nвключающих ортопедические изделия для позвоночника и суставов, специальную\r\nобувь, стельки и приспособления для стопы, ортопедические подушки, различные\r\nвиды бандажей. Реабилитационные продукты «Тривес» представлены несколькими\r\nвидами домашних тренажеров, вспомогательными средствами передвижения,\r\nприспособлениями для осуществления манипуляций с предметами при ограниченной\r\nподвижности рук; противопролежневыми матрасами.&amp;nbsp;&lt;/p&gt;', 'Предназначенные для фиксации грудной клетки. Послеоперационные бандажи применяются при острых и тупых травмах грудной клетки, после проведения хирургических операций в данной области, а также при наличии межреберной невралгии и миозитах. Послеоперационный бандаж снижает нагрузку на мышцы и внутренние органы прооперированной области, разгружает позвоночник.\r\nЦвет: бежевый.\r\n', '', 'Бандаж послеоперационный на грудную клетку (женский)', '', ''),
(251, 2, 'Сетчатый эндопротез для восстановительной хирургии Эсфил, 8х12 см', '&lt;p class=&quot;MsoNormal&quot;&gt;Эндопротез представляет собой нерассасывающуюся сетку,\r\nвыполненную из биологически инертных полипропиленовых мононитей, способных\r\nсохранять прочность и эластичность в условиях воздействия тканевых жидкостей.\r\nСетчатые эндопротезы с успехом применяются в торакальной хирургии при лечении\r\nповреждений грудной стенки и диафрагмы, в урологии и урогинекологии – для\r\nрешения проблем стрессового недержания мочи, а также в общей хирургии – для\r\nпластики различных дефектов мягких тканей.&amp;nbsp;&lt;o:p&gt;&lt;/o:p&gt;&lt;/p&gt;&lt;p class=&quot;MsoNormal&quot;&gt;&lt;o:p&gt;&amp;nbsp;&lt;/o:p&gt;&lt;/p&gt;&lt;p class=&quot;MsoNormal&quot;&gt;О компании&lt;/p&gt;&lt;p class=&quot;MsoNormal&quot;&gt;Продукция «Линтекс» включает высокоэффективные полимерные\r\nсетчатые эндопротезы для хирургического лечения и коррекции различных\r\nзаболеваний: грыж живота (герниопластики), стрессового недержания мочи у женщин\r\nи&amp;nbsp;мужчин, пролапсов&amp;nbsp;органов малого таза. Дополняют ассортимент современные\r\nшовные материалы, средства для профилактики послеоперационного спаечного\r\nпроцесса и лечения «спаечной болезни», биологически активные раневые\r\nпокрытия&amp;nbsp;и другие хирургические материалы. Вся продукция соответствует\r\nроссийским и европейским требованиям по безопасности, имеет регистрационные\r\nудостоверения и сертификаты.&lt;o:p&gt;&lt;/o:p&gt;&lt;/p&gt;&lt;p&gt;\r\n\r\n\r\n\r\n\r\n\r\n\r\n\r\n\r\n\r\n\r\n\r\n&lt;/p&gt;&lt;p class=&quot;MsoNormal&quot; align=&quot;center&quot; style=&quot;text-align:center&quot;&gt;&lt;b&gt;&lt;span style=&quot;font-family:&amp;quot;Calibri&amp;quot;,&amp;quot;sans-serif&amp;quot;;mso-ascii-theme-font:\r\nminor-latin;mso-hansi-theme-font:minor-latin;mso-bidi-theme-font:minor-latin&quot;&gt;&amp;nbsp;&lt;/span&gt;&lt;/b&gt;&lt;/p&gt;', 'Сетчатый эндопротез Эсфил предназначен для хирургического лечения грыж различной локализации и пластики дефектов мягких тканей. Благодаря особой технологии плетения сетка обладает отличной прочностью и устойчивостью к растяжению.\r\nРазмер эндопротеза: 8х12 см. \r\n', '', 'Сетчатый эндопротез для восстановительной хирургии Эсфил, 8х12 см', '', ''),
(252, 2, 'Сетчатый эндопротез для восстановительной хирургии Эсфил, 15х10 см', '&lt;p class=&quot;MsoNormal&quot;&gt;Эндопротез представляет собой нерассасывающуюся сетку,\r\nвыполненную из биологически инертных полипропиленовых мононитей, способных\r\nсохранять прочность и эластичность в условиях воздействия тканевых жидкостей. Сетчатые\r\nэндопротезы с успехом применяются в торакальной хирургии при лечении\r\nповреждений грудной стенки и диафрагмы, в урологии и урогинекологии – для\r\nрешения проблем стрессового недержания мочи, а также в общей хирургии – для\r\nпластики различных дефектов мягких тканей.&amp;nbsp;&lt;/p&gt;&lt;p class=&quot;MsoNormal&quot;&gt;&lt;o:p&gt;&amp;nbsp;&lt;/o:p&gt;&lt;/p&gt;&lt;p class=&quot;MsoNormal&quot;&gt;О компании&lt;/p&gt;&lt;p&gt;\r\n\r\n\r\n\r\n\r\n\r\n\r\n\r\n\r\n\r\n&lt;/p&gt;&lt;p class=&quot;MsoNormal&quot;&gt;Продукция «Линтекс» включает высокоэффективные полимерные\r\nсетчатые эндопротезы для хирургического лечения и коррекции различных\r\nзаболеваний: грыж живота (герниопластики), стрессового недержания мочи у женщин\r\nи&amp;nbsp;мужчин, пролапсов&amp;nbsp;органов малого таза. Дополняют ассортимент\r\nсовременные шовные материалы, средства для профилактики послеоперационного\r\nспаечного процесса и лечения «спаечной болезни», биологически активные раневые\r\nпокрытия&amp;nbsp;и другие хирургические материалы. Вся продукция соответствует российским\r\nи европейским требованиям по безопасности, имеет регистрационные удостоверения\r\nи сертификаты.&lt;o:p&gt;&lt;/o:p&gt;&lt;/p&gt;', 'Сетчатый эндопротез Эсфил предназначен для хирургического лечения грыж различной локализации и пластики дефектов мягких тканей.  Благодаря особой технологии плетения сетка обладает отличной прочностью и устойчивостью к растяжению.\r\nРазмер эндопротеза: 15х10 см. \r\n', '', 'Сетчатый эндопротез для восстановительной хирургии Эсфил, 15х10 см', '', ''),
(253, 2, 'Сетчатый эндопротез для восстановительной хирургии Эсфил, 30х30 см', '&lt;p class=&quot;MsoNormal&quot;&gt;Эндопротез представляет собой нерассасывающуюся сетку,\r\nвыполненную из биологически инертных полипропиленовых мононитей, способных\r\nсохранять прочность и эластичность в условиях воздействия тканевых жидкостей.\r\nСетчатые эндопротезы с успехом применяются в торакальной хирургии при лечении\r\nповреждений грудной стенки и диафрагмы, в урологии и урогинекологии – для\r\nрешения проблем стрессового недержания мочи, а также в общей хирургии – для\r\nпластики различных дефектов мягких тканей.&amp;nbsp;&lt;/p&gt;&lt;p class=&quot;MsoNormal&quot;&gt;О компании&lt;o:p&gt;&lt;/o:p&gt;&lt;/p&gt;&lt;p class=&quot;MsoNormal&quot;&gt;Продукция «Линтекс» включает высокоэффективные полимерные\r\nсетчатые эндопротезы для хирургического лечения и коррекции различных\r\nзаболеваний: грыж живота (герниопластики), стрессового недержания мочи у женщин\r\nи&amp;nbsp;мужчин, пролапсов&amp;nbsp;органов малого таза. Дополняют ассортимент\r\nсовременные шовные материалы, средства для профилактики послеоперационного\r\nспаечного процесса и лечения «спаечной болезни», биологически активные раневые\r\nпокрытия&amp;nbsp;и другие хирургические материалы. Вся продукция соответствует\r\nроссийским и европейским требованиям по безопасности, имеет регистрационные\r\nудостоверения и сертификаты.&lt;o:p&gt;&lt;/o:p&gt;&lt;/p&gt;', 'Сетчатый эндопротез Эсфил предназначен для хирургического лечения грыж различной локализации и пластики дефектов мягких тканей.  Благодаря особой технологии плетения сетка обладает отличной прочностью и устойчивостью к растяжению.\r\nРазмер эндопротеза: 30х30 см. \r\n', '', 'Сетчатый эндопротез для восстановительной хирургии Эсфил, 30х30 см', '', ''),
(254, 2, 'Сетчатый эндопротез для восстановительной хирургии УНИФЛЕКС стандартный, 6х11 см', 'Изготовленный из поливинилиденфторидных мононитей, характеризующихся особой мягкостью и уникальной биологической инертностью, эндопротез Унифлекс отличается от предшественников улучшенными свойствами и большей клинической эффективностью. Унифлекс предназначен для хирургического лечения грыж различной локализации, а также для пластики дефектов мягких тканей. Успешно применяется для пластики в сложных случаях (например, при рецидивной послеоперационной вентральной грыжи).&amp;nbsp;&lt;p class=&quot;MsoNormal&quot;&gt;&lt;br&gt;&lt;/p&gt;&lt;p class=&quot;MsoNormal&quot;&gt;О компании&lt;/p&gt;&lt;p class=&quot;MsoNormal&quot;&gt;Продукция «Линтекс» включает высокоэффективные полимерные\r\nсетчатые эндопротезы для хирургического лечения и коррекции различных\r\nзаболеваний: грыж живота (герниопластики), стрессового недержания мочи у женщин\r\nи&amp;nbsp;мужчин, пролапсов&amp;nbsp;органов малого таза. Дополняют ассортимент\r\nсовременные шовные материалы, средства для профилактики послеоперационного\r\nспаечного процесса и лечения «спаечной болезни», биологически активные раневые\r\nпокрытия&amp;nbsp;и другие хирургические материалы. Вся продукция соответствует\r\nроссийским и европейским требованиям по безопасности, имеет регистрационные\r\nудостоверения и сертификаты.&lt;o:p&gt;&lt;/o:p&gt;&lt;/p&gt;&lt;p&gt;\r\n\r\n\r\n\r\n\r\n\r\n\r\n\r\n\r\n\r\n\r\n\r\n&lt;/p&gt;&lt;p class=&quot;MsoNormal&quot;&gt;&lt;span class=&quot;w&quot;&gt;&amp;nbsp;&lt;/span&gt;&lt;/p&gt;', 'Эндопротез представляет собой нерассасывающуюся сетку, выполненную из биологически инертных полипропиленовых мононитей, способных сохранять прочность и эластичность в условиях воздействия тканевых жидкостей. Сетчатые эндопротезы с успехом применяются в торакальной хирургии при лечении повреждений грудной стенки и диафрагмы, в урологии и урогинекологии.\r\nРазмер эндопротеза: 8х12 см. \r\n', '', 'Сетчатый эндопротез для восстановительной хирургии УНИФЛЕКС стандартный, 6х11 см', '', '');
INSERT INTO `ts_product_description` (`product_id`, `language_id`, `name`, `description`, `short_description`, `tag`, `meta_title`, `meta_description`, `meta_keyword`) VALUES
(255, 2, 'Сетчатый эндопротез для восстановительной хирургии УНИФЛЕКС стандартный, 30х30 см', '&lt;p class=&quot;MsoNormal&quot;&gt;&lt;span style=&quot;font-size: 12px;&quot;&gt;Изготовленный из поливинилиденфторидных мононитей, характеризующихся особой мягкостью и уникальной биологической инертностью, эндопротез Унифлекс отличается от предшественников улучшенными свойствами и большей клинической эффективностью. Унифлекс предназначен для хирургического лечения грыж различной локализации, а также для пластики дефектов мягких тканей. Успешно применяется для пластики в сложных случаях (например, при рецидивной послеоперационной вентральной грыжи).&amp;nbsp;&lt;/span&gt;&lt;br style=&quot;font-size: 12px;&quot;&gt;&lt;/p&gt;&lt;p class=&quot;MsoNormal&quot; style=&quot;font-size: 12px;&quot;&gt;&lt;o:p&gt;&amp;nbsp;&lt;/o:p&gt;&lt;/p&gt;&lt;p class=&quot;MsoNormal&quot; style=&quot;font-size: 12px;&quot;&gt;О компании&lt;/p&gt;&lt;p class=&quot;MsoNormal&quot; style=&quot;font-size: 12px;&quot;&gt;Продукция «Линтекс» включает высокоэффективные полимерные сетчатые эндопротезы для хирургического лечения и коррекции различных заболеваний: грыж живота (герниопластики), стрессового недержания мочи у женщин и&amp;nbsp;мужчин, пролапсов&amp;nbsp;органов малого таза. Дополняют ассортимент современные шовные материалы, средства для профилактики послеоперационного спаечного процесса и лечения «спаечной болезни», биологически активные раневые покрытия&amp;nbsp;и другие хирургические материалы. Вся продукция соответствует российским и европейским требованиям по безопасности, имеет регистрационные удостоверения и сертификаты.&lt;/p&gt;', 'Эндопротез представляет собой нерассасывающуюся сетку, выполненную из биологически инертных полипропиленовых мононитей, способных сохранять прочность и эластичность в условиях воздействия тканевых жидкостей. Сетчатые эндопротезы с успехом применяются в торакальной хирургии при лечении повреждений грудной стенки и диафрагмы, в урологии и урогинекологии.\r\nРазмер эндопротеза: 30х30 см. \r\n', '', 'Сетчатый эндопротез для восстановительной хирургии УНИФЛЕКС стандартный, 30х30 см', '', ''),
(256, 2, 'Клипс-аппликатор хирургический Weck Hem-o-lok (для открытой хирургии)', '&lt;p class=&quot;MsoNormal&quot;&gt;Эндоскопические клипс-аппликаторы (клипаторы,\r\nклип-аппликаторы) представляют собой специализированные хирургические\r\nинструменты для фиксации титановых или полимерных клипс. Применяются при\r\nоткрытых и лапароскопических операциях для закрытия просвета (клипирования)\r\nтрубчатых структур – сосудов и протоков. Использование клипаторов значительно\r\nэкономит время хирургов, повышает точность и надежность фиксации, облегчает и\r\nупрощает проведение сложных эндоскопических операций, особенно в\r\nтруднодоступных местах, при хирургических вмешательствах в узком или глубоком\r\nоперационном поле. &lt;o:p&gt;&lt;/o:p&gt;&lt;/p&gt;&lt;br&gt;&lt;p class=&quot;MsoNormal&quot;&gt;.&amp;nbsp;&amp;nbsp; &lt;o:p&gt;&lt;/o:p&gt;&lt;/p&gt;&lt;p class=&quot;MsoNormal&quot;&gt;&lt;br&gt;&lt;/p&gt;&lt;p class=&quot;MsoNormal&quot;&gt;О компании:&lt;o:p&gt;&lt;/o:p&gt;&lt;/p&gt;&lt;p&gt;\r\n\r\n\r\n\r\n\r\n\r\n\r\n\r\n\r\n\r\n\r\n\r\nКомпания Weck производит и реализует на медицинском рынке лигатурные\r\nустройства, клип-аппликаторы, кожные степлеры, кардиоваскулярный шовный\r\nматериал, порты для слепого лапароскопического доступа и инструментарий для\r\nпроведения лапароскопической холангиографии. Продукция компании широко\r\nприменяется в нейрохирургии, кардиоваскулярной и общей хирургии. В 1993 году Weck\r\nбыла приобретена американской корпорацией Teleflex – всемирно известным\r\nразработчиком и производителем продуктов и решений в области интенсивной\r\nтерапии, анестезиологии и хирургии&lt;br&gt;&lt;/p&gt;', 'Неразборной клипс-аппликатор Hem-o-lok от Weck (Teleflex) разработан для работы с нерассасывающимися полимерными клипсами с замком ML-размера, предназначенными для лигирования сосудов и протоков с диаметром от 3 до 10 мм. Применяется в общей и абдоминальной хирургии, урологии. Клип-аппликатор изготовлен из высококачественной медицинской стали. Устройство предназначено для многоразового использования. Длина клип-аппликатора составляет 27 см.  ', '', 'Клипс-аппликатор хирургический Weck Hem-o-lok (для открытой хирургии)', '', ''),
(276, 2, 'Материал имплантируемый Vantris 1мл/шприц', '&lt;p class=&quot;MsoNormal&quot;&gt;После имплантации Вантриса глицерин полностью элиминируется ретикулоэндотелиальной системой и экскретируется почками в неизмененном виде, в то время как частицы кополимера осуществляют перманентную тканевую аугментацию. Размеры частиц Вантриса (90–1000 мкм, большинство из которых &amp;gt; 300 мкм) обуславливают отсутствие миграции. Частицы Вантриса имеют неправильную форму, эластичны и легко принимают необходимый вид, что позволяет свободно инсуфлировать гель через иглу 23-го калибра. Частицы выдерживают тканевые изменения температуры и кислотности&amp;nbsp;&lt;br&gt;&lt;/p&gt;&lt;p class=&quot;MsoNormal&quot;&gt;&lt;br&gt;&lt;/p&gt;&lt;p class=&quot;MsoNormal&quot;&gt;О компании&lt;/p&gt;&lt;p class=&quot;MsoNormal&quot;&gt;С 1985 г. компания Promedon разрабатывает и производит\r\nмедицинские протезы и импланты для урологии и урогинекологии. На сегодняшний\r\nдень наша продукция известна по всему миру.&lt;o:p&gt;&lt;/o:p&gt;&lt;/p&gt;&lt;p class=&quot;MsoNormal&quot;&gt;Promedon предлагаем решения для такой деликатной проблемы как\r\nнедержание мочи. Вся продукция проходит многоуровневый контроль качества и\r\nимеет все необходимые сертификаты.&lt;o:p&gt;&lt;/o:p&gt;&lt;/p&gt;&lt;p class=&quot;MsoNormal&quot;&gt;Научно-исследовательский центр, производство и головной офис\r\nнаходятся в г. Кордоба (Аргентина). Благодаря расположению всех структурных\r\nподразделений компании в одном месте, Promedon имеет возможность не только\r\nпознакомить докторов с новейшими разработками, но и показать весь\r\nтехнологический процесс производства.&lt;o:p&gt;&lt;/o:p&gt;&lt;/p&gt;&lt;br&gt;&lt;p class=&quot;MsoNormal&quot;&gt;\r\n\r\n\r\n\r\n\r\n\r\n\r\n\r\n&lt;/p&gt;&lt;p class=&quot;MsoNormal&quot;&gt;&lt;o:p&gt;&amp;nbsp;&lt;/o:p&gt;&lt;/p&gt;', 'Вантрис (Vantris) гель для лечения пузырно-мочеточникового рефлюкса. Биосовместимое, не поглощаемое ,синтетическое вещество, вызывающее набухание ткани и разработанное для лечения пузырно-мочеточникового рефлюкса (ПМР) у детей. Вантрис (Vantris) представляет собой гидрогель синтетического происхождения, неабсорбируемое биологически совместимое объемообразующее вещество, разработанное компанией Promedon. Вантрис представляет собой макрочастицы cополимера полиакрилового и поливинилового спирта, диспергированного в 40%-ном растворе глицерина\r\n', '', 'Материал имплантируемый Vantris 1мл/шприц', '', ''),
(257, 2, 'Клипсы лигирующие для хирургического клипсоаппликатора Hem-o-lok ', '&lt;p class=&quot;MsoNormal&quot;&gt;Клипсы Hem-o-lok предназначены для использования с\r\nклипс-аппликатором Hem-o-lok от Weck (Teleflex)&lt;o:p&gt;&lt;/o:p&gt;&lt;/p&gt;&lt;p class=&quot;MsoNormal&quot;&gt;Многоразовый клипс-аппликатор Hem-o-lok от Weck (Teleflex)\r\nпредназначен для работы с нерассасывающимися полимерными клипсами. Особенности\r\nконструкции рабочей части Hem-o-lok позволяют устанавливать клипсы под углом,\r\nобеспечивая более удобное подведение клипсы под лигируемые ткани.&lt;o:p&gt;&lt;/o:p&gt;&lt;/p&gt;&lt;br&gt;&lt;p class=&quot;MsoNormal&quot;&gt;&lt;o:p&gt;&amp;nbsp;&lt;/o:p&gt;&lt;span style=&quot;font-size: 12px;&quot;&gt;О компании:&lt;/span&gt;&lt;/p&gt;&lt;p class=&quot;MsoNormal&quot;&gt;&lt;o:p&gt;&lt;/o:p&gt;&lt;/p&gt;&lt;p&gt;\r\n\r\n\r\n\r\n\r\n\r\n\r\n\r\n\r\n\r\n\r\n\r\n&lt;/p&gt;&lt;p class=&quot;MsoNormal&quot;&gt;Компания Weck производит и реализует на медицинском рынке\r\nлигатурные устройства, клип-аппликаторы, кожные степлеры, кардиоваскулярный\r\nшовный материал, порты для слепого лапароскопического доступа и инструментарий\r\nдля проведения лапароскопической холангиографии. Продукция компании широко\r\nприменяется в нейрохирургии, кардиоваскулярной и общей хирургии. В 1993 году Weck\r\nбыла приобретена американской корпорацией Teleflex – всемирно известным\r\nразработчиком и производителем продуктов и решений в области интенсивной\r\nтерапии, анестезиологии и хирургии.&amp;nbsp; &amp;nbsp;&amp;nbsp;&lt;o:p&gt;&lt;/o:p&gt;&lt;/p&gt;', 'Стерильный сменный картридж для клипс-аппликатора Hem-o-lok содержит 6 нерассасывающихся полимерных клипс размера ML, применяющихся для лигирования трубчатых структур (сосудов и просветов) с диаметром от 3 до 10 мм. Упаковка включает 14 картриджей (84 клипсы).', '', 'Клипсы лигирующие для хирургического клипсоаппликатора Hem-o-lok ', '', ''),
(258, 2, 'Анти-эмболические чулки T.E.D до бедра', '&lt;p class=&quot;MsoNormal&quot;&gt;Тромбозом глубоких вен называется патологическое состояние,\r\nпри котором в глубоких венах формируется сгусток крови – тромб. Тромб частично\r\nили полностью блокирует движение крови по венам, что увеличивает риск\r\nобразования новых сгустков и может спровоцировать появление серьезного\r\nосложнения, представляющего опасность для жизни – тромбоэмболии легочной\r\nартерии.&lt;/p&gt;&lt;p class=&quot;MsoNormal&quot;&gt;&lt;span style=&quot;font-size: 12px;&quot;&gt;Одним из распространенных методов лечения и профилактики\r\nтромбоза глубоких вен является компрессионный трикотаж. За счет точно\r\nвыверенного распределения силы неоднородного давления на различные участки ног\r\nкомпресионный трикотаж позволяет восстановить и поддерживать правильный ток\r\nвенозной крови, предупреждая тем самым развитие хронических заболеваний\r\nвен.&lt;/span&gt;&lt;span style=&quot;font-size: 12px;&quot;&gt;&amp;nbsp;&lt;/span&gt;&lt;/p&gt;&lt;p class=&quot;MsoNormal&quot;&gt;&lt;o:p&gt;&lt;/o:p&gt;&lt;/p&gt;&lt;p class=&quot;MsoNormal&quot;&gt;&lt;o:p&gt;&amp;nbsp;&lt;/o:p&gt;&lt;/p&gt;&lt;p class=&quot;MsoNormal&quot;&gt;О компании&lt;o:p&gt;&lt;/o:p&gt;&lt;/p&gt;&lt;p class=&quot;MsoNormal&quot;&gt;Еще недавно представлявшая собой самостоятельную\r\nбизнес-единицу, компания Covidien в 2015 году стала частью концерна Medtronic plc.,\r\nобъединившись с компанией Medtronic – ведущим мировым поставщиком медицинских решений,\r\nуслуг и технологий. Головной офис Medtronic-Covidien находится в Ирландии,\r\nпредставительская сеть охватывает 160 стран. &lt;o:p&gt;&lt;/o:p&gt;&lt;/p&gt;&lt;p&gt;\r\n\r\n\r\n\r\n\r\n\r\n\r\n\r\n\r\n\r\n\r\n\r\n&lt;/p&gt;&lt;br&gt;', 'Анти-эмболические чулки T.E.D. предназначены для профилактики тромбоза глубоких вен (ТГВ) и эмболии легочной артерии. Снижают риск развития ТГВ на 50%. Особое плетение полотна – мозаичная круговая вязка – обеспечивает постоянную градуированную компрессию, способствующую увеличению венозного кровотока на 138,4%. \r\nВыбор размера чулок T.E.D. зависит от значений окружности бедра, окружности широкой части голени и длины ноги. \r\n', '', 'Анти-эмболические чулки T.E.D до бедра', '', ''),
(259, 2, 'Анти-эмболические чулки T.E.D до колена ', '&lt;p class=&quot;MsoNormal&quot;&gt;Тромбозом глубоких вен называется патологическое состояние,\r\nпри котором в глубоких венах формируется сгусток крови – тромб. Тромб частично\r\nили полностью блокирует движение крови по венам, что увеличивает риск\r\nобразования новых сгустков и может спровоцировать появление серьезного\r\nосложнения, представляющего опасность для жизни – тромбоэмболии легочной\r\nартерии.&lt;/p&gt;&lt;p class=&quot;MsoNormal&quot;&gt;&lt;span style=&quot;font-size: 12px;&quot;&gt;Одним из распространенных методов лечения и профилактики\r\nтромбоза глубоких вен является компрессионный трикотаж. За счет точно\r\nвыверенного распределения силы неоднородного давления на различные участки ног\r\nкомпресионный трикотаж позволяет восстановить и поддерживать правильный ток\r\nвенозной крови, предупреждая тем самым развитие хронических заболеваний\r\nвен.&lt;/span&gt;&lt;span style=&quot;font-size: 12px;&quot;&gt;&amp;nbsp;&lt;/span&gt;&lt;/p&gt;&lt;p class=&quot;MsoNormal&quot;&gt;&lt;o:p&gt;&lt;/o:p&gt;&lt;/p&gt;&lt;p class=&quot;MsoNormal&quot;&gt;&lt;o:p&gt;&amp;nbsp;&lt;/o:p&gt;&lt;/p&gt;&lt;p class=&quot;MsoNormal&quot;&gt;О компании&lt;o:p&gt;&lt;/o:p&gt;&lt;/p&gt;&lt;p class=&quot;MsoNormal&quot;&gt;Еще недавно представлявшая собой самостоятельную\r\nбизнес-единицу, компания Covidien в 2015 году стала частью концерна Medtronic plc.,\r\nобъединившись с компанией Medtronic – ведущим мировым поставщиком медицинских\r\nрешений, услуг и технологий. Головной офис Medtronic-Covidien находится в\r\nИрландии, представительская сеть охватывает 160 стран. &lt;o:p&gt;&lt;/o:p&gt;&lt;/p&gt;&lt;br&gt;&lt;p&gt;\r\n\r\n\r\n\r\n\r\n\r\n\r\n\r\n\r\n\r\n\r\n\r\n\r\n\r\n&lt;/p&gt;&lt;p class=&quot;MsoNormal&quot;&gt;&lt;o:p&gt;&amp;nbsp;&lt;/o:p&gt;&lt;/p&gt;', 'Анти-эмболические чулки-гольфы T.E.D. предназначены для профилактики тромбоза глубоких вен (ТГВ) и эмболии легочной артерии в случаях наличия медицинских противопоказаний к ношению чулок стандартной длины (до бедра). Особое плетение полотна – мозаичная круговая вязка – обеспечивает постоянную градуированную компрессию, способствующую нормализации венозного кровотока. \r\n\r\n', '', 'Анти-эмболические чулки T.E.D до колена ', '', ''),
(260, 2, 'Троакар Endopath Xcel без ножа 6шт/уп', '&lt;p class=&quot;MsoNormal&quot;&gt;Оптические троакары Xcel без лезвия – серия Bladeless – предназначены\r\nдля формирования доступа посредством разделения волокон тканей с одновременным\r\nпредставлением четкого визуального контроля над ходом введения троакара.\r\nТроакары без лезвия применяются в абдоминальной, торакальной и гинекологической\r\nхирургии.&lt;o:p&gt;&lt;/o:p&gt;&lt;/p&gt;&lt;br&gt;&lt;p class=&quot;MsoNormal&quot;&gt;Вогнутая, конусообразная внутренняя поверхность канюли имеет\r\nособое покрытие на основе силикона, гарантирующего легкое введение/удаление и\r\nплавное скольжение инструментов в троакаре. Приемник канюли оснащен\r\nкомбинированной системой из мембран двух типов – лепестковой, расположенной в\r\nверхней съемной части приемника, и мембраны типа «утиный клюв», размещенной в\r\nнижней части. Лепестковая мембрана отличается повышенной износоустойчивостью и\r\nвыдерживает более тысячи циклов введения и извлечения инструментов.&amp;nbsp;&lt;o:p&gt;&lt;/o:p&gt;&lt;/p&gt;&lt;p class=&quot;MsoNormal&quot;&gt;&lt;o:p&gt;&amp;nbsp;&lt;/o:p&gt;&lt;/p&gt;&lt;p class=&quot;MsoNormal&quot;&gt;О компании&lt;o:p&gt;&lt;/o:p&gt;&lt;/p&gt;&lt;p class=&quot;MsoNormal&quot;&gt;Дочернее предприятие корпорации Johnson &amp;amp; Johnson\r\nкомпания Ethicon Endo-Surgery Inc. является одним из ведущих мировых\r\nразработчиков высокотехнологичной продукции для малоинвазивных и открытых\r\nхирургических вмешательств. Ethicon Endo-Surgery была создана в 1992 году на\r\nбазе подразделения Ethicon, входившего в состав Johnson &amp;amp; Johnson с 1949\r\nгода и специализирующегося на производстве хирургических шовных материалов,\r\nинструментов и средств для закрытия ран.&amp;nbsp;&lt;o:p&gt;&lt;/o:p&gt;&lt;/p&gt;&lt;p class=&quot;MsoNormal&quot;&gt;&lt;br&gt;&lt;/p&gt;', 'Оптические троакары Xcel без лезвия могут применяться вместе с эндоскопом с углом обзора 0⁰, что позволяет четко контролировать ход введения троакара в полость тела и значительно снизить риск повреждения сосудов и органов.  Троакар снабжен механизмом фиксации эндоскопической видеокамеры. \r\n', '', 'Троакар Endopath Xcel без ножа 6шт/уп', '', ''),
(261, 2, 'Троакар Endopath Xcel тупоконечный c технологией очистки OptiView', '&lt;p class=&quot;MsoNormal&quot;&gt;Тупоконечные троакары Xcel, или троакары Хассона – серия Blunt\r\n– используются для открытой лапароскопии, которая показана при повторных хирургических\r\nвмешательствах у пациентов с риском наличия выраженного спаечного процесса в\r\nбрюшной полости. Вводятся под контролем зрения через предварительно сделанный в\r\nстенке брюшной полости разрез. Имеют гладкий наконечник, предотвращающий любые\r\nповреждения внутренних органов и структур при введении троакара. &lt;o:p&gt;&lt;/o:p&gt;&lt;/p&gt;&lt;p class=&quot;MsoNormal&quot;&gt;&lt;br&gt;&lt;/p&gt;&lt;p class=&quot;MsoNormal&quot;&gt;О компании&lt;o:p&gt;&lt;/o:p&gt;&lt;/p&gt;&lt;p class=&quot;MsoNormal&quot;&gt;Дочернее предприятие корпорации Johnson &amp;amp; Johnson\r\nкомпания Ethicon Endo-Surgery Inc. является одним из ведущих мировых\r\nразработчиков высокотехнологичной продукции для малоинвазивных и открытых\r\nхирургических вмешательств. Ethicon Endo-Surgery была создана в 1992 году на\r\nбазе подразделения Ethicon, входившего в состав Johnson &amp;amp; Johnson с 1949\r\nгода и специализирующегося на производстве хирургических шовных материалов,\r\nинструментов и средств для закрытия ран.&amp;nbsp;&lt;span style=&quot;font-size: 12px;&quot;&gt;&amp;nbsp;Инновационная\r\nпродукция компании широко востребована в общей и бариатрической хирургии,\r\nколопроктологии, урологии, гинекологии, пластической хирургии, ортопедии и\r\nонкохирургии.&lt;/span&gt;&lt;/p&gt;&lt;p class=&quot;MsoNormal&quot;&gt;&lt;o:p&gt;&lt;/o:p&gt;&lt;/p&gt;', 'Тупоконечные троакары с гладким атравматичным наконечником, исключающим риски повреждения брюшины, внутренних органов и тканей, используются при проведении открытых лапароскопических операций. Функция регулировки длины части канюли, расположенной в брюшной полости, позволяет легко адаптироваться к любой клинической ситуации. Троакар оснащен технологией очистки OptiView, обеспечивающей четкость изображения на протяжении всей процедуры вмешательства.   \r\nДиаметр троакара составляет 12 мм, длина рабочей части – 100 мм.\r\n\r\n\r\n', '', 'Троакар Endopath Xcel с плоским лезвием, диаметр 5 мм', '', ''),
(262, 2, 'Эндоскопический инструмент ENDOPATH  Зажим Бэбкока с храповым механизмом, диаметр 5 мм', '&lt;p class=&quot;MsoNormal&quot;&gt;Линейка стерильных эндоскопических инструментов Endopath\r\nбыла разработана для совместного использования с хирургическими троакарами Endopath\r\nи гибкими троакарами Flexipath при проведении широкого спектра минимально\r\nинвазивных процедур. Все инструменты оснащены эргономичной рукояткой,\r\nоблегчающей маневрирование и усиливающей контроль сжатия тканей за счет\r\nснижения силы требуемого мышечного воздействия. Ствол инструментов Endopath\r\nвращается на 360°, обеспечивая хорошую визуализацию операционного поля наряду с\r\nвозможностью адаптироваться к любой клинической ситуации.&lt;/p&gt;&lt;p class=&quot;MsoNormal&quot; style=&quot;font-size: 12px;&quot;&gt;О компании&lt;o:p&gt;&lt;/o:p&gt;&lt;/p&gt;&lt;p class=&quot;MsoNormal&quot; style=&quot;font-size: 12px;&quot;&gt;Дочернее предприятие корпорации Johnson &amp;amp; Johnson компания Ethicon Endo-Surgery Inc. является одним из ведущих мировых разработчиков высокотехнологичной продукции для малоинвазивных и открытых хирургических вмешательств. Ethicon Endo-Surgery была создана в 1992 году на базе подразделения Ethicon, входившего в состав Johnson &amp;amp; Johnson с 1949 года и специализирующегося на производстве хирургических шовных материалов, инструментов и средств для закрытия ран.&amp;nbsp;&lt;span style=&quot;font-size: 12px;&quot;&gt;&amp;nbsp;Инновационная продукция компании широко востребована в общей и бариатрической хирургии, колопроктологии, урологии, гинекологии, пластической хирургии, ортопедии и онкохирургии.&lt;/span&gt;&lt;/p&gt;', 'Зажим Бэбкока – стерильный эндоскопический инструмент для захвата тканей, применяется при проведении минимально инвазивных операционных вмешательств. Широкая апертура раскрытия браншей – 32,2 мм – и наличие храпового механизма, позволяющего точно фиксировать положение тканей при сохранении требуемой степени компрессии, облегчают и упрощают манипуляции, снижают вероятность травмирования тканей.\r\n', '', 'Эндоскопический инструмент ENDOPATH: Зажим Бэбкока с храповым механизмом, диаметр 5 мм', '', ''),
(263, 2, 'Эндоскопический инструмент ENDOPATH: держатель головки циркулярного аппарата с храповым механизмом', '&lt;p class=&quot;MsoNormal&quot;&gt;Линейка стерильных эндоскопических инструментов Endopath\r\nбыла разработана для совместного использования с хирургическими троакарами Endopath\r\nи гибкими троакарами Flexipath при проведении широкого спектра минимально\r\nинвазивных процедур. Все инструменты оснащены эргономичной рукояткой,\r\nоблегчающей маневрирование и усиливающей контроль сжатия тканей за счет\r\nснижения силы требуемого мышечного воздействия. Ствол инструментов Endopath\r\nвращается на 360°, . Применение\r\nстерильных, рассчитанных на одноразовое использование инструментов Endopath\r\nпредупреждает риск возникновения перекрестной контаминации, повышая эффективность\r\nхирургического вмешательства.&amp;nbsp;&lt;/p&gt;&lt;p class=&quot;MsoNormal&quot;&gt;&lt;br&gt;&lt;/p&gt;&lt;p class=&quot;MsoNormal&quot; style=&quot;font-size: 12px;&quot;&gt;О компании&lt;o:p&gt;&lt;/o:p&gt;&lt;/p&gt;&lt;p class=&quot;MsoNormal&quot;&gt;&lt;span style=&quot;font-size: 12px;&quot;&gt;Дочернее предприятие корпорации Johnson &amp;amp; Johnson компания Ethicon Endo-Surgery Inc. является одним из ведущих мировых разработчиков высокотехнологичной продукции для малоинвазивных и открытых хирургических вмешательств. Ethicon Endo-Surgery была создана в 1992 году на базе подразделения Ethicon, входившего в состав Johnson &amp;amp; Johnson с 1949 года и специализирующегося на производстве хирургических шовных материалов, инструментов и средств для закрытия ран.&amp;nbsp;&lt;/span&gt;&lt;span style=&quot;font-size: 12px;&quot;&gt;&amp;nbsp;Инновационная продукция компании широко востребована в общей и бариатрической хирургии, колопроктологии, урологии, гинекологии, пластической хирургии, ортопедии и онкохирургии.&lt;/span&gt;&amp;nbsp;&lt;o:p&gt;&lt;/o:p&gt;&lt;/p&gt;', 'Стерильный зажим-держатель головки циркулярно-сшивающего аппарата используется при проведении минимально инвазивных операционных вмешательств. Широкая апертура раскрытия браншей – 29 мм – и наличие храпового механизма облегчают захват и присоединение головки циркулярных сшивающих аппаратов, снижая риск возможного травмирования тканей.\r\n\r\n', '', 'Эндоскопический инструмент ENDOPATH: держатель головки циркулярного аппарата с храповым механизмом', '', ''),
(265, 2, 'Scar Fix силиконовые пластины', '&lt;p&gt;&lt;span style=&quot;font-size: 12px;&quot;&gt;Scar Fix подходят для использования на закрытых ранах, без дренажа после удаления швов,&amp;nbsp;&lt;/span&gt;&lt;span style=&quot;font-size: 12px;&quot;&gt;для профилактики и коррекции хирургических , травматических &amp;nbsp;рубцов, гипертрофических, келоидных и послеожоговых рубцов. П&lt;/span&gt;&lt;span style=&quot;font-size: 12px;&quot;&gt;рименяется только на зажившую и не мокнущую область кожи.&lt;/span&gt;&lt;/p&gt;&lt;p&gt;Пластина должна быть подходящего размера, чтобы покрыть рубец, &amp;nbsp;перекрывая край рубца на 25%. &amp;nbsp;Пластина может использоваться в течении &amp;nbsp;12 часов ежедневно&lt;br&gt;&lt;/p&gt;&lt;p&gt;&lt;br&gt;&lt;/p&gt;&lt;p&gt;О компании&lt;/p&gt;&lt;p&gt;Компания\r\nScar\r\nHeal\r\nInc.\r\nбыла основана в 1988 году. &amp;nbsp;Основное направление деятельности - разработка и производство средств для\r\n&quot;нехирургической&quot; терапии и&amp;nbsp;\r\nпрофилактики всех видов рубцов и шрамов.&amp;nbsp;Штаб квартира компании находится в\r\nгороде Ларго (Largo) на западе штата Флорида (США), на\r\nпобережье Мексиканского залива.&amp;nbsp;&lt;br&gt;&lt;/p&gt;', 'ScarFx  (СкарФикс) представляет собой самоклеющиеся силиконовые пластины длительного применения для коррекции рубцов. Эффект использования силиконовых пластин для профилактики и лечения келоидных и гипертрофических рубцов, а также шрамов от ожогов и хирургических вмешательств, доказан более чем в 50 научных исследованиях, проводившихся по всему миру. Именно поэтому врачи рекомендуют данный метод как наилучший вариант нехирургического (консервативного) и безопасного лечения рубцов для любого типа кожи. \r\n', '', 'Scar Fix силиконовые пластины', '', ''),
(266, 2, 'Салфетка &quot;Колетекс с мочевиной&quot;, 10x14см.', '&lt;p&gt;&lt;br&gt;&lt;/p&gt;', '', '', 'Салфетка &quot;Колетекс с мочевиной&quot; ', '', '');

-- --------------------------------------------------------

--
-- Структура таблицы `ts_product_discount`
--

CREATE TABLE IF NOT EXISTS `ts_product_discount` (
  `product_discount_id` int(11) NOT NULL AUTO_INCREMENT,
  `product_id` int(11) NOT NULL,
  `customer_group_id` int(11) NOT NULL,
  `quantity` int(4) NOT NULL DEFAULT '0',
  `priority` int(5) NOT NULL DEFAULT '1',
  `price` decimal(15,4) NOT NULL DEFAULT '0.0000',
  `date_start` date NOT NULL DEFAULT '0000-00-00',
  `date_end` date NOT NULL DEFAULT '0000-00-00',
  PRIMARY KEY (`product_discount_id`),
  KEY `product_id` (`product_id`)
) ENGINE=MyISAM AUTO_INCREMENT=782 DEFAULT CHARSET=utf8;

-- --------------------------------------------------------

--
-- Структура таблицы `ts_product_filter`
--

CREATE TABLE IF NOT EXISTS `ts_product_filter` (
  `product_id` int(11) NOT NULL,
  `filter_id` int(11) NOT NULL,
  PRIMARY KEY (`product_id`,`filter_id`)
) ENGINE=MyISAM DEFAULT CHARSET=utf8;

--
-- Дамп данных таблицы `ts_product_filter`
--

INSERT INTO `ts_product_filter` (`product_id`, `filter_id`) VALUES
(77, 2),
(77, 20),
(109, 2),
(109, 20),
(111, 2),
(111, 20),
(112, 2),
(112, 20),
(113, 2),
(113, 20),
(115, 2),
(115, 20),
(116, 2),
(116, 20),
(117, 2),
(117, 20),
(118, 2),
(118, 20),
(119, 1),
(119, 18),
(120, 1),
(120, 18),
(121, 1),
(121, 18),
(122, 1),
(122, 18),
(123, 1),
(123, 18),
(124, 1),
(124, 18),
(126, 1),
(126, 31),
(127, 1),
(127, 31),
(128, 1),
(128, 31),
(129, 7),
(130, 7),
(131, 7),
(132, 7),
(133, 7),
(133, 32),
(134, 7),
(134, 8),
(134, 14),
(136, 7),
(136, 14),
(137, 5),
(137, 7),
(137, 8),
(137, 14),
(138, 7),
(138, 26),
(139, 2),
(139, 7),
(139, 20),
(140, 4),
(140, 29),
(141, 4),
(141, 29),
(142, 4),
(142, 23),
(143, 4),
(143, 23),
(144, 4),
(144, 14),
(145, 4),
(145, 14),
(146, 4),
(146, 14),
(147, 4),
(147, 14),
(149, 4),
(149, 33),
(150, 3),
(150, 4),
(150, 33),
(151, 4),
(151, 14),
(152, 4),
(152, 33),
(153, 5),
(153, 8),
(153, 14),
(154, 8),
(154, 14),
(155, 8),
(155, 14),
(156, 8),
(156, 27),
(157, 8),
(157, 27),
(158, 8),
(158, 27),
(159, 8),
(159, 19),
(160, 8),
(160, 19),
(161, 8),
(161, 19),
(162, 8),
(162, 26),
(164, 8),
(164, 14),
(167, 8),
(168, 8),
(168, 34),
(169, 8),
(169, 35),
(170, 8),
(170, 35),
(171, 8),
(171, 35),
(172, 8),
(172, 21),
(173, 8),
(173, 21),
(174, 8),
(174, 36),
(175, 8),
(175, 36),
(176, 8),
(176, 36),
(177, 8),
(177, 36),
(178, 8),
(178, 37),
(179, 8),
(179, 37),
(180, 8),
(180, 14),
(181, 3),
(181, 5),
(181, 38),
(184, 5),
(184, 14),
(185, 5),
(185, 14),
(186, 5),
(186, 14),
(187, 5),
(187, 14),
(188, 5),
(188, 14),
(189, 8),
(190, 8),
(191, 8),
(192, 8),
(194, 8),
(195, 6),
(195, 21),
(196, 6),
(196, 21),
(197, 6),
(197, 21),
(198, 6),
(198, 21),
(199, 6),
(199, 21),
(200, 6),
(200, 21),
(201, 6),
(201, 21),
(202, 6),
(202, 21),
(203, 3),
(203, 24),
(204, 3),
(204, 24),
(205, 1),
(205, 3),
(206, 3),
(206, 24),
(207, 3),
(207, 24),
(208, 3),
(209, 3),
(209, 33),
(210, 3),
(212, 3),
(213, 3),
(214, 9),
(214, 16),
(215, 9),
(216, 9),
(217, 9),
(218, 9),
(219, 9),
(219, 26),
(221, 9),
(221, 26),
(222, 9),
(222, 26),
(223, 9),
(223, 26),
(224, 9),
(224, 26),
(225, 9),
(226, 9),
(226, 26),
(227, 10),
(228, 10),
(229, 10),
(230, 10),
(232, 10),
(233, 10),
(234, 10),
(235, 10),
(236, 10),
(237, 10),
(238, 10),
(239, 10),
(240, 10),
(240, 21),
(241, 10),
(242, 10),
(242, 21),
(243, 10),
(243, 21),
(244, 10),
(244, 14),
(245, 10),
(245, 14),
(246, 10),
(246, 14),
(247, 10),
(248, 10),
(249, 10),
(250, 10),
(251, 10),
(252, 10),
(252, 31),
(253, 10),
(253, 31),
(254, 10),
(254, 31),
(255, 10),
(255, 31),
(256, 10),
(256, 26),
(257, 10),
(257, 26),
(258, 10),
(258, 13),
(259, 10),
(259, 13),
(260, 10),
(261, 10),
(261, 18),
(262, 10),
(262, 18),
(263, 10),
(263, 18),
(264, 8),
(264, 27),
(265, 1),
(265, 4),
(265, 7),
(266, 3),
(266, 4),
(266, 33),
(267, 3),
(267, 4),
(267, 33),
(268, 3),
(268, 33),
(269, 3),
(269, 33),
(275, 7),
(275, 8),
(275, 38),
(276, 7),
(276, 25),
(277, 7),
(279, 2),
(279, 37);

-- --------------------------------------------------------

--
-- Структура таблицы `ts_product_image`
--

CREATE TABLE IF NOT EXISTS `ts_product_image` (
  `product_image_id` int(11) NOT NULL AUTO_INCREMENT,
  `product_id` int(11) NOT NULL,
  `image` varchar(255) DEFAULT NULL,
  `sort_order` int(3) NOT NULL DEFAULT '0',
  PRIMARY KEY (`product_image_id`),
  KEY `product_id` (`product_id`)
) ENGINE=MyISAM AUTO_INCREMENT=3335 DEFAULT CHARSET=utf8;

--
-- Дамп данных таблицы `ts_product_image`
--

INSERT INTO `ts_product_image` (`product_image_id`, `product_id`, `image`, `sort_order`) VALUES
(3266, 123, 'catalog/ гинекология/ новое/p5_ТВТ_ОTVT_Obturator_result.jpg', 0),
(3325, 120, 'catalog/ гинекология/ новое/p1_p2_Setka_Gynemesh_PS_result.jpg', 0),
(3265, 124, 'catalog/ гинекология/ новое/p6_GYNECARE_TVT_ABBREVO_result.jpg', 0),
(3152, 125, 'catalog/ гинекология/ новое/p7_GYNECARE_TVT_EXACT_result.jpg', 0),
(3267, 126, 'catalog/ гинекология/ новое/p8_Uro_Sling_result.jpg', 0),
(3269, 127, 'catalog/ гинекология/ новое/p9_Urofix_TO_result.jpg', 0),
(3268, 128, 'catalog/ гинекология/ новое/p10_Urofix_PL_result.jpg', 0),
(3333, 129, 'catalog/ для детей/card/p1_result.jpg', 0),
(3334, 130, 'catalog/ для детей/card/p2_result.jpg', 0),
(3323, 131, 'catalog/ для детей/card/p3_result.jpg', 0),
(3324, 132, 'catalog/ для детей/catalog/p4_result.jpg', 0),
(3270, 133, 'catalog/ для детей/card/p5_2_result.jpg', 0),
(3332, 196, 'catalog/ дип/podmetki_result.jpg', 0),
(3310, 136, 'catalog/ для детей/card/p8_result.jpg', 0),
(3284, 137, 'catalog/ для детей/card/p9_result.jpg', 0),
(3165, 138, 'catalog/ для детей/card/p10_result.jpg', 0),
(3259, 139, 'catalog/ для детей/card/p11_result.jpg', 0),
(3302, 140, 'catalog/ для ран/p1.2_result.jpg', 0),
(3301, 140, 'catalog/ для ран/p1.1_result.jpg', 0),
(3306, 141, 'catalog/ для ран/p1.2_result.jpg', 0),
(3305, 141, 'catalog/ для ран/p1.1_result.jpg', 0),
(3308, 142, 'catalog/ для ран/mepiform_result.jpg', 0),
(3307, 143, 'catalog/ для ран/mepiform_result.jpg', 0),
(3279, 172, 'catalog/ за пациентами/p21.22_result.jpg', 0),
(3280, 173, 'catalog/ за пациентами/p21.22_result.jpg', 0),
(3294, 181, 'catalog/ за стомой/mikpeg1_1415864034_result.jpg', 0),
(3331, 197, 'catalog/ дип/selona_vata_result.jpg', 0),
(3330, 198, 'catalog/ дип/selona_vata_result.jpg', 0),
(3291, 199, 'catalog/ дип/Cellona_1u2_result.jpg', 0),
(3292, 200, 'catalog/ дип/Cellona_1u2_result.jpg', 0),
(3326, 201, 'catalog/ дип/TG_soft_primenenie_result.jpg', 0),
(3327, 202, 'catalog/ дип/TG_soft_primenenie_result.jpg', 0),
(3261, 205, 'catalog/ онкология/p3_Accufuser_Continuous._result.jpg', 0),
(3277, 210, 'catalog/ онкология/pish1_result.jpg', 0),
(3276, 210, 'catalog/ онкология/pish27_result.jpg', 0),
(3169, 211, 'catalog/ онкология/pish27_result.jpg', 0);

-- --------------------------------------------------------

--
-- Структура таблицы `ts_product_option`
--

CREATE TABLE IF NOT EXISTS `ts_product_option` (
  `product_option_id` int(11) NOT NULL AUTO_INCREMENT,
  `product_id` int(11) NOT NULL,
  `option_id` int(11) NOT NULL,
  `value` text NOT NULL,
  `required` tinyint(1) NOT NULL,
  PRIMARY KEY (`product_option_id`)
) ENGINE=MyISAM AUTO_INCREMENT=75 DEFAULT CHARSET=utf8;

--
-- Дамп данных таблицы `ts_product_option`
--

INSERT INTO `ts_product_option` (`product_option_id`, `product_id`, `option_id`, `value`, `required`) VALUES
(29, 154, 11, '', 1),
(71, 258, 11, '', 1),
(9, 265, 11, '', 1),
(60, 168, 11, '', 1),
(59, 215, 11, '', 1),
(17, 162, 11, '', 1),
(18, 173, 11, '', 1),
(19, 172, 11, '', 1),
(21, 224, 11, '', 1),
(22, 225, 11, '', 1),
(23, 226, 11, '', 1),
(24, 217, 11, '', 1),
(26, 77, 11, '', 1),
(27, 275, 11, '', 1),
(2, 154, 2, '', 1),
(30, 155, 11, '', 1),
(32, 149, 11, '', 1),
(69, 249, 11, '', 1),
(68, 250, 11, '', 1),
(67, 247, 11, '', 1),
(66, 239, 11, '', 1),
(65, 246, 11, '', 1),
(70, 259, 11, '', 1),
(61, 181, 11, '', 1),
(64, 244, 11, '', 1),
(63, 222, 11, '', 1),
(47, 196, 11, '', 1),
(62, 223, 11, '', 1),
(49, 221, 11, '', 1),
(50, 248, 11, '', 1),
(51, 260, 11, '', 1),
(53, 111, 11, '', 1),
(54, 112, 11, '', 1),
(55, 115, 11, '', 1),
(56, 117, 11, '', 1),
(57, 219, 11, '', 1),
(58, 216, 11, '', 1),
(73, 204, 11, '', 1),
(74, 203, 11, '', 1);

-- --------------------------------------------------------

--
-- Структура таблицы `ts_product_option_value`
--

CREATE TABLE IF NOT EXISTS `ts_product_option_value` (
  `product_option_value_id` int(11) NOT NULL AUTO_INCREMENT,
  `product_option_id` int(11) NOT NULL,
  `product_id` int(11) NOT NULL,
  `option_id` int(11) NOT NULL,
  `option_value_id` int(11) NOT NULL,
  `quantity` int(3) NOT NULL,
  `subtract` tinyint(1) NOT NULL,
  `price` decimal(15,4) NOT NULL,
  `price_prefix` varchar(1) NOT NULL,
  `points` int(8) NOT NULL,
  `points_prefix` varchar(1) NOT NULL,
  `weight` decimal(15,8) NOT NULL,
  `weight_prefix` varchar(1) NOT NULL,
  PRIMARY KEY (`product_option_value_id`)
) ENGINE=MyISAM AUTO_INCREMENT=178 DEFAULT CHARSET=utf8;

--
-- Дамп данных таблицы `ts_product_option_value`
--

INSERT INTO `ts_product_option_value` (`product_option_value_id`, `product_option_id`, `product_id`, `option_id`, `option_value_id`, `quantity`, `subtract`, `price`, `price_prefix`, `points`, `points_prefix`, `weight`, `weight_prefix`) VALUES
(62, 29, 154, 11, 86, 1, 1, '0.0000', '+', 0, '+', '0.00000000', '+'),
(145, 66, 239, 11, 144, 1, 1, '0.0000', '+', 0, '+', '0.00000000', '+'),
(143, 65, 246, 11, 66, 1, 1, '0.0000', '+', 0, '+', '0.00000000', '+'),
(16, 9, 265, 11, 57, 1, 1, '0.0000', '+', 0, '+', '0.00000000', '+'),
(15, 9, 265, 11, 56, 1, 1, '0.0000', '+', 0, '+', '0.00000000', '+'),
(122, 59, 215, 11, 137, 3, 1, '0.0000', '+', 0, '+', '0.00000000', '+'),
(120, 59, 215, 11, 135, 1, 1, '0.0000', '+', 0, '+', '0.00000000', '+'),
(25, 17, 162, 11, 66, 1, 1, '0.0000', '+', 0, '+', '0.00000000', '+'),
(26, 17, 162, 11, 67, 1, 1, '0.0000', '+', 0, '+', '0.00000000', '+'),
(27, 17, 162, 11, 68, 1, 1, '0.0000', '+', 0, '+', '0.00000000', '+'),
(28, 17, 162, 11, 69, 1, 1, '0.0000', '+', 0, '+', '0.00000000', '+'),
(29, 17, 162, 11, 70, 1, 1, '0.0000', '+', 0, '+', '0.00000000', '+'),
(31, 17, 162, 11, 72, 1, 1, '0.0000', '+', 0, '+', '0.00000000', '+'),
(32, 18, 173, 11, 73, 1, 1, '6500.0000', '-', 0, '+', '0.00000000', '+'),
(33, 18, 173, 11, 57, 1, 1, '0.0000', '+', 0, '+', '0.00000000', '+'),
(35, 19, 172, 11, 57, 1, 1, '6500.0000', '+', 0, '+', '0.00000000', '+'),
(129, 60, 168, 11, 112, 4, 1, '0.0000', '+', 0, '+', '0.00000000', '+'),
(37, 21, 224, 11, 77, 1, 1, '0.0000', '+', 0, '+', '0.00000000', '+'),
(38, 21, 224, 11, 66, 1, 1, '0.0000', '+', 0, '+', '0.00000000', '+'),
(39, 21, 224, 11, 67, 1, 1, '0.0000', '+', 0, '+', '0.00000000', '+'),
(40, 22, 225, 11, 114, 1, 1, '0.0000', '+', 0, '+', '0.00000000', '+'),
(41, 22, 225, 11, 79, 1, 1, '0.0000', '+', 0, '+', '0.00000000', '+'),
(42, 22, 225, 11, 78, 1, 1, '0.0000', '+', 0, '+', '0.00000000', '+'),
(44, 23, 226, 11, 68, 1, 1, '0.0000', '+', 0, '+', '0.00000000', '+'),
(43, 23, 226, 11, 67, 1, 1, '0.0000', '+', 0, '+', '0.00000000', '+'),
(47, 24, 217, 11, 75, 1, 1, '0.0000', '+', 0, '+', '0.00000000', '+'),
(46, 24, 217, 11, 80, 1, 1, '0.0000', '+', 0, '+', '0.00000000', '+'),
(45, 24, 217, 11, 77, 1, 1, '0.0000', '+', 0, '+', '0.00000000', '+'),
(50, 26, 77, 11, 81, 1, 1, '0.0000', '+', 0, '+', '0.00000000', '+'),
(51, 26, 77, 11, 82, 1, 1, '7125.0000', '+', 0, '+', '0.00000000', '+'),
(52, 27, 275, 11, 83, 1, 1, '0.0000', '+', 0, '+', '0.00000000', '+'),
(53, 27, 275, 11, 84, 1, 1, '0.0000', '+', 0, '+', '0.00000000', '+'),
(34, 19, 172, 11, 73, 1, 1, '0.0000', '+', 0, '+', '0.00000000', '+'),
(61, 29, 154, 11, 87, 2, 1, '0.0000', '+', 0, '+', '0.00000000', '+'),
(60, 29, 154, 11, 88, 3, 1, '0.0000', '+', 0, '+', '0.00000000', '+'),
(59, 29, 154, 11, 89, 4, 1, '0.0000', '+', 0, '+', '0.00000000', '+'),
(58, 29, 154, 11, 90, 5, 1, '0.0000', '+', 0, '+', '0.00000000', '+'),
(57, 29, 154, 11, 91, 6, 1, '0.0000', '+', 0, '+', '0.00000000', '+'),
(56, 29, 154, 11, 92, 7, 1, '0.0000', '+', 0, '+', '0.00000000', '+'),
(55, 29, 154, 11, 93, 8, 1, '0.0000', '+', 0, '+', '0.00000000', '+'),
(4, 2, 154, 2, 23, 1, 1, '0.0000', '+', 0, '+', '0.00000000', '+'),
(63, 30, 155, 11, 88, 1, 1, '0.0000', '+', 0, '+', '0.00000000', '+'),
(64, 30, 155, 11, 90, 2, 1, '0.0000', '+', 0, '+', '0.00000000', '+'),
(65, 30, 155, 11, 92, 3, 1, '0.0000', '+', 0, '+', '0.00000000', '+'),
(66, 30, 155, 11, 93, 4, 1, '0.0000', '+', 0, '+', '0.00000000', '+'),
(68, 32, 149, 11, 95, 1, 1, '0.0000', '+', 0, '+', '0.00000000', '+'),
(141, 64, 244, 11, 114, 2, 1, '0.0000', '+', 0, '+', '0.00000000', '+'),
(69, 32, 149, 11, 96, 1, 1, '0.0000', '+', 0, '+', '0.00000000', '+'),
(142, 65, 246, 11, 77, 1, 1, '0.0000', '+', 0, '+', '0.00000000', '+'),
(140, 64, 244, 11, 70, 1, 1, '0.0000', '+', 0, '+', '0.00000000', '+'),
(139, 63, 222, 11, 133, 1, 1, '0.0000', '+', 0, '+', '0.00000000', '+'),
(132, 61, 181, 11, 142, 3, 1, '0.0000', '+', 0, '+', '0.00000000', '+'),
(131, 61, 181, 11, 141, 2, 1, '0.0000', '+', 0, '+', '0.00000000', '+'),
(138, 63, 222, 11, 66, 1, 1, '0.0000', '+', 0, '+', '0.00000000', '+'),
(130, 61, 181, 11, 84, 1, 1, '0.0000', '+', 0, '+', '0.00000000', '+'),
(136, 63, 222, 11, 77, 1, 1, '0.0000', '+', 0, '+', '0.00000000', '+'),
(137, 63, 222, 11, 80, 1, 1, '0.0000', '+', 0, '+', '0.00000000', '+'),
(134, 62, 223, 11, 80, 2, 1, '0.0000', '+', 0, '+', '0.00000000', '+'),
(135, 62, 223, 11, 66, 3, 1, '0.0000', '+', 0, '+', '0.00000000', '+'),
(84, 47, 196, 11, 109, 1, 1, '0.0000', '+', 0, '+', '0.00000000', '+'),
(85, 47, 196, 11, 110, 1, 1, '0.0000', '+', 0, '+', '0.00000000', '+'),
(86, 47, 196, 11, 111, 1, 1, '0.0000', '+', 0, '+', '0.00000000', '+'),
(87, 47, 196, 11, 112, 1, 1, '0.0000', '+', 0, '+', '0.00000000', '+'),
(133, 62, 223, 11, 77, 1, 1, '0.0000', '+', 0, '+', '0.00000000', '+'),
(91, 49, 221, 11, 75, 1, 1, '0.0000', '+', 0, '+', '0.00000000', '+'),
(90, 49, 221, 11, 80, 1, 1, '0.0000', '+', 0, '+', '0.00000000', '+'),
(89, 49, 221, 11, 77, 1, 1, '0.0000', '+', 0, '+', '0.00000000', '+'),
(92, 50, 248, 11, 109, 1, 1, '0.0000', '+', 0, '+', '0.00000000', '+'),
(93, 50, 248, 11, 110, 1, 1, '0.0000', '+', 0, '+', '0.00000000', '+'),
(94, 50, 248, 11, 111, 1, 1, '0.0000', '+', 0, '+', '0.00000000', '+'),
(95, 50, 248, 11, 112, 1, 1, '0.0000', '+', 0, '+', '0.00000000', '+'),
(100, 51, 260, 11, 118, 4, 1, '0.0000', '+', 0, '+', '0.00000000', '+'),
(99, 51, 260, 11, 119, 5, 1, '0.0000', '+', 0, '+', '0.00000000', '+'),
(98, 51, 260, 11, 116, 2, 1, '0.0000', '+', 0, '+', '0.00000000', '+'),
(97, 51, 260, 11, 115, 1, 1, '0.0000', '+', 0, '+', '0.00000000', '+'),
(96, 51, 260, 11, 117, 3, 1, '0.0000', '+', 0, '+', '0.00000000', '+'),
(124, 59, 215, 11, 139, 5, 1, '0.0000', '+', 0, '+', '0.00000000', '+'),
(102, 53, 111, 11, 121, 1, 1, '0.0000', '+', 0, '+', '0.00000000', '+'),
(103, 53, 111, 11, 122, 1, 1, '0.0000', '+', 0, '+', '0.00000000', '+'),
(104, 53, 111, 11, 123, 1, 1, '0.0000', '+', 0, '+', '0.00000000', '+'),
(125, 59, 215, 11, 83, 6, 1, '0.0000', '+', 0, '+', '0.00000000', '+'),
(106, 54, 112, 11, 125, 1, 1, '0.0000', '+', 0, '+', '0.00000000', '+'),
(105, 54, 112, 11, 124, 1, 1, '0.0000', '+', 0, '+', '0.00000000', '+'),
(110, 55, 115, 11, 129, 1, 1, '0.0000', '+', 0, '+', '0.00000000', '+'),
(109, 55, 115, 11, 128, 1, 1, '0.0000', '+', 0, '+', '0.00000000', '+'),
(108, 55, 115, 11, 127, 1, 1, '0.0000', '+', 0, '+', '0.00000000', '+'),
(107, 55, 115, 11, 126, 1, 1, '0.0000', '+', 0, '+', '0.00000000', '+'),
(113, 56, 117, 11, 132, 1, 1, '0.0000', '+', 0, '+', '0.00000000', '+'),
(112, 56, 117, 11, 131, 1, 1, '0.0000', '+', 0, '+', '0.00000000', '+'),
(111, 56, 117, 11, 130, 1, 1, '0.0000', '+', 0, '+', '0.00000000', '+'),
(116, 57, 219, 11, 77, 1, 1, '0.0000', '+', 0, '+', '0.00000000', '+'),
(115, 57, 219, 11, 66, 2, 1, '0.0000', '+', 0, '+', '0.00000000', '+'),
(114, 57, 219, 11, 67, 3, 1, '0.0000', '+', 0, '+', '0.00000000', '+'),
(117, 58, 216, 11, 68, 3, 1, '0.0000', '+', 0, '+', '0.00000000', '+'),
(118, 58, 216, 11, 69, 2, 1, '0.0000', '+', 0, '+', '0.00000000', '+'),
(119, 58, 216, 11, 133, 1, 1, '0.0000', '+', 0, '+', '0.00000000', '+'),
(121, 59, 215, 11, 136, 2, 1, '0.0000', '+', 0, '+', '0.00000000', '+'),
(123, 59, 215, 11, 138, 4, 1, '0.0000', '+', 0, '+', '0.00000000', '+'),
(128, 60, 168, 11, 111, 3, 1, '0.0000', '+', 0, '+', '0.00000000', '+'),
(127, 60, 168, 11, 110, 2, 1, '0.0000', '+', 0, '+', '0.00000000', '+'),
(126, 60, 168, 11, 109, 1, 1, '0.0000', '+', 0, '+', '0.00000000', '+'),
(144, 66, 239, 11, 143, 1, 1, '0.0000', '+', 0, '+', '0.00000000', '+'),
(146, 67, 247, 11, 109, 1, 1, '0.0000', '+', 0, '+', '0.00000000', '+'),
(147, 67, 247, 11, 110, 2, 1, '0.0000', '+', 0, '+', '0.00000000', '+'),
(148, 67, 247, 11, 111, 3, 1, '0.0000', '+', 0, '+', '0.00000000', '+'),
(149, 67, 247, 11, 112, 4, 1, '0.0000', '+', 0, '+', '0.00000000', '+'),
(150, 68, 250, 11, 145, 1, 1, '0.0000', '+', 0, '+', '0.00000000', '+'),
(151, 68, 250, 11, 146, 1, 1, '0.0000', '+', 0, '+', '0.00000000', '+'),
(152, 68, 250, 11, 147, 1, 1, '0.0000', '+', 0, '+', '0.00000000', '+'),
(153, 68, 250, 11, 148, 1, 1, '0.0000', '+', 0, '+', '0.00000000', '+'),
(154, 68, 250, 11, 149, 1, 1, '0.0000', '+', 0, '+', '0.00000000', '+'),
(156, 68, 250, 11, 150, 1, 1, '0.0000', '+', 0, '+', '0.00000000', '+'),
(157, 69, 249, 11, 145, 1, 1, '0.0000', '+', 0, '+', '0.00000000', '+'),
(158, 69, 249, 11, 146, 1, 1, '0.0000', '+', 0, '+', '0.00000000', '+'),
(159, 69, 249, 11, 147, 1, 1, '0.0000', '+', 0, '+', '0.00000000', '+'),
(160, 69, 249, 11, 148, 1, 1, '0.0000', '+', 0, '+', '0.00000000', '+'),
(161, 69, 249, 11, 149, 1, 1, '0.0000', '+', 0, '+', '0.00000000', '+'),
(162, 69, 249, 11, 150, 1, 1, '0.0000', '+', 0, '+', '0.00000000', '+'),
(166, 70, 259, 11, 112, 4, 1, '0.0000', '+', 0, '+', '0.00000000', '+'),
(165, 70, 259, 11, 111, 3, 1, '0.0000', '+', 0, '+', '0.00000000', '+'),
(164, 70, 259, 11, 110, 2, 1, '0.0000', '+', 0, '+', '0.00000000', '+'),
(163, 70, 259, 11, 109, 1, 1, '0.0000', '+', 0, '+', '0.00000000', '+'),
(167, 71, 258, 11, 151, 1, 1, '0.0000', '+', 0, '+', '0.00000000', '+'),
(168, 71, 258, 11, 152, 1, 1, '0.0000', '+', 0, '+', '0.00000000', '+'),
(169, 71, 258, 11, 153, 1, 1, '0.0000', '+', 0, '+', '0.00000000', '+'),
(171, 73, 204, 11, 154, 1, 1, '0.0000', '+', 0, '+', '0.00000000', '+'),
(172, 73, 204, 11, 155, 1, 1, '0.0000', '+', 0, '+', '0.00000000', '+'),
(173, 74, 203, 11, 49, 1, 1, '0.0000', '+', 0, '+', '0.00000000', '+'),
(174, 74, 203, 11, 157, 1, 1, '0.0000', '+', 0, '+', '0.00000000', '+');

-- --------------------------------------------------------

--
-- Структура таблицы `ts_product_recurring`
--

CREATE TABLE IF NOT EXISTS `ts_product_recurring` (
  `product_id` int(11) NOT NULL,
  `recurring_id` int(11) NOT NULL,
  `customer_group_id` int(11) NOT NULL,
  PRIMARY KEY (`product_id`,`recurring_id`,`customer_group_id`)
) ENGINE=MyISAM DEFAULT CHARSET=utf8;

-- --------------------------------------------------------

--
-- Структура таблицы `ts_product_related`
--

CREATE TABLE IF NOT EXISTS `ts_product_related` (
  `product_id` int(11) NOT NULL,
  `related_id` int(11) NOT NULL,
  PRIMARY KEY (`product_id`,`related_id`)
) ENGINE=MyISAM DEFAULT CHARSET=utf8;

--
-- Дамп данных таблицы `ts_product_related`
--

INSERT INTO `ts_product_related` (`product_id`, `related_id`) VALUES
(77, 109),
(77, 113),
(77, 115),
(77, 118),
(109, 77),
(109, 111),
(109, 113),
(109, 116),
(109, 117),
(109, 118),
(111, 109),
(111, 113),
(111, 115),
(111, 118),
(113, 77),
(113, 109),
(113, 111),
(113, 115),
(113, 116),
(113, 117),
(113, 118),
(115, 77),
(115, 111),
(115, 113),
(115, 116),
(115, 117),
(115, 118),
(116, 109),
(116, 113),
(116, 115),
(116, 118),
(117, 109),
(117, 113),
(117, 115),
(117, 118),
(118, 77),
(118, 109),
(118, 111),
(118, 113),
(118, 115),
(118, 116),
(118, 117);

-- --------------------------------------------------------

--
-- Структура таблицы `ts_product_reward`
--

CREATE TABLE IF NOT EXISTS `ts_product_reward` (
  `product_reward_id` int(11) NOT NULL AUTO_INCREMENT,
  `product_id` int(11) NOT NULL DEFAULT '0',
  `customer_group_id` int(11) NOT NULL DEFAULT '0',
  `points` int(8) NOT NULL DEFAULT '0',
  PRIMARY KEY (`product_reward_id`)
) ENGINE=MyISAM DEFAULT CHARSET=utf8;

-- --------------------------------------------------------

--
-- Структура таблицы `ts_product_special`
--

CREATE TABLE IF NOT EXISTS `ts_product_special` (
  `product_special_id` int(11) NOT NULL AUTO_INCREMENT,
  `product_id` int(11) NOT NULL,
  `customer_group_id` int(11) NOT NULL,
  `priority` int(5) NOT NULL DEFAULT '1',
  `price` decimal(15,4) NOT NULL DEFAULT '0.0000',
  `date_start` date NOT NULL DEFAULT '0000-00-00',
  `date_end` date NOT NULL DEFAULT '0000-00-00',
  PRIMARY KEY (`product_special_id`),
  KEY `product_id` (`product_id`)
) ENGINE=MyISAM DEFAULT CHARSET=utf8;

-- --------------------------------------------------------

--
-- Структура таблицы `ts_product_to_category`
--

CREATE TABLE IF NOT EXISTS `ts_product_to_category` (
  `product_id` int(11) NOT NULL,
  `category_id` int(11) NOT NULL,
  PRIMARY KEY (`product_id`,`category_id`),
  KEY `category_id` (`category_id`)
) ENGINE=MyISAM DEFAULT CHARSET=utf8;

--
-- Дамп данных таблицы `ts_product_to_category`
--

INSERT INTO `ts_product_to_category` (`product_id`, `category_id`) VALUES
(77, 62),
(77, 71),
(109, 62),
(109, 71),
(111, 62),
(111, 71),
(112, 62),
(112, 71),
(113, 62),
(113, 71),
(115, 62),
(115, 71),
(116, 62),
(116, 71),
(117, 62),
(117, 71),
(118, 62),
(119, 59),
(119, 71),
(120, 59),
(120, 71),
(121, 59),
(121, 71),
(122, 59),
(122, 71),
(123, 59),
(123, 71),
(124, 59),
(124, 71),
(126, 59),
(126, 71),
(127, 59),
(127, 71),
(128, 59),
(128, 71),
(129, 65),
(129, 71),
(130, 65),
(130, 71),
(131, 65),
(131, 71),
(132, 65),
(132, 71),
(133, 65),
(133, 71),
(134, 63),
(134, 65),
(134, 66),
(134, 71),
(136, 65),
(136, 71),
(137, 63),
(137, 65),
(137, 66),
(137, 71),
(138, 65),
(138, 71),
(139, 62),
(139, 65),
(139, 71),
(140, 60),
(140, 71),
(141, 60),
(141, 71),
(142, 60),
(142, 71),
(143, 60),
(143, 71),
(144, 60),
(144, 71),
(145, 60),
(145, 71),
(146, 60),
(146, 71),
(147, 60),
(149, 60),
(149, 71),
(150, 60),
(150, 61),
(150, 71),
(151, 60),
(151, 71),
(152, 60),
(152, 71),
(153, 63),
(153, 66),
(153, 71),
(154, 66),
(154, 71),
(155, 66),
(155, 71),
(156, 66),
(156, 71),
(157, 66),
(157, 71),
(158, 66),
(158, 71),
(159, 66),
(159, 71),
(160, 66),
(160, 71),
(161, 66),
(161, 71),
(162, 66),
(162, 71),
(164, 66),
(164, 71),
(167, 66),
(167, 71),
(168, 66),
(168, 71),
(169, 66),
(169, 71),
(170, 66),
(170, 71),
(171, 66),
(171, 71),
(172, 66),
(172, 71),
(173, 66),
(173, 71),
(174, 66),
(174, 71),
(175, 66),
(175, 71),
(176, 66),
(176, 71),
(177, 66),
(177, 71),
(178, 66),
(178, 71),
(179, 66),
(179, 71),
(180, 66),
(180, 71),
(181, 61),
(181, 63),
(181, 66),
(181, 71),
(184, 63),
(184, 71),
(185, 63),
(185, 71),
(186, 63),
(186, 71),
(187, 63),
(187, 71),
(188, 63),
(188, 71),
(189, 66),
(189, 71),
(190, 66),
(190, 71),
(191, 66),
(191, 71),
(192, 66),
(192, 71),
(194, 66),
(194, 71),
(195, 64),
(195, 71),
(196, 64),
(196, 71),
(197, 64),
(197, 71),
(198, 64),
(198, 71),
(199, 64),
(199, 71),
(200, 64),
(200, 71),
(201, 64),
(201, 71),
(202, 64),
(202, 71),
(203, 61),
(203, 71),
(204, 61),
(204, 71),
(205, 59),
(205, 61),
(206, 61),
(206, 71),
(207, 61),
(207, 71),
(208, 61),
(208, 71),
(209, 61),
(209, 71),
(210, 61),
(210, 71),
(212, 61),
(212, 71),
(213, 61),
(213, 71),
(214, 67),
(214, 71),
(215, 67),
(215, 71),
(216, 67),
(216, 71),
(217, 67),
(217, 71),
(218, 67),
(218, 71),
(219, 67),
(219, 71),
(221, 67),
(221, 71),
(222, 67),
(222, 71),
(223, 67),
(223, 71),
(224, 67),
(224, 71),
(225, 67),
(225, 71),
(226, 67),
(226, 71),
(227, 68),
(227, 71),
(228, 68),
(228, 71),
(229, 68),
(229, 71),
(230, 68),
(230, 71),
(232, 68),
(232, 71),
(233, 68),
(233, 71),
(234, 68),
(234, 71),
(235, 68),
(235, 71),
(236, 68),
(236, 71),
(237, 68),
(237, 71),
(238, 68),
(238, 71),
(239, 68),
(239, 71),
(240, 68),
(240, 71),
(241, 68),
(241, 71),
(242, 68),
(242, 71),
(243, 68),
(243, 71),
(244, 68),
(244, 71),
(245, 68),
(245, 71),
(246, 68),
(246, 71),
(247, 68),
(247, 71),
(248, 68),
(248, 71),
(249, 68),
(249, 71),
(250, 68),
(250, 71),
(251, 68),
(251, 71),
(252, 68),
(253, 68),
(253, 71),
(254, 68),
(254, 71),
(255, 68),
(256, 68),
(256, 71),
(257, 68),
(257, 71),
(258, 68),
(258, 71),
(259, 68),
(259, 71),
(260, 68),
(260, 71),
(261, 68),
(261, 71),
(262, 68),
(262, 71),
(263, 68),
(263, 71),
(264, 66),
(264, 71),
(265, 59),
(265, 60),
(265, 65),
(265, 71),
(266, 60),
(266, 61),
(266, 71),
(267, 60),
(267, 61),
(267, 71),
(268, 61),
(268, 71),
(269, 61),
(269, 71),
(275, 65),
(275, 66),
(275, 71),
(276, 65),
(276, 71),
(277, 65),
(277, 71),
(279, 62),
(279, 71);

-- --------------------------------------------------------

--
-- Структура таблицы `ts_product_to_download`
--

CREATE TABLE IF NOT EXISTS `ts_product_to_download` (
  `product_id` int(11) NOT NULL,
  `download_id` int(11) NOT NULL,
  PRIMARY KEY (`product_id`,`download_id`)
) ENGINE=MyISAM DEFAULT CHARSET=utf8;

-- --------------------------------------------------------

--
-- Структура таблицы `ts_product_to_layout`
--

CREATE TABLE IF NOT EXISTS `ts_product_to_layout` (
  `product_id` int(11) NOT NULL,
  `store_id` int(11) NOT NULL,
  `layout_id` int(11) NOT NULL,
  PRIMARY KEY (`product_id`,`store_id`)
) ENGINE=MyISAM DEFAULT CHARSET=utf8;

--
-- Дамп данных таблицы `ts_product_to_layout`
--

INSERT INTO `ts_product_to_layout` (`product_id`, `store_id`, `layout_id`) VALUES
(115, 0, 0),
(112, 0, 0),
(129, 0, 0),
(113, 0, 0),
(117, 0, 0),
(116, 0, 0),
(118, 0, 0),
(264, 0, 0),
(111, 0, 0),
(119, 0, 0),
(77, 0, 0),
(109, 0, 0),
(120, 0, 0),
(121, 0, 0),
(122, 0, 0),
(123, 0, 0),
(124, 0, 0),
(125, 0, 0),
(126, 0, 0),
(127, 0, 0),
(128, 0, 0),
(130, 0, 0),
(131, 0, 0),
(132, 0, 0),
(133, 0, 0),
(134, 0, 0),
(192, 0, 0),
(136, 0, 0),
(137, 0, 0),
(138, 0, 0),
(139, 0, 0),
(140, 0, 0),
(141, 0, 0),
(142, 0, 0),
(143, 0, 0),
(144, 0, 0),
(145, 0, 0),
(146, 0, 0),
(147, 0, 0),
(279, 0, 0),
(149, 0, 0),
(150, 0, 0),
(151, 0, 0),
(152, 0, 0),
(153, 0, 0),
(154, 0, 0),
(155, 0, 0),
(156, 0, 0),
(157, 0, 0),
(158, 0, 0),
(159, 0, 0),
(160, 0, 0),
(161, 0, 0),
(162, 0, 0),
(193, 0, 0),
(164, 0, 0),
(191, 0, 0),
(189, 0, 0),
(167, 0, 0),
(168, 0, 0),
(169, 0, 0),
(170, 0, 0),
(171, 0, 0),
(172, 0, 0),
(173, 0, 0),
(174, 0, 0),
(175, 0, 0),
(176, 0, 0),
(177, 0, 0),
(178, 0, 0),
(179, 0, 0),
(180, 0, 0),
(181, 0, 0),
(194, 0, 0),
(190, 0, 0),
(184, 0, 0),
(185, 0, 0),
(186, 0, 0),
(187, 0, 0),
(188, 0, 0),
(195, 0, 0),
(196, 0, 0),
(197, 0, 0),
(198, 0, 0),
(199, 0, 0),
(200, 0, 0),
(201, 0, 0),
(202, 0, 0),
(203, 0, 0),
(204, 0, 0),
(205, 0, 0),
(206, 0, 0),
(207, 0, 0),
(208, 0, 0),
(209, 0, 0),
(210, 0, 0),
(211, 0, 0),
(212, 0, 0),
(213, 0, 0),
(214, 0, 0),
(215, 0, 0),
(216, 0, 0),
(217, 0, 0),
(218, 0, 0),
(219, 0, 0),
(220, 0, 0),
(221, 0, 0),
(222, 0, 0),
(223, 0, 0),
(224, 0, 0),
(225, 0, 0),
(226, 0, 0),
(227, 0, 0),
(228, 0, 0),
(229, 0, 0),
(230, 0, 0),
(231, 0, 0),
(232, 0, 0),
(233, 0, 0),
(234, 0, 0),
(235, 0, 0),
(236, 0, 0),
(237, 0, 0),
(238, 0, 0),
(239, 0, 0),
(240, 0, 0),
(241, 0, 0),
(242, 0, 0),
(243, 0, 0),
(244, 0, 0),
(245, 0, 0),
(246, 0, 0),
(247, 0, 0),
(248, 0, 0),
(249, 0, 0),
(250, 0, 0),
(251, 0, 0),
(252, 0, 0),
(253, 0, 0),
(254, 0, 0),
(255, 0, 0),
(256, 0, 0),
(257, 0, 0),
(258, 0, 0),
(259, 0, 0),
(260, 0, 0),
(261, 0, 0),
(262, 0, 0),
(263, 0, 0),
(265, 0, 0),
(266, 0, 0),
(267, 0, 0),
(268, 0, 0),
(269, 0, 0),
(277, 0, 0),
(276, 0, 0),
(275, 0, 0);

-- --------------------------------------------------------

--
-- Структура таблицы `ts_product_to_store`
--

CREATE TABLE IF NOT EXISTS `ts_product_to_store` (
  `product_id` int(11) NOT NULL,
  `store_id` int(11) NOT NULL DEFAULT '0',
  PRIMARY KEY (`product_id`,`store_id`)
) ENGINE=MyISAM DEFAULT CHARSET=utf8;

--
-- Дамп данных таблицы `ts_product_to_store`
--

INSERT INTO `ts_product_to_store` (`product_id`, `store_id`) VALUES
(77, 0),
(109, 0),
(111, 0),
(112, 0),
(113, 0),
(115, 0),
(116, 0),
(117, 0),
(118, 0),
(119, 0),
(120, 0),
(121, 0),
(122, 0),
(123, 0),
(124, 0),
(125, 0),
(126, 0),
(127, 0),
(128, 0),
(129, 0),
(130, 0),
(131, 0),
(132, 0),
(133, 0),
(134, 0),
(136, 0),
(137, 0),
(138, 0),
(139, 0),
(140, 0),
(141, 0),
(142, 0),
(143, 0),
(144, 0),
(145, 0),
(146, 0),
(147, 0),
(149, 0),
(150, 0),
(151, 0),
(152, 0),
(153, 0),
(154, 0),
(155, 0),
(156, 0),
(157, 0),
(158, 0),
(159, 0),
(160, 0),
(161, 0),
(162, 0),
(164, 0),
(167, 0),
(168, 0),
(169, 0),
(170, 0),
(171, 0),
(172, 0),
(173, 0),
(174, 0),
(175, 0),
(176, 0),
(177, 0),
(178, 0),
(179, 0),
(180, 0),
(181, 0),
(184, 0),
(185, 0),
(186, 0),
(187, 0),
(188, 0),
(189, 0),
(190, 0),
(191, 0),
(192, 0),
(193, 0),
(194, 0),
(195, 0),
(196, 0),
(197, 0),
(198, 0),
(199, 0),
(200, 0),
(201, 0),
(202, 0),
(203, 0),
(204, 0),
(205, 0),
(206, 0),
(207, 0),
(208, 0),
(209, 0),
(210, 0),
(211, 0),
(212, 0),
(213, 0),
(214, 0),
(215, 0),
(216, 0),
(217, 0),
(218, 0),
(219, 0),
(220, 0),
(221, 0),
(222, 0),
(223, 0),
(224, 0),
(225, 0),
(226, 0),
(227, 0),
(228, 0),
(229, 0),
(230, 0),
(231, 0),
(232, 0),
(233, 0),
(234, 0),
(235, 0),
(236, 0),
(237, 0),
(238, 0),
(239, 0),
(240, 0),
(241, 0),
(242, 0),
(243, 0),
(244, 0),
(245, 0),
(246, 0),
(247, 0),
(248, 0),
(249, 0),
(250, 0),
(251, 0),
(252, 0),
(253, 0),
(254, 0),
(255, 0),
(256, 0),
(257, 0),
(258, 0),
(259, 0),
(260, 0),
(261, 0),
(262, 0),
(263, 0),
(264, 0),
(265, 0),
(266, 0),
(267, 0),
(268, 0),
(269, 0),
(275, 0),
(276, 0),
(277, 0),
(279, 0);

-- --------------------------------------------------------

--
-- Структура таблицы `ts_recurring`
--

CREATE TABLE IF NOT EXISTS `ts_recurring` (
  `recurring_id` int(11) NOT NULL AUTO_INCREMENT,
  `price` decimal(10,4) NOT NULL,
  `frequency` enum('day','week','semi_month','month','year') NOT NULL,
  `duration` int(10) UNSIGNED NOT NULL,
  `cycle` int(10) UNSIGNED NOT NULL,
  `trial_status` tinyint(4) NOT NULL,
  `trial_price` decimal(10,4) NOT NULL,
  `trial_frequency` enum('day','week','semi_month','month','year') NOT NULL,
  `trial_duration` int(10) UNSIGNED NOT NULL,
  `trial_cycle` int(10) UNSIGNED NOT NULL,
  `status` tinyint(4) NOT NULL,
  `sort_order` int(11) NOT NULL,
  PRIMARY KEY (`recurring_id`)
) ENGINE=MyISAM DEFAULT CHARSET=utf8;

-- --------------------------------------------------------

--
-- Структура таблицы `ts_recurring_description`
--

CREATE TABLE IF NOT EXISTS `ts_recurring_description` (
  `recurring_id` int(11) NOT NULL,
  `language_id` int(11) NOT NULL,
  `name` varchar(255) NOT NULL,
  PRIMARY KEY (`recurring_id`,`language_id`)
) ENGINE=MyISAM DEFAULT CHARSET=utf8;

-- --------------------------------------------------------

--
-- Структура таблицы `ts_return`
--

CREATE TABLE IF NOT EXISTS `ts_return` (
  `return_id` int(11) NOT NULL AUTO_INCREMENT,
  `order_id` int(11) NOT NULL,
  `product_id` int(11) NOT NULL,
  `customer_id` int(11) NOT NULL,
  `firstname` varchar(32) NOT NULL,
  `lastname` varchar(32) NOT NULL,
  `email` varchar(96) NOT NULL,
  `telephone` varchar(32) NOT NULL,
  `product` varchar(255) NOT NULL,
  `model` varchar(64) NOT NULL,
  `quantity` int(4) NOT NULL,
  `opened` tinyint(1) NOT NULL,
  `return_reason_id` int(11) NOT NULL,
  `return_action_id` int(11) NOT NULL,
  `return_status_id` int(11) NOT NULL,
  `comment` text,
  `date_ordered` date NOT NULL DEFAULT '0000-00-00',
  `date_added` datetime NOT NULL,
  `date_modified` datetime NOT NULL,
  PRIMARY KEY (`return_id`)
) ENGINE=MyISAM DEFAULT CHARSET=utf8;

-- --------------------------------------------------------

--
-- Структура таблицы `ts_return_action`
--

CREATE TABLE IF NOT EXISTS `ts_return_action` (
  `return_action_id` int(11) NOT NULL AUTO_INCREMENT,
  `language_id` int(11) NOT NULL DEFAULT '0',
  `name` varchar(64) NOT NULL,
  PRIMARY KEY (`return_action_id`,`language_id`)
) ENGINE=MyISAM AUTO_INCREMENT=4 DEFAULT CHARSET=utf8;

--
-- Дамп данных таблицы `ts_return_action`
--

INSERT INTO `ts_return_action` (`return_action_id`, `language_id`, `name`) VALUES
(1, 2, 'Refunded'),
(2, 2, 'Credit Issued'),
(3, 2, 'Replacement Sent');

-- --------------------------------------------------------

--
-- Структура таблицы `ts_return_history`
--

CREATE TABLE IF NOT EXISTS `ts_return_history` (
  `return_history_id` int(11) NOT NULL AUTO_INCREMENT,
  `return_id` int(11) NOT NULL,
  `return_status_id` int(11) NOT NULL,
  `notify` tinyint(1) NOT NULL,
  `comment` text NOT NULL,
  `date_added` datetime NOT NULL,
  PRIMARY KEY (`return_history_id`)
) ENGINE=MyISAM DEFAULT CHARSET=utf8;

-- --------------------------------------------------------

--
-- Структура таблицы `ts_return_reason`
--

CREATE TABLE IF NOT EXISTS `ts_return_reason` (
  `return_reason_id` int(11) NOT NULL AUTO_INCREMENT,
  `language_id` int(11) NOT NULL DEFAULT '0',
  `name` varchar(128) NOT NULL,
  PRIMARY KEY (`return_reason_id`,`language_id`)
) ENGINE=MyISAM AUTO_INCREMENT=6 DEFAULT CHARSET=utf8;

--
-- Дамп данных таблицы `ts_return_reason`
--

INSERT INTO `ts_return_reason` (`return_reason_id`, `language_id`, `name`) VALUES
(1, 2, 'Dead On Arrival'),
(2, 2, 'Received Wrong Item'),
(3, 2, 'Order Error'),
(4, 2, 'Faulty, please supply details'),
(5, 2, 'Other, please supply details');

-- --------------------------------------------------------

--
-- Структура таблицы `ts_return_status`
--

CREATE TABLE IF NOT EXISTS `ts_return_status` (
  `return_status_id` int(11) NOT NULL AUTO_INCREMENT,
  `language_id` int(11) NOT NULL DEFAULT '0',
  `name` varchar(32) NOT NULL,
  PRIMARY KEY (`return_status_id`,`language_id`)
) ENGINE=MyISAM AUTO_INCREMENT=4 DEFAULT CHARSET=utf8;

--
-- Дамп данных таблицы `ts_return_status`
--

INSERT INTO `ts_return_status` (`return_status_id`, `language_id`, `name`) VALUES
(1, 2, 'Pending'),
(3, 2, 'Complete'),
(2, 2, 'Awaiting Products');

-- --------------------------------------------------------

--
-- Структура таблицы `ts_review`
--

CREATE TABLE IF NOT EXISTS `ts_review` (
  `review_id` int(11) NOT NULL AUTO_INCREMENT,
  `product_id` int(11) NOT NULL,
  `customer_id` int(11) NOT NULL,
  `author` varchar(64) NOT NULL,
  `text` text NOT NULL,
  `rating` int(1) NOT NULL,
  `status` tinyint(1) NOT NULL DEFAULT '0',
  `date_added` datetime NOT NULL,
  `date_modified` datetime NOT NULL,
  PRIMARY KEY (`review_id`),
  KEY `product_id` (`product_id`)
) ENGINE=MyISAM AUTO_INCREMENT=4 DEFAULT CHARSET=utf8;

-- --------------------------------------------------------

--
-- Структура таблицы `ts_setting`
--

CREATE TABLE IF NOT EXISTS `ts_setting` (
  `setting_id` int(11) NOT NULL AUTO_INCREMENT,
  `store_id` int(11) NOT NULL DEFAULT '0',
  `code` varchar(32) NOT NULL,
  `key` varchar(64) NOT NULL,
  `value` text NOT NULL,
  `serialized` tinyint(1) NOT NULL,
  PRIMARY KEY (`setting_id`)
) ENGINE=MyISAM AUTO_INCREMENT=15806 DEFAULT CHARSET=utf8;

--
-- Дамп данных таблицы `ts_setting`
--

INSERT INTO `ts_setting` (`setting_id`, `store_id`, `code`, `key`, `value`, `serialized`) VALUES
(1, 0, 'shipping', 'shipping_sort_order', '3', 0),
(2, 0, 'sub_total', 'sub_total_sort_order', '1', 0),
(3, 0, 'sub_total', 'sub_total_status', '1', 0),
(4, 0, 'tax', 'tax_status', '1', 0),
(5, 0, 'total', 'total_sort_order', '9', 0),
(6, 0, 'total', 'total_status', '1', 0),
(7, 0, 'tax', 'tax_sort_order', '5', 0),
(12541, 0, 'free_checkout', 'free_checkout_sort_order', '1', 0),
(15402, 0, 'cod', 'cod_sort_order', '5', 0),
(15401, 0, 'cod', 'cod_status', '1', 0),
(14, 0, 'shipping', 'shipping_status', '1', 0),
(15, 0, 'shipping', 'shipping_estimator', '1', 0),
(27, 0, 'coupon', 'coupon_sort_order', '4', 0),
(28, 0, 'coupon', 'coupon_status', '1', 0),
(15550, 0, 'flat', 'flat_sort_order', '2', 0),
(15549, 0, 'flat', 'flat_status', '1', 0),
(15548, 0, 'flat', 'flat_geo_zone_id', '0', 0),
(15547, 0, 'flat', 'flat_tax_class_id', '0', 0),
(15546, 0, 'flat', 'flat_cost', '0', 0),
(42, 0, 'credit', 'credit_sort_order', '7', 0),
(43, 0, 'credit', 'credit_status', '1', 0),
(53, 0, 'reward', 'reward_sort_order', '2', 0),
(54, 0, 'reward', 'reward_status', '1', 0),
(146, 0, 'category', 'category_status', '1', 0),
(2455, 0, 'account', 'account_status', '1', 0),
(159, 0, 'affiliate', 'affiliate_status', '1', 0),
(2699, 0, 'items_menu', 'items_menu_status', '1', 0),
(2698, 0, 'category_slider', 'category_slider_status', '1', 0),
(15805, 0, 'pickup', 'pickup_sort_order', '1', 0),
(2333, 0, 'filter', 'filter_status', '1', 0),
(2456, 0, 'manufacturer_desc', 'manufacturer_desc_status', '1', 0),
(15804, 0, 'pickup', 'pickup_status', '1', 0),
(11025, 0, 'news', 'news_status', '1', 0),
(15800, 0, 'config', 'config_google_captcha_public', '6LdRJyITAAAAAMIjCaz9hn3iKOVTq-7TJlXLqrur', 0),
(94, 0, 'voucher', 'voucher_sort_order', '8', 0),
(95, 0, 'voucher', 'voucher_status', '1', 0),
(15802, 0, 'config', 'config_google_captcha_status', '1', 0),
(2697, 0, 'category_home', 'category_home_status', '1', 0),
(12540, 0, 'free_checkout', 'free_checkout_status', '0', 0),
(12539, 0, 'free_checkout', 'free_checkout_order_status_id', '1', 0),
(15801, 0, 'config', 'config_google_captcha_secret', '6LdRJyITAAAAAOK742o76nUXmv3Rz8o5jDGCiiBj', 0),
(15796, 0, 'config', 'config_error_log', '1', 0),
(15797, 0, 'config', 'config_error_filename', 'error.log', 0),
(15798, 0, 'config', 'config_google_analytics', '&lt;!-- Google Tag Manager --&gt;\r\n&lt;noscript&gt;&lt;iframe src=&quot;//www.googletagmanager.com/ns.html?id=GTM-M9XPRS&quot;\r\nheight=&quot;0&quot; width=&quot;0&quot; style=&quot;display:none;visibility:hidden&quot;&gt;&lt;/iframe&gt;&lt;/noscript&gt;\r\n&lt;script&gt;(function(w,d,s,l,i){w[l]=w[l]||[];w[l].push({\'gtm.start\':\r\nnew Date().getTime(),event:\'gtm.js\'});var f=d.getElementsByTagName(s)[0],\r\nj=d.createElement(s),dl=l!=\'dataLayer\'?\'&amp;l=\'+l:\'\';j.async=true;j.src=\r\n\'//www.googletagmanager.com/gtm.js?id=\'+i+dl;f.parentNode.insertBefore(j,f);\r\n})(window,document,\'script\',\'dataLayer\',\'GTM-M9XPRS\');&lt;/script&gt;\r\n&lt;!-- End Google Tag Manager --&gt;', 0),
(15799, 0, 'config', 'config_google_analytics_status', '1', 0),
(15795, 0, 'config', 'config_error_display', '0', 0),
(15794, 0, 'config', 'config_compression', '0', 0),
(15792, 0, 'config', 'config_password', '1', 0),
(15793, 0, 'config', 'config_encryption', '7393dfcc7a5c2419092270f4d2437309', 0),
(15783, 0, 'config', 'config_fraud_status_id', '7', 0),
(15784, 0, 'config', 'config_secure', '0', 0),
(15785, 0, 'config', 'config_shared', '0', 0),
(15786, 0, 'config', 'config_robots', 'abot\r\ndbot\r\nebot\r\nhbot\r\nkbot\r\nlbot\r\nmbot\r\nnbot\r\nobot\r\npbot\r\nrbot\r\nsbot\r\ntbot\r\nvbot\r\nybot\r\nzbot\r\nbot.\r\nbot/\r\n_bot\r\n.bot\r\n/bot\r\n-bot\r\n:bot\r\n(bot\r\ncrawl\r\nslurp\r\nspider\r\nseek\r\naccoona\r\nacoon\r\nadressendeutschland\r\nah-ha.com\r\nahoy\r\naltavista\r\nananzi\r\nanthill\r\nappie\r\narachnophilia\r\narale\r\naraneo\r\naranha\r\narchitext\r\naretha\r\narks\r\nasterias\r\natlocal\r\natn\r\natomz\r\naugurfind\r\nbackrub\r\nbannana_bot\r\nbaypup\r\nbdfetch\r\nbig brother\r\nbiglotron\r\nbjaaland\r\nblackwidow\r\nblaiz\r\nblog\r\nblo.\r\nbloodhound\r\nboitho\r\nbooch\r\nbradley\r\nbutterfly\r\ncalif\r\ncassandra\r\nccubee\r\ncfetch\r\ncharlotte\r\nchurl\r\ncienciaficcion\r\ncmc\r\ncollective\r\ncomagent\r\ncombine\r\ncomputingsite\r\ncsci\r\ncurl\r\ncusco\r\ndaumoa\r\ndeepindex\r\ndelorie\r\ndepspid\r\ndeweb\r\ndie blinde kuh\r\ndigger\r\nditto\r\ndmoz\r\ndocomo\r\ndownload express\r\ndtaagent\r\ndwcp\r\nebiness\r\nebingbong\r\ne-collector\r\nejupiter\r\nemacs-w3 search engine\r\nesther\r\nevliya celebi\r\nezresult\r\nfalcon\r\nfelix ide\r\nferret\r\nfetchrover\r\nfido\r\nfindlinks\r\nfireball\r\nfish search\r\nfouineur\r\nfunnelweb\r\ngazz\r\ngcreep\r\ngenieknows\r\ngetterroboplus\r\ngeturl\r\nglx\r\ngoforit\r\ngolem\r\ngrabber\r\ngrapnel\r\ngralon\r\ngriffon\r\ngromit\r\ngrub\r\ngulliver\r\nhamahakki\r\nharvest\r\nhavindex\r\nhelix\r\nheritrix\r\nhku www octopus\r\nhomerweb\r\nhtdig\r\nhtml index\r\nhtml_analyzer\r\nhtmlgobble\r\nhubater\r\nhyper-decontextualizer\r\nia_archiver\r\nibm_planetwide\r\nichiro\r\niconsurf\r\niltrovatore\r\nimage.kapsi.net\r\nimagelock\r\nincywincy\r\nindexer\r\ninfobee\r\ninformant\r\ningrid\r\ninktomisearch.com\r\ninspector web\r\nintelliagent\r\ninternet shinchakubin\r\nip3000\r\niron33\r\nisraeli-search\r\nivia\r\njack\r\njakarta\r\njavabee\r\njetbot\r\njumpstation\r\nkatipo\r\nkdd-explorer\r\nkilroy\r\nknowledge\r\nkototoi\r\nkretrieve\r\nlabelgrabber\r\nlachesis\r\nlarbin\r\nlegs\r\nlibwww\r\nlinkalarm\r\nlink validator\r\nlinkscan\r\nlockon\r\nlwp\r\nlycos\r\nmagpie\r\nmantraagent\r\nmapoftheinternet\r\nmarvin/\r\nmattie\r\nmediafox\r\nmediapartners\r\nmercator\r\nmerzscope\r\nmicrosoft url control\r\nminirank\r\nmiva\r\nmj12\r\nmnogosearch\r\nmoget\r\nmonster\r\nmoose\r\nmotor\r\nmultitext\r\nmuncher\r\nmuscatferret\r\nmwd.search\r\nmyweb\r\nnajdi\r\nnameprotect\r\nnationaldirectory\r\nnazilla\r\nncsa beta\r\nnec-meshexplorer\r\nnederland.zoek\r\nnetcarta webmap engine\r\nnetmechanic\r\nnetresearchserver\r\nnetscoop\r\nnewscan-online\r\nnhse\r\nnokia6682/\r\nnomad\r\nnoyona\r\nnutch\r\nnzexplorer\r\nobjectssearch\r\noccam\r\nomni\r\nopen text\r\nopenfind\r\nopenintelligencedata\r\norb search\r\nosis-project\r\npack rat\r\npageboy\r\npagebull\r\npage_verifier\r\npanscient\r\nparasite\r\npartnersite\r\npatric\r\npear.\r\npegasus\r\nperegrinator\r\npgp key agent\r\nphantom\r\nphpdig\r\npicosearch\r\npiltdownman\r\npimptrain\r\npinpoint\r\npioneer\r\npiranha\r\nplumtreewebaccessor\r\npogodak\r\npoirot\r\npompos\r\npoppelsdorf\r\npoppi\r\npopular iconoclast\r\npsycheclone\r\npublisher\r\npython\r\nrambler\r\nraven search\r\nroach\r\nroad runner\r\nroadhouse\r\nrobbie\r\nrobofox\r\nrobozilla\r\nrules\r\nsalty\r\nsbider\r\nscooter\r\nscoutjet\r\nscrubby\r\nsearch.\r\nsearchprocess\r\nsemanticdiscovery\r\nsenrigan\r\nsg-scout\r\nshai\'hulud\r\nshark\r\nshopwiki\r\nsidewinder\r\nsift\r\nsilk\r\nsimmany\r\nsite searcher\r\nsite valet\r\nsitetech-rover\r\nskymob.com\r\nsleek\r\nsmartwit\r\nsna-\r\nsnappy\r\nsnooper\r\nsohu\r\nspeedfind\r\nsphere\r\nsphider\r\nspinner\r\nspyder\r\nsteeler/\r\nsuke\r\nsuntek\r\nsupersnooper\r\nsurfnomore\r\nsven\r\nsygol\r\nszukacz\r\ntach black widow\r\ntarantula\r\ntempleton\r\n/teoma\r\nt-h-u-n-d-e-r-s-t-o-n-e\r\ntheophrastus\r\ntitan\r\ntitin\r\ntkwww\r\ntoutatis\r\nt-rex\r\ntutorgig\r\ntwiceler\r\ntwisted\r\nucsd\r\nudmsearch\r\nurl check\r\nupdated\r\nvagabondo\r\nvalkyrie\r\nverticrawl\r\nvictoria\r\nvision-search\r\nvolcano\r\nvoyager/\r\nvoyager-hc\r\nw3c_validator\r\nw3m2\r\nw3mir\r\nwalker\r\nwallpaper\r\nwanderer\r\nwauuu\r\nwavefire\r\nweb core\r\nweb hopper\r\nweb wombat\r\nwebbandit\r\nwebcatcher\r\nwebcopy\r\nwebfoot\r\nweblayers\r\nweblinker\r\nweblog monitor\r\nwebmirror\r\nwebmonkey\r\nwebquest\r\nwebreaper\r\nwebsitepulse\r\nwebsnarf\r\nwebstolperer\r\nwebvac\r\nwebwalk\r\nwebwatch\r\nwebwombat\r\nwebzinger\r\nwhizbang\r\nwhowhere\r\nwild ferret\r\nworldlight\r\nwwwc\r\nwwwster\r\nxenu\r\nxget\r\nxift\r\nxirq\r\nyandex\r\nyanga\r\nyeti\r\nyodao\r\nzao\r\nzippp\r\nzyborg', 0),
(15787, 0, 'config', 'config_seo_url', '1', 0),
(15788, 0, 'config', 'config_file_max_size', '300000', 0),
(15789, 0, 'config', 'config_file_ext_allowed', 'zip\r\ntxt\r\npng\r\njpe\r\njpeg\r\njpg\r\ngif\r\nbmp\r\nico\r\ntiff\r\ntif\r\nsvg\r\nsvgz\r\nzip\r\nrar\r\nmsi\r\ncab\r\nmp3\r\nqt\r\nmov\r\npdf\r\npsd\r\nai\r\neps\r\nps\r\ndoc', 0),
(15790, 0, 'config', 'config_file_mime_allowed', 'text/plain\r\nimage/png\r\nimage/jpeg\r\nimage/gif\r\nimage/bmp\r\nimage/tiff\r\nimage/svg+xml\r\napplication/zip\r\n&quot;application/zip&quot;\r\napplication/x-zip\r\n&quot;application/x-zip&quot;\r\napplication/x-zip-compressed\r\n&quot;application/x-zip-compressed&quot;\r\napplication/rar\r\n&quot;application/rar&quot;\r\napplication/x-rar\r\n&quot;application/x-rar&quot;\r\napplication/x-rar-compressed\r\n&quot;application/x-rar-compressed&quot;\r\napplication/octet-stream\r\n&quot;application/octet-stream&quot;\r\naudio/mpeg\r\nvideo/quicktime\r\napplication/pdf', 0),
(15791, 0, 'config', 'config_maintenance', '', 0),
(15782, 0, 'config', 'config_fraud_score', '', 0),
(15781, 0, 'config', 'config_fraud_key', '', 0),
(15780, 0, 'config', 'config_fraud_detection', '0', 0),
(15779, 0, 'config', 'config_mail_alert', '', 0),
(15778, 0, 'config', 'config_mail_smtp_timeout', '5', 0),
(15777, 0, 'config', 'config_mail_smtp_port', '587', 0),
(15774, 0, 'config', 'config_mail_smtp_hostname', 'tls://smtp.yandex.ru', 0),
(15776, 0, 'config', 'config_mail_smtp_password', '', 0),
(15775, 0, 'config', 'config_mail_smtp_username', 'info@artdevue.com', 0),
(15773, 0, 'config', 'config_mail_parameter', '', 0),
(15769, 0, 'config', 'config_ftp_password', 'hg6567d88G', 0),
(15770, 0, 'config', 'config_ftp_root', '/var/www/demo2/public', 0),
(15771, 0, 'config', 'config_ftp_status', '1', 0),
(15772, 0, 'config', 'config_mail_protocol', 'mail', 0),
(15768, 0, 'config', 'config_ftp_username', 'demo2', 0),
(15767, 0, 'config', 'config_ftp_port', '22', 0),
(15766, 0, 'config', 'config_ftp_hostname', '188.226.199.88', 0),
(15765, 0, 'config', 'config_image_location_height', '50', 0),
(15764, 0, 'config', 'config_image_location_width', '268', 0),
(15763, 0, 'config', 'config_image_cart_height', '47', 0),
(15762, 0, 'config', 'config_image_cart_width', '47', 0),
(15761, 0, 'config', 'config_image_wishlist_height', '47', 0),
(15760, 0, 'config', 'config_image_wishlist_width', '47', 0),
(15759, 0, 'config', 'config_image_compare_height', '90', 0),
(15758, 0, 'config', 'config_image_compare_width', '90', 0),
(15757, 0, 'config', 'config_image_related_height', '80', 0),
(15756, 0, 'config', 'config_image_related_width', '80', 0),
(15755, 0, 'config', 'config_image_additional_height', '80', 0),
(15754, 0, 'config', 'config_image_additional_width', '115', 0),
(15753, 0, 'config', 'config_image_product_height', '220', 0),
(9908, 0, 'information', 'information_status', '1', 0),
(15752, 0, 'config', 'config_image_product_width', '220', 0),
(15751, 0, 'config', 'config_image_popup_height', '600', 0),
(15750, 0, 'config', 'config_image_popup_width', '600', 0),
(15749, 0, 'config', 'config_image_thumb_height', '420', 0),
(15748, 0, 'config', 'config_image_thumb_width', '523', 0),
(15747, 0, 'config', 'config_image_category_height', '80', 0),
(15746, 0, 'config', 'config_image_category_width', '80', 0),
(15745, 0, 'config', 'config_icon', 'catalog/logo.png', 0),
(15744, 0, 'config', 'config_logo', 'catalog/logo-pc.png', 0),
(15743, 0, 'config', 'config_return_status_id', '2', 0),
(15742, 0, 'config', 'config_return_id', '0', 0),
(15741, 0, 'config', 'config_affiliate_mail', '0', 0),
(15740, 0, 'config', 'config_affiliate_id', '4', 0),
(15739, 0, 'config', 'config_affiliate_commission', '5', 0),
(15738, 0, 'config', 'config_affiliate_auto', '0', 0),
(15737, 0, 'config', 'config_affiliate_approval', '0', 0),
(15736, 0, 'config', 'config_stock_checkout', '0', 0),
(15735, 0, 'config', 'config_stock_warning', '0', 0),
(15734, 0, 'config', 'config_stock_display', '0', 0),
(15733, 0, 'config', 'config_order_mail', '1', 0),
(15732, 0, 'config', 'config_complete_status', 'a:1:{i:0;s:1:"5";}', 1),
(15731, 0, 'config', 'config_processing_status', 'a:1:{i:0;s:1:"2";}', 1),
(15730, 0, 'config', 'config_order_status_id', '1', 0),
(15729, 0, 'config', 'config_checkout_id', '5', 0),
(15727, 0, 'config', 'config_cart_weight', '1', 0),
(15728, 0, 'config', 'config_checkout_guest', '1', 0),
(15726, 0, 'config', 'config_api_id', '0', 0),
(15725, 0, 'config', 'config_invoice_prefix', 'INV-2013-00', 0),
(15724, 0, 'config', 'config_account_mail', '1', 0),
(15723, 0, 'config', 'config_account_id', '0', 0),
(15722, 0, 'config', 'config_login_attempts', '5', 0),
(15720, 0, 'config', 'config_customer_group_display', 'a:2:{i:0;s:1:"1";i:1;s:1:"2";}', 1),
(12390, 0, 'faq', 'faq_status', '1', 0),
(15399, 0, 'cod', 'cod_order_status_id', '1', 0),
(15378, 0, 'cheque', 'cheque_status', '1', 0),
(15377, 0, 'cheque', 'cheque_geo_zone_id', '0', 0),
(15376, 0, 'cheque', 'cheque_order_status_id', '1', 0),
(15375, 0, 'cheque', 'cheque_total', '0.01', 0),
(15400, 0, 'cod', 'cod_geo_zone_id', '0', 0),
(12559, 0, 'action', 'action_status', '1', 0),
(15721, 0, 'config', 'config_customer_price', '0', 0),
(15719, 0, 'config', 'config_customer_group_id', '1', 0),
(15718, 0, 'config', 'config_customer_online', '1', 0),
(15717, 0, 'config', 'config_tax_customer', 'shipping', 0),
(15716, 0, 'config', 'config_tax_default', 'shipping', 0),
(15715, 0, 'config', 'config_tax', '0', 0),
(15714, 0, 'config', 'config_voucher_max', '1000', 0),
(15713, 0, 'config', 'config_voucher_min', '1', 0),
(15712, 0, 'config', 'config_review_mail', '1', 0),
(15711, 0, 'config', 'config_review_guest', '1', 0),
(15710, 0, 'config', 'config_review_status', '1', 0),
(15709, 0, 'config', 'config_limit_admin', '20', 0),
(15708, 0, 'config', 'config_product_description_length', '10000', 0),
(15707, 0, 'config', 'config_product_limit', '9', 0),
(15706, 0, 'config', 'config_product_count', '0', 0),
(15705, 0, 'config', 'config_weight_class_id', '7', 0),
(15703, 0, 'config', 'config_currency_auto', '0', 0),
(15704, 0, 'config', 'config_length_class_id', '1', 0),
(15702, 0, 'config', 'config_currency', 'RUB', 0),
(15701, 0, 'config', 'config_admin_language', 'ru', 0),
(15700, 0, 'config', 'config_language', 'ru', 0),
(15699, 0, 'config', 'config_zone_id', '2761', 0),
(15698, 0, 'config', 'config_country_id', '176', 0),
(15697, 0, 'config', 'config_layout_id', '4', 0),
(15693, 0, 'config', 'config_meta_title', 'Докторам и пациентам', 0),
(15696, 0, 'config', 'config_template', 'thai-style', 0),
(15695, 0, 'config', 'config_meta_keyword', '', 0),
(15694, 0, 'config', 'config_meta_description', 'Медицинские расходные материалы', 0),
(15692, 0, 'config', 'config_comment', '', 0),
(15689, 0, 'config', 'config_fax', 'contact-dp', 0),
(15690, 0, 'config', 'config_image', 'catalog/logo-pc.png', 0),
(15691, 0, 'config', 'config_open', 'Понедельник - Пятница с 09:00 до 18:00\r\nСуббота - Воскресенье - выходные дни.', 0),
(15688, 0, 'config', 'config_instagram', 'https://instagram.com/doctorsplus', 0),
(15687, 0, 'config', 'config_vkontakte', 'https://vk.com/doctorsplus', 0),
(15685, 0, 'config', 'config_facebook', 'https://www.facebook.com/doctorsplus.ru/', 0),
(12684, 0, 'manufacturer_home', 'manufacturer_home_status', '1', 0),
(15686, 0, 'config', 'config_twitter', 'https://twitter.com/doctorsplusru', 0),
(15684, 0, 'config', 'config_telephone', '+7 (863) 200-91-30', 0),
(15683, 0, 'config', 'config_email', 'info@doctorsplus.ru', 0),
(15682, 0, 'config', 'config_geocode', '55.71669, 37.616372', 0),
(15681, 0, 'config', 'config_address', '344011, г. Ростов-на-Дону, ул. Текучева, 125/200\r\nТел.: +7 (863) 200-91-30', 0),
(15679, 0, 'config', 'config_name', 'Докторам и пациентам', 0),
(15680, 0, 'config', 'config_owner', 'Докторам и пациентам', 0),
(15803, 0, 'pickup', 'pickup_geo_zone_id', '0', 0),
(15374, 0, 'cheque', 'cheque_payable', 'Докторам и пациентам', 0),
(15554, 0, 'free', 'free_sort_order', '0', 0),
(15553, 0, 'free', 'free_status', '1', 0),
(15552, 0, 'free', 'free_geo_zone_id', '0', 0),
(15551, 0, 'free', 'free_total', '', 0),
(15335, 0, 'citylink', 'citylink_tax_class_id', '0', 0),
(15336, 0, 'citylink', 'citylink_geo_zone_id', '4', 0),
(15334, 0, 'citylink', 'citylink_rate', '10:11.6,15:14.1,20:16.60,25:19.1,30:21.6,35:24.1,40:26.6,45:29.1,50:31.6,55:34.1,60:36.6,65:39.1,70:41.6,75:44.1,80:46.6,100:56.6,125:69.1,150:81.6,200:106.6', 0),
(15337, 0, 'citylink', 'citylink_status', '0', 0),
(15338, 0, 'citylink', 'citylink_sort_order', '', 0),
(15379, 0, 'cheque', 'cheque_sort_order', '1', 0),
(15398, 0, 'cod', 'cod_total', '0', 0);

-- --------------------------------------------------------

--
-- Структура таблицы `ts_stock_status`
--

CREATE TABLE IF NOT EXISTS `ts_stock_status` (
  `stock_status_id` int(11) NOT NULL AUTO_INCREMENT,
  `language_id` int(11) NOT NULL,
  `name` varchar(32) NOT NULL,
  PRIMARY KEY (`stock_status_id`,`language_id`)
) ENGINE=MyISAM AUTO_INCREMENT=9 DEFAULT CHARSET=utf8;

--
-- Дамп данных таблицы `ts_stock_status`
--

INSERT INTO `ts_stock_status` (`stock_status_id`, `language_id`, `name`) VALUES
(7, 2, 'In Stock'),
(8, 2, 'Pre-Order'),
(5, 2, 'Out Of Stock'),
(6, 2, '2-3 Days');

-- --------------------------------------------------------

--
-- Структура таблицы `ts_store`
--

CREATE TABLE IF NOT EXISTS `ts_store` (
  `store_id` int(11) NOT NULL AUTO_INCREMENT,
  `name` varchar(64) NOT NULL,
  `url` varchar(255) NOT NULL,
  `ssl` varchar(255) NOT NULL,
  PRIMARY KEY (`store_id`)
) ENGINE=MyISAM DEFAULT CHARSET=utf8;

-- --------------------------------------------------------

--
-- Структура таблицы `ts_subscribe`
--

CREATE TABLE IF NOT EXISTS `ts_subscribe` (
  `id` int(10) UNSIGNED NOT NULL AUTO_INCREMENT,
  `email_id` varchar(225) NOT NULL,
  `name` varchar(225) NOT NULL,
  `option1` varchar(225) NOT NULL,
  `option2` varchar(225) NOT NULL,
  `option3` varchar(225) NOT NULL,
  `option4` varchar(225) NOT NULL,
  `option5` varchar(225) NOT NULL,
  `option6` varchar(225) NOT NULL,
  PRIMARY KEY (`id`),
  UNIQUE KEY `Index_2` (`email_id`)
) ENGINE=InnoDB AUTO_INCREMENT=11 DEFAULT CHARSET=utf8 ROW_FORMAT=DYNAMIC;

--
-- Дамп данных таблицы `ts_subscribe`
--

INSERT INTO `ts_subscribe` (`id`, `email_id`, `name`, `option1`, `option2`, `option3`, `option4`, `option5`, `option6`) VALUES
(2, 'art@insol.com', 'Put your email address here', '', '', '', '', '', ''),
(3, 'testic@test.com', 'Введите свой адрес электронной почты здесь', '', '', '', '', '', ''),
(4, 'Sofia@artdevue.com', 'Valentin Rasulov', '', '', '', '', '', ''),
(5, 'pyadrov@gmail.com', 'Введите свой адрес электронной почты', '', '', '', '', '', ''),
(6, 'vasya@vasy.com', 'Введите свой адрес электронной почты', '', '', '', '', '', ''),
(7, 'irina.v.gromova@gmail.com', 'Ирина  Гром', '', '', '', '', '', ''),
(8, 'vasya@nevasya.ruu', 'Введите свой адрес электронной почты', '', '', '', '', '', ''),
(9, 'vasya@vsya.ru', 'Введите свой адрес электронной почты', '', '', '', '', '', ''),
(10, 'kvershinam@gmail.com', 'Тест Тест фамилия', '', '', '', '', '', '');

-- --------------------------------------------------------

--
-- Структура таблицы `ts_tax_class`
--

CREATE TABLE IF NOT EXISTS `ts_tax_class` (
  `tax_class_id` int(11) NOT NULL AUTO_INCREMENT,
  `title` varchar(32) NOT NULL,
  `description` varchar(255) NOT NULL,
  `date_added` datetime NOT NULL,
  `date_modified` datetime NOT NULL,
  PRIMARY KEY (`tax_class_id`)
) ENGINE=MyISAM AUTO_INCREMENT=11 DEFAULT CHARSET=utf8;

--
-- Дамп данных таблицы `ts_tax_class`
--

INSERT INTO `ts_tax_class` (`tax_class_id`, `title`, `description`, `date_added`, `date_modified`) VALUES
(9, 'Taxable Goods', 'Taxed goods', '2009-01-06 23:21:53', '2011-09-23 14:07:50'),
(10, 'Downloadable Products', 'Downloadable', '2011-09-21 22:19:39', '2011-09-22 10:27:36');

-- --------------------------------------------------------

--
-- Структура таблицы `ts_tax_rate`
--

CREATE TABLE IF NOT EXISTS `ts_tax_rate` (
  `tax_rate_id` int(11) NOT NULL AUTO_INCREMENT,
  `geo_zone_id` int(11) NOT NULL DEFAULT '0',
  `name` varchar(32) NOT NULL,
  `rate` decimal(15,4) NOT NULL DEFAULT '0.0000',
  `type` char(1) NOT NULL,
  `date_added` datetime NOT NULL,
  `date_modified` datetime NOT NULL,
  PRIMARY KEY (`tax_rate_id`)
) ENGINE=MyISAM AUTO_INCREMENT=88 DEFAULT CHARSET=utf8;

--
-- Дамп данных таблицы `ts_tax_rate`
--

INSERT INTO `ts_tax_rate` (`tax_rate_id`, `geo_zone_id`, `name`, `rate`, `type`, `date_added`, `date_modified`) VALUES
(86, 3, 'VAT (20%)', '20.0000', 'P', '2011-03-09 21:17:10', '2011-09-22 22:24:29'),
(87, 3, 'Eco Tax (-2.00)', '2.0000', 'F', '2011-09-21 21:49:23', '2011-09-23 00:40:19');

-- --------------------------------------------------------

--
-- Структура таблицы `ts_tax_rate_to_customer_group`
--

CREATE TABLE IF NOT EXISTS `ts_tax_rate_to_customer_group` (
  `tax_rate_id` int(11) NOT NULL,
  `customer_group_id` int(11) NOT NULL,
  PRIMARY KEY (`tax_rate_id`,`customer_group_id`)
) ENGINE=MyISAM DEFAULT CHARSET=utf8;

--
-- Дамп данных таблицы `ts_tax_rate_to_customer_group`
--

INSERT INTO `ts_tax_rate_to_customer_group` (`tax_rate_id`, `customer_group_id`) VALUES
(86, 1),
(87, 1);

-- --------------------------------------------------------

--
-- Структура таблицы `ts_tax_rule`
--

CREATE TABLE IF NOT EXISTS `ts_tax_rule` (
  `tax_rule_id` int(11) NOT NULL AUTO_INCREMENT,
  `tax_class_id` int(11) NOT NULL,
  `tax_rate_id` int(11) NOT NULL,
  `based` varchar(10) NOT NULL,
  `priority` int(5) NOT NULL DEFAULT '1',
  PRIMARY KEY (`tax_rule_id`)
) ENGINE=MyISAM AUTO_INCREMENT=129 DEFAULT CHARSET=utf8;

--
-- Дамп данных таблицы `ts_tax_rule`
--

INSERT INTO `ts_tax_rule` (`tax_rule_id`, `tax_class_id`, `tax_rate_id`, `based`, `priority`) VALUES
(121, 10, 86, 'payment', 1),
(120, 10, 87, 'store', 0),
(128, 9, 86, 'shipping', 1),
(127, 9, 87, 'shipping', 2);

-- --------------------------------------------------------

--
-- Структура таблицы `ts_thai_full`
--

CREATE TABLE IF NOT EXISTS `ts_thai_full` (
  `id` int(11) NOT NULL AUTO_INCREMENT,
  `alias` varchar(255) NOT NULL,
  `group_id` int(11) NOT NULL DEFAULT '0',
  `value` text NOT NULL,
  PRIMARY KEY (`id`),
  KEY `alias` (`alias`),
  KEY `group_id` (`group_id`)
) ENGINE=MyISAM AUTO_INCREMENT=3 DEFAULT CHARSET=utf8;

--
-- Дамп данных таблицы `ts_thai_full`
--

INSERT INTO `ts_thai_full` (`id`, `alias`, `group_id`, `value`) VALUES
(1, 'soc_vk', 1, 'https://vk.com/'),
(2, 'soc_fb', 1, 'https://www.facebook.com/');

-- --------------------------------------------------------

--
-- Структура таблицы `ts_upload`
--

CREATE TABLE IF NOT EXISTS `ts_upload` (
  `upload_id` int(11) NOT NULL AUTO_INCREMENT,
  `name` varchar(255) NOT NULL,
  `filename` varchar(255) NOT NULL,
  `code` varchar(255) NOT NULL,
  `date_added` datetime NOT NULL,
  PRIMARY KEY (`upload_id`)
) ENGINE=MyISAM DEFAULT CHARSET=utf8;

-- --------------------------------------------------------

--
-- Структура таблицы `ts_url_alias`
--

CREATE TABLE IF NOT EXISTS `ts_url_alias` (
  `url_alias_id` int(11) NOT NULL AUTO_INCREMENT,
  `query` varchar(255) NOT NULL,
  `keyword` varchar(255) NOT NULL,
  PRIMARY KEY (`url_alias_id`),
  KEY `query` (`query`),
  KEY `keyword` (`keyword`)
) ENGINE=MyISAM AUTO_INCREMENT=3270 DEFAULT CHARSET=utf8;

--
-- Дамп данных таблицы `ts_url_alias`
--

INSERT INTO `ts_url_alias` (`url_alias_id`, `query`, `keyword`) VALUES
(911, 'product/special', 'specials'),
(912, 'affiliate/account', 'affiliates'),
(3248, 'manufacturer_id=13', 'Convatec'),
(2461, 'information_id=4', 'about'),
(921, 'account/transaction', 'transactions'),
(2814, 'category_id=70', 'other_products'),
(902, 'common/home', ''),
(903, 'account/wishlist', 'wishlist'),
(904, 'account/account', 'my-account'),
(905, 'checkout/cart', 'shopping-cart'),
(906, 'checkout/checkout', 'checkout'),
(1966, 'category_id=60', 'dressings_wounds'),
(1965, 'category_id=61', 'oncology'),
(2095, 'category_id=62', 'neurosurgery'),
(1969, 'category_id=63', 'stoma_care'),
(1967, 'category_id=64', 'traumatology'),
(910, 'account/newsletter', 'newsletter'),
(2092, 'category_id=68', 'surgery'),
(3066, 'category_id=66', 'patient_care'),
(2003, 'category_id=67', 'urology'),
(3249, 'manufacturer_id=14', 'C-Airlaid'),
(2494, 'manufacturer_id=15', 'laborie'),
(907, 'account/login', 'login'),
(908, 'account/logout', 'logout'),
(909, 'account/order', 'order-history'),
(917, 'information/sitemap', 'sitemap'),
(916, 'account/return/insert', 'request-return'),
(915, 'information/contact', 'contact-us'),
(914, 'product/manufacturer', 'brands'),
(913, 'checkout/voucher', 'gift-vouchers'),
(920, 'account/return', 'returns'),
(919, 'account/download', 'downloads'),
(918, 'account/forgotten', 'forgot-password'),
(2495, 'manufacturer_id=12', 'navilyst_medical'),
(3251, 'manufacturer_id=11', 'Covidien'),
(3269, 'information_id=6', 'shipping'),
(1113, 'information_id=3', 'privacy'),
(1977, 'information_id=5', 'terms'),
(922, 'account/register', 'create-account'),
(923, 'product/compare', 'compare-products'),
(924, 'product/search', 'search'),
(925, 'account/edit', 'edit-account'),
(926, 'account/password', 'change-password'),
(927, 'account/address', 'address-book'),
(928, 'account/reward', 'reward-points'),
(929, 'affiliate/edit', 'edit-affiliate-account'),
(930, 'affiliate/password', 'change-affiliate-password'),
(931, 'affiliate/payment', 'affiliate-payment-options'),
(932, 'affiliate/tracking', 'affiliate-tracking-code'),
(933, 'affiliate/transaction', 'affiliate-transactions'),
(934, 'affiliate/logout', 'affiliate-logout'),
(935, 'affiliate/forgotten', 'affiliate-forgot-password'),
(936, 'affiliate/register', 'create-affiliate-account'),
(937, 'affiliate/login', 'affiliate-login'),
(2483, 'information_id=7', 'register'),
(2321, 'information_id=8', 'how-to-order'),
(956, 'product/all', 'catalog_all'),
(1728, 'category_id=71', 'products'),
(3022, 'product_id=118', 'dvustoronnij-kollagenovyij-implantat-dlya-plastiki-tmo-duragen-plus'),
(1628, 'common/callback', 'callback'),
(3193, 'product_id=113', 'kollagenovyij-implantat-dlya-plastiki-tmo-duragen'),
(1110, 'account/success', 'account-success'),
(1116, 'encyclopedia/all', 'encyclopedia'),
(2468, 'news_id=1', 'vsya-polza-kokosovoj-vody.html.html'),
(2465, 'news_id=2', 'skidka-20-na-risovoe-moloko.html.html'),
(1607, 'tags_id=39', 'skidka_39'),
(3262, 'product_id=129', 'pelenki-bella-baby-happy-60-x-90-10-shtup'),
(1536, 'information/faq', 'faq'),
(2467, 'news_id=3', 'instrumentyi-nejroxirurga-ot-slozhnogo-oborudovaniya-do-vazhnyix-melochej.html.html'),
(2464, 'news_id=4', 'uxod-za-paczientom.html.html'),
(2466, 'news_id=5', 'sovetyi.html.html'),
(1545, 'news_cat_id=2', 'obuchenie'),
(1658, 'action_id=4', 'skidka-5-pulsoksimetr-andquotarmed-yx300andquot'),
(3191, 'product_id=77', 'klej-biologicheski-bioglue'),
(1629, 'checkout/order', 'order'),
(1640, 'action/index', 'action'),
(1659, 'action_id=2', 'pulsoksimetr-andquotarmed-yx300andquot'),
(1676, 'action_id=5', 'skidka-15'),
(1615, 'checkout/fast', 'fast-orde'),
(1614, 'checkout/loginid', 'checkout-login'),
(1613, 'encyclopedia/tag', 'tag'),
(3189, 'product_id=109', 'podshivaemyij-implantat-dlya-plastiki-tmo-duragensuturable'),
(3244, 'product_id=112', 'kollagenovyij-implantat-dlya-zashhityi-povrezhdennyix-perifericheskix-nervov-neurawrap'),
(3243, 'product_id=111', 'nabor-dlya-shuntirovaniya-likvora-lecheniya-i-gidroczefalii'),
(2617, 'category_id=59', 'gynecology'),
(1974, 'category_id=65', 'products_children'),
(1612, 'news_cat_id=1', 'linteks'),
(1603, 'tags_id=37', 'uxod_37'),
(1604, 'tags_id=38', 'nejroxirurgiya_38'),
(1610, 'tags_id=40', 'pozvonochnik_40'),
(2007, 'manufacturer_id=18', 'Integra-LifeSciences'),
(2632, 'manufacturer_id=25', 'sage'),
(3055, 'manufacturer_id=19', 'Lohmann &amp; Rauscher'),
(3211, 'product_id=119', 'setka-prolenovaya-gynemesh-ps-dlya-rekonstrukczii-tazovogo-dna'),
(3026, 'product_id=116', 'dvuxkomponentnaya-shuntiruyushhaya-sistema-normalnogo-potoka-20-mlch-osvii'),
(2833, 'product_id=117', 'dsg-14-v-drenazhnaya-sistema-vyisokogo-davleniya-dlya-lecheniya-gidroczefalii'),
(3199, 'product_id=115', 'kollagenovyij-implantat-dlya-vosstanovleniya-periferijnyix-nervov-neuragen'),
(3210, 'product_id=120', 'setka-prolenovaya-gynemesh-ps-dlya-rekonstrukczii-tazovogo-dna-v-up-3sht'),
(3207, 'product_id=121', 'material-rassasyivayushhijsya-andquotintersidandquot-interceed-tc7-v-up-10-sht'),
(3206, 'product_id=122', 'gel-rassasyivayushhijsya-protivospaechnyij-intercoat-v-shpricze'),
(3041, 'product_id=123', 'sistema-dlya-lecheniya-stressovogo-nederzhaniya-mochi-u-zhenshhin-gynecare-tvt-obturator'),
(3040, 'product_id=124', 'sistema-dlya-korrekczii-stressovogo-nederzhaniya-mochi-u-zhenshhin-gynecare-tvt-abbrevo'),
(2403, 'product_id=125', 'sistema-dlya-korrekczii-stressovogo-nederzhaniya-mochi-u-zhenshhin-gynecare-tvt-exact'),
(3042, 'product_id=126', 'urosling'),
(3044, 'product_id=127', 'urofiks-to'),
(3043, 'product_id=128', 'urofiks-pl'),
(3263, 'product_id=130', 'podguzniki-dlya-detej-panda-razmer-junior-12-25-kg-36-sht'),
(3181, 'product_id=131', 'podguzniki-dlya-detej-panda-razmer-maxi-8-18-kg-42-sht'),
(3182, 'product_id=132', 'podguzniki-dlya-detej-panda-razmer-midi-5-9-kg-48sht'),
(3048, 'product_id=133', 'nabor-stenta-6-sn-dlinoj-16-sm-s-fiksirovannyim-provodnikom-i-serdechnikom-0035-dyujma'),
(3084, 'product_id=134', 'ochistitel-dlya-kozhi-konvatek-niltak-sprej-50-ml'),
(3120, 'product_id=190', 'nutrikomp-fajber-likvid-500-ml-plastikovyij-kontejner-1-kkalml'),
(2806, 'product_id=191', 'nutrikomp-energiya-fajber-likvid-500-ml-plastikovyij-kontejner-15-kkalml'),
(3165, 'product_id=136', 'plenka-zashhitnaya-konvatek-siless-salfetki'),
(3092, 'product_id=137', 'plenka-zashhitnaya-konvatek-siless-sprej-50-ml'),
(2428, 'product_id=138', 'kateter-nefrostomicheskij-s-naborom-dlya-ustanovki-dvuxshagovaya-texnika'),
(3023, 'product_id=139', 'shunt-reguliruemogo-potoka-dlya-detej-osv-11'),
(3155, 'product_id=140', 'plastyir-modeliruemaya-gelevaya-cica-care'),
(3157, 'product_id=141', 'povyazka-modeliruemaya-gelevaya-cica-care'),
(3162, 'product_id=142', 'samokleyashhayasya-povyazka-s-pokryitiem-iz-myagkogo-silikona-nesterilnaya-mepiform-razmer-5x75-sm-5-shtup'),
(3161, 'product_id=143', 'samokleyashhayasya-povyazka-s-pokryitiem-iz-myagkogo-silikona-dlya-uxoda-za-rubczami-nesterilnaya-mepiform-10-x18-sm-5-shtup'),
(3149, 'product_id=144', 'ranevyie-pokryitiya-akvasel-ekstra-gidrofajber-s-serebrom-razmer-10x10-sm-10-shtup'),
(3150, 'product_id=145', 'ranevyie-pokryitiya-akvasel-ekstra-gidrofajber-s-serebrom-razmer-15x15-sm-5shtup'),
(3158, 'product_id=146', 'ranevyie-pokryitiya-akvasel-xirurgicheskij-aquasel-surgical-razmer-9x25-sm'),
(3159, 'product_id=147', 'ranevyie-pokryitiya-akvasel-xirurgicheskij-aquasel-surgical'),
(3125, 'product_id=170', 'pelenka-vpityivayushhaya-60x60sm-1100-ml-30shtupak'),
(3142, 'product_id=149', 'koleteks-s'),
(3236, 'product_id=150', 'material-gidrogelevyij-koleteks-beta-s-alginatom-natriya-dimeksidom-i-interlejkinom1-beta'),
(3153, 'product_id=151', 'granufleks-supertonkij-granuflex-xthin-5x20-sm'),
(3152, 'product_id=152', 'material-gidrogelevyij-koleteks-gel-dnk-s-derinatom-i-koleteks-gel-dnk-l-s-derinatom-i-lidokainom'),
(2484, 'manufacturer_id=32', 'zao-medsil'),
(2909, 'product_id=153', 'sistema-dlya-kontroliruemogo-otvedeniya-fekalnyix-mass-andquotfleksi-cil-signal-plyusandquot'),
(2913, 'product_id=154', 'trubka-traxeostomicheskaya-s-manzhetoj-5shtup'),
(2912, 'product_id=155', 'trubka-traxeostomicheskaya-bez-manzhetyi-5shtup'),
(3099, 'product_id=156', 'salfetki-vlazhnyie-ochishhayushhie-essential-bath-8-shtupak'),
(3098, 'product_id=157', 'salfetki-vlazhnyie-ochishhayushhie-essential-bath-bez-aromatizatora-so-srednej-massoj'),
(3225, 'product_id=158', 'shapochka-dlya-myitya-golovyi-comfort-shampoo-cap'),
(3129, 'product_id=159', 'ochishhayushhaya-pena-menalind-professional-reinigungss-chaum-04l'),
(3131, 'product_id=160', 'moyushhij-loson-menalind-professional'),
(3130, 'product_id=161', 'prozrachnyij-zashhitnyij-krem-bez-oksida-czinka-menalind-professional'),
(3122, 'product_id=162', 'kateter-uretralnyij-lubriczirovannyij-dlya-samokateterizaczii-flocath-quick'),
(3095, 'product_id=174', 'podguzniki-dlya-vzroslyix-euron-form-razmer-s'),
(2482, 'manufacturer_id=34', 'eleps'),
(3085, 'product_id=164', 'ochistitel-dlya-kozhi-konvatek-niltak-salfetki-30-shtup'),
(2805, 'product_id=189', 'nutrikomp-standart-likvid-500-ml-plastikovyij-kontejner-1-kkalml'),
(2900, 'product_id=167', 'matras-protivoprolezhnevyij-orthoforma-s-kompressorom-yacheistyij'),
(2911, 'product_id=168', 'chulki-protivoembolicheskie'),
(3089, 'product_id=169', 'pelenka-vpityivayushhaya-40x60sm-800-ml-30-shtupak'),
(3126, 'product_id=171', 'pelenka-vpityivayushhaya-60x90sm-1500-ml-30-shtupak'),
(3076, 'product_id=172', 'materialyi-perevyazochnyie-vpityivayushhie-vliwaktiv'),
(3077, 'product_id=173', 'materialyi-perevyazochnyie-vpityivayushhie-vliwaktiv-20-shtup'),
(3094, 'product_id=175', 'podguzniki-dlya-vzroslyix-euron-form-razmer-m'),
(3093, 'product_id=176', 'podguzniki-dlya-vzroslyix-euron-form-razmer-l'),
(3096, 'product_id=177', 'podguzniki-dlya-vzroslyix-euron-form-razmer-xl'),
(3091, 'product_id=178', 'plastyir-compeed-ot-vlazhnyix-mozolej-na-nogax'),
(3073, 'product_id=179', 'compeed-plastyir-ot-suxix-mozolej-na-nogax-srednij-10shtup'),
(2876, 'product_id=180', 'careline-mochepriemnik-nozhnoj-dlya-sbora-mochi-dnevnoj-075-l'),
(2950, 'product_id=195', 'porofiks-dlya-pupochnyix-gryizh'),
(3121, 'product_id=181', 'gastrostomicheskaya-trubka-mic-peg-dlya-chreskozhnogo-pull-metoda-ustanovki'),
(3124, 'product_id=192', 'nutrikomp-diabet-likvid-500-ml-plastikovyij-kontejner-1-kkalml'),
(3111, 'product_id=184', 'bolshoj-odnokomponentnyij-kalopriemnik-stomadress'),
(3114, 'product_id=185', 'otkryityij-neprozrachnyij-kalopriemnik-esteem'),
(3112, 'product_id=186', 'meshki-kolostomnyie-neprozrachnyie-combihesive-2s-s-filtrom-45-mm'),
(3113, 'product_id=187', 'meshki-kolostomnyie-neprozrachnyie-combihesive-2s-s-filtrom-57-mm'),
(3115, 'product_id=188', 'poroshok-stomahesive-25-g'),
(2361, 'product_id=193', 'nutrikomp-gepa-likvid-500-ml-plastikovyij-kontejner-13-kkalml'),
(2803, 'product_id=194', 'nutrikomp-immunnyij-likvid-500-ml-plastikovyij-kontejner-13-kkalml'),
(3221, 'product_id=196', 'obuv-dlya-xodbyi-v-gipsovoj-povyazke-cellona-shoe-razmeryi-s-m-l-xl'),
(3220, 'product_id=197', 'vata-sinteticheskaya-cellona-6-sm-x-3-m'),
(3219, 'product_id=198', 'vata-sinteticheskaya-cellona-20-sm-x-3-m'),
(3116, 'product_id=199', 'bintyi-sinteticheskie-zatverdevayushhie-andquotcellacast-xtraandquot-10-sm-x-36-sm'),
(3117, 'product_id=200', 'bintyi-sinteticheskie-zatverdevayushhie-andquotcellacast-xtraandquot-75-sm-x-36-m'),
(3215, 'product_id=201', 'bintyi-trubchatyie-tg-razmer-5'),
(3216, 'product_id=202', 'bintyi-trubchatyie-tg-razmer-6'),
(3032, 'product_id=203', 'pompa-mikroinfuzionnaya-odnorazovaya-sterilnaya-accufuser-continuous-obyom-300-ml'),
(3029, 'product_id=204', 'nabor-dlya-infuzii-udlinitelnaya-trubka-igla-gubera-20gx20mm-20gx25mm'),
(3028, 'product_id=205', 'mikrosferyi-dlya-embolizaczii'),
(3063, 'product_id=206', 'sistema-dlya-venozno-arterialnogo-dostupa-nuport-lp'),
(3068, 'product_id=207', 'sistema-dlya-venozno-arterialnogo-dostupa-s-port'),
(3060, 'product_id=208', 'salfetki-koleteks-m-dlya-onkologii-s-metronidazolom'),
(3045, 'product_id=209', 'material-gidrogelevyij-koleteks-akl-s-e-aminokapronovoj-kislotoj-i-lidokainom'),
(3070, 'product_id=210', 'stent-pishhevodnyij-s-pokryitiem-ptfe'),
(2433, 'product_id=211', 'stentyi-traxeobronxialnyie'),
(3071, 'product_id=212', 'pompa-mikroinfuzionnaya-odnorazovaya-accufuser-ctx-bez-bolyusa-s-postoyannoj-skorostyu-potoka-50-mlch-obyom-250-ml'),
(3072, 'product_id=213', 'pompa-mikroinfuzionnaya-odnorazovaya-accufuser-varicon-bez-bolyusa'),
(3213, 'product_id=214', 'komplekt-belya-xirurg-dlya-transuretralnoj-rezekczii-tur-sterilnyij'),
(3185, 'product_id=215', 'nefrostomicheskij-drenazh-s-pokryitiem-urotech-renodrain-yellow'),
(2954, 'product_id=216', 'nabor-dlya-chreskozhnogo-drenirovaniya-mochevogo-puzyirya-czistostomicheskij'),
(3184, 'product_id=217', 'nabor-mochetochnikovogo-stenta-s-dvumya-svinyimi-xvostami'),
(2956, 'product_id=218', 'nabor-instrumentov-dlya-chreskozhnogo-drenirovaniya-polostnyix-obrazovanij-s-drenazhem-tipa-svinoj-xvost'),
(3183, 'product_id=219', 'nabor-dlya-ustanovki-nefrostomicheskogo-katetera-dvuxshagovaya-texnika'),
(2261, 'product_id=220', 'kateter-nefrostomicheskij-s-naborom-dlya-ustanovki'),
(3188, 'product_id=221', 'stent-xirurgicheskij-mochetochnikovyij-otkryityij-tolkatel-45-sm-bez-strunyi'),
(3187, 'product_id=222', 'stent-xirurgicheskij-mochetochnikovyij-s-odnim-andquotpigtejlandquot-90-sm-zakryityij'),
(3186, 'product_id=223', 'stent-xirurgicheskij-mochetochnikovyij-superglide-26-sm-28-sm-otkryityij-s-retrakczionnoj-nityu'),
(3223, 'product_id=224', 'kateter-uretralnyij-2-xod-100-silikon-so-stiletom-ballon-15-5-ml-31-sm'),
(3228, 'product_id=225', 'kateter-urologicheskij-uretralnyij-trexxodovoj-foleya-ballon-ot-20-do-30-ml'),
(2951, 'product_id=226', 'kateter-czistostomicheskij-na-stilete-iz-nerzhaveyushhej-stali-2-xodovoj-ballon-iz-lateksa-10-ml'),
(3229, 'product_id=227', 'kabel-osvetitelnyij-endoskopicheskij-andquotelepsandquot-5mm-230-sm'),
(2995, 'product_id=228', 'trubka-opticheskaya-pryamaya-dlya-laparoskopii-30-grad'),
(2996, 'product_id=229', 'trubka-opticheskaya-pryamaya-dlya-laparoskopii-d10-mm-0-grad'),
(2991, 'product_id=230', 'troakar-universalnyij-s-gazopodachej-5mm'),
(2275, 'product_id=231', 'troakar-universalnyij-s-gazopodachej-10-mm'),
(3232, 'product_id=232', 'vstavka-endoskopicheskaya-reducziruyushhaya'),
(2974, 'product_id=233', 'instrument-dlya-rasshireniya-polostej-510mm'),
(2975, 'product_id=234', 'kabel-dlya-podklyucheniya-monopolyarnogo-laparoskopicheskogo-instrumenta-monopolyarnyix-pinczetov'),
(2970, 'product_id=235', 'zazhim-endoskopicheskij-monopolyarnyij-andquotdissektor-pryamoj-malyijandquot-5-mm'),
(2971, 'product_id=236', 'zazhim-endoskopicheskij-uderzhivayushhij-5-mm-andquotpoluvolnaandquot-anatomicheskij-s-metallicheskoj-rukoyatkoj-i-fiksacziej'),
(3002, 'product_id=237', 'elektrod-igla-izognutaya'),
(2981, 'product_id=238', 'nozhniczyi-endoskopicheskie-povorotnyie-s-dvumya-podvizhnyimi-branshami-izognutyie-5-mm-s-metallicheskoj-rukoyatkoj'),
(3001, 'product_id=239', 'shhetka-5-mm-10-mm'),
(3227, 'product_id=240', 'plenka-incziznaya-dlya-zashhityi-operaczionnogo-polya-raucodrape-30x20'),
(3226, 'product_id=241', 'plenka-incziznaya-dlya-zashhityi-operaczionnogo-polya-raucodrape-45x20-10-shtup'),
(2972, 'product_id=242', 'izdeliya-marlevyie-sterilnyie-tupferyi-setpack-razmer-2-10-shtup'),
(2973, 'product_id=243', 'izdeliya-marlevyie-sterilnyie-tupferyi-setpack-razmer-3-10-shtup'),
(3212, 'product_id=244', 'dreniruyushhee-ustrojstvo-unovac-drenazh-sn16sn18'),
(2965, 'product_id=245', 'drenazhnyij-meshok-unovac-so-vstroennyim-nevozvratnyim-klapanom'),
(2998, 'product_id=246', 'ustrojstvo-dreniruyushhee-minivac'),
(3008, 'product_id=247', 'bandazh-posleoperaczionnyij-vyisota-30-sm'),
(3005, 'product_id=248', 'bandazh-posleoperaczionnyij-vyisota-25-sm'),
(3018, 'product_id=249', 'bandazh-posleoperaczionnyij-na-grudnuyu-kletku-muzhskoj'),
(3017, 'product_id=250', 'bandazh-posleoperaczionnyij-na-grudnuyu-kletku-zhenskij'),
(2989, 'product_id=251', 'setchatyij-endoprotez-dlya-vosstanovitelnoj-xirurgii-esfil-8x12-sm'),
(2987, 'product_id=252', 'setchatyij-endoprotez-dlya-vosstanovitelnoj-xirurgii-esfil-15x10-sm'),
(2988, 'product_id=253', 'setchatyij-endoprotez-dlya-vosstanovitelnoj-xirurgii-esfil-30x30-sm'),
(2986, 'product_id=254', 'setchatyij-endoprotez-dlya-vosstanovitelnoj-xirurgii-unifleks-standartnyij-6x11-sm'),
(2984, 'product_id=255', 'setchatyij-endoprotez-dlya-vosstanovitelnoj-xirurgii-unifleks-standartnyij-30x30-sm'),
(3224, 'product_id=256', 'klips-applikator-xirurgicheskij-weck-hem-o-lok-dlya-otkryitoj-xirurgii'),
(2980, 'product_id=257', 'klipsyi-ligiruyushhie-dlya-xirurgicheskogo-klipsoapplikatora-hem-o-lok'),
(3021, 'product_id=258', 'anti-embolicheskie-chulki-ted-do-bedra'),
(3020, 'product_id=259', 'anti-embolicheskie-chulki-ted-do-kolena'),
(2992, 'product_id=260', 'troakar-endopath-xcel-bez-nozha-6shtup'),
(3214, 'product_id=261', 'troakar-endopath-xcel-tupokonechnyij-c-texnologiej-ochistki-optiview'),
(3003, 'product_id=262', 'endoskopicheskij-instrument-endopath-zazhim-bebkoka-s-xrapovyim-mexanizmom-diametr-5-mm'),
(3004, 'product_id=263', 'endoskopicheskij-instrument-endopath-derzhatel-golovki-czirkulyarnogo-apparata-s-xrapovyim-mexanizmom'),
(2326, 'news_cat_id=3', 'uhod-za-patsientom'),
(2325, 'news_cat_id=4', 'hirurgiya'),
(2327, 'news_id=7', 'endoskopicheskaya-operacziya.html'),
(2340, 'news_id=6', 'endoskopicheskaya-operacziya.html.html.html'),
(2337, 'tags_id=41', '_41'),
(2338, 'news_cat_id=5', 'Endoscopia'),
(2776, 'news_id=8', 'Endoscopicheskie-operacii.html'),
(2341, 'news_id=9', 'vapvyiapvap.html'),
(2342, 'news_id=10', 'dfgsdfgdsfg.html'),
(2343, 'news_id=11', 'test.html'),
(2762, 'tags_id=106', 'endoskopiya_106'),
(2775, 'news_id=12', 'Uhod_za_lejachim_bolnym_praktichnye_novinki.html'),
(2346, 'news_cat_id=6', 'Urologia'),
(2348, 'news_cat_id=7', 'Enteralnoe_pitanie'),
(2801, 'news_id=14', 'Enteralnoe-pitanie.html'),
(2350, 'news_cat_id=8', 'Onkologia'),
(2802, 'news_id=15', 'Sovremennye_ustroistva_dlia_lechenia_onkobolnyh.html'),
(3080, 'product_id=264', 'nabor-shapochka-dlya-myitya-golovyi-plyus-salfetki-vlazhnyie-ochishhayushhie-essential-bath'),
(3057, 'product_id=265', 'scar-fix-silikonovyie-plastinyi'),
(3160, 'product_id=266', 'koleteks-s-mochevinoj'),
(3246, 'product_id=267', 'koleteks-s-propolisom'),
(3247, 'product_id=268', 'koleteks-s-5-ftoruraczilom'),
(3245, 'product_id=269', 'koleteks-s-derinatom'),
(3260, 'product_id=276', 'material-implantiruemyij-vantris-1ml'),
(3259, 'product_id=277', 'dam-v-shpriczax-odnokratnogo-primineniya'),
(2763, 'tags_id=107', 'operaczii_107'),
(3258, 'product_id=279', 'serdzhisel-material-xirurgicheskij-gemostaticheskij-rassasyivayushhijsya-10-x-20sm'),
(2474, 'manufacturer_id=40', 'ontex'),
(3067, 'manufacturer_id=41', 'Kimberly-Clark'),
(2476, 'manufacturer_id=42', 'Johnson-and-Johnson'),
(2493, 'manufacturer_id=31', 'koleteks'),
(2478, 'manufacturer_id=43', 'Luxsan'),
(2686, 'manufacturer_id=44', 'B-Braun'),
(2480, 'manufacturer_id=45', 'Bella'),
(2481, 'manufacturer_id=46', 'Ergoforma'),
(2496, 'manufacturer_id=47', 'mit'),
(2497, 'manufacturer_id=48', 'WooYoungMedical'),
(2499, 'manufacturer_id=50', 'trives'),
(3054, 'manufacturer_id=49', 'CeloNovaBiosciences'),
(2501, 'manufacturer_id=51', 'Scar-Heal'),
(2502, 'manufacturer_id=52', 'Urotech'),
(2528, 'tags_id=42', 'mikroinfuzionnyie-pompyi_42'),
(2529, 'tags_id=43', 'kapelniczyi_43'),
(2530, 'tags_id=44', 'lechenie-onkologii_44'),
(2531, 'tags_id=45', 'primenenie-portov_45'),
(2532, 'tags_id=46', 'primenenie-mikrosfer_46'),
(2533, 'tags_id=47', 'ximioembolizacziya_47'),
(2534, 'tags_id=48', 'gastrostomicheskie-trubki_48'),
(2535, 'tags_id=49', 'koleteks_49'),
(2537, 'tags_id=50', 'enteralnoe-pitanie_50'),
(2538, 'tags_id=51', 'pitatelnyie-smesi_51'),
(2539, 'tags_id=52', 'smesi-dlya-enteralnogo-pitaniya_52'),
(2540, 'tags_id=53', 'vidyi-pitatelnyix-smesej_53'),
(2541, 'tags_id=54', 'zondyi-dlya-vvedeniya-enteralnogo-pitaniya_54'),
(2542, 'tags_id=55', 'nasosyi-dlya-vvedeniya-enteralnogo-pitaniya_55'),
(2543, 'tags_id=56', 'bbraun_56'),
(2544, 'tags_id=57', 'smesi-nutrikomprn_57'),
(2546, 'tags_id=58', 'vidyi-smesej_58'),
(2547, 'tags_id=59', 'zondyi_59'),
(2548, 'tags_id=60', 'nasosyi_60'),
(3250, 'manufacturer_id=22', 'PHS-Medical'),
(2550, 'tags_id=61', 'uxod-za-lezhachim-bolnyim_61'),
(2551, 'tags_id=62', 'lezhachij-paczient_62'),
(2552, 'tags_id=63', 'ogranichennaya-podvizhnost_63'),
(2553, 'tags_id=64', 'sredstva-po-uxodu_64'),
(2554, 'tags_id=65', 'podguzniki_65'),
(2555, 'tags_id=66', 'salfetki_66'),
(2556, 'tags_id=67', 'penoobrazuyushhaya-gubka_67'),
(2557, 'tags_id=68', 'shapochka-dlya-myitya-golovyi_68'),
(2558, 'tags_id=69', 'pena-sage_69'),
(2559, 'tags_id=70', 'toniziruyushhaya-zhidkost_70'),
(2560, 'tags_id=71', 'rezinovaya-vannochka_71'),
(2562, 'tags_id=72', 'endoskopicheskie-operaczii_72'),
(2563, 'tags_id=73', 'endoskopiya_73'),
(2564, 'tags_id=74', 'preimushhestva-endoskopii_74'),
(2565, 'tags_id=75', 'maloinvazionnyie-vmeshatelstva_75'),
(2566, 'tags_id=76', 'endoskopicheskie-instrumentyi_76'),
(2567, 'tags_id=77', 'ethicon_77'),
(2568, 'tags_id=78', 'endoskop_78'),
(2569, 'tags_id=79', 'laparoskop_79'),
(2570, 'tags_id=80', 'troakar_80'),
(2571, 'tags_id=81', 'klipsa_81'),
(2572, 'tags_id=82', 'klipapplikator_82'),
(2573, 'tags_id=83', 'sshivayushhie-preparatyi_83'),
(2574, 'tags_id=84', 'mediczinskaya-skoba_84'),
(2575, 'tags_id=85', 'ultrazvukovoj-skalpel_85'),
(2576, 'tags_id=86', 'kozhnyij-klej_86'),
(2577, 'tags_id=87', 'vspomogatelnyie-instrumentyi_87'),
(2578, 'tags_id=88', 'zazhim-bebkoka_88'),
(2579, 'tags_id=89', 'grasper-bebkoka_89'),
(2580, 'tags_id=90', 'dissektor_90'),
(2622, 'news_id=13', 'Nederjanie_mochi_u_jenshin_prichiny_i_lechenie.html'),
(2582, 'tags_id=91', 'nederzhanie-mochi_91'),
(2583, 'tags_id=92', 'podtekanie-mochi_92'),
(2584, 'tags_id=93', 'prichinyi-nederzhaniya_93'),
(2585, 'tags_id=94', 'vidyi-nederzhaniya_94'),
(2586, 'tags_id=95', 'lechenie-nederzhaniya_95'),
(2587, 'tags_id=96', 'tvt_96'),
(2588, 'tags_id=97', 'tvt-o_97'),
(2589, 'tags_id=98', 'slingovyie-operaczii_98'),
(2590, 'tags_id=99', 'sinteticheskaya-petlya_99'),
(2591, 'tags_id=100', 'tvt-obturator_100'),
(2592, 'tags_id=101', 'gynecare-tvt-abbrevo_101'),
(2593, 'tags_id=102', 'gynecare-tvt-exact_102'),
(2594, 'tags_id=103', 'tvt-obturator-ethicon-endo_103'),
(2596, 'tags_id=104', 'preimushhestva_104'),
(2597, 'tags_id=105', 'instrumentyi_105'),
(2696, 'product_id=275', 'nizkoprofilnaya-gastrostomicheskaya-trubka-s-udlinitelem-dlya-pitaniya-mic-key-g-razmerom-20fr'),
(3252, 'manufacturer_id=16', 'Ethicon-Endo-SurgeryInc'),
(3253, 'manufacturer_id=17', 'Hartmann-Group-Paul-Hartmann-AG'),
(3254, 'manufacturer_id=21', 'Molnlycke'),
(3255, 'manufacturer_id=23', 'Promedon'),
(3256, 'manufacturer_id=24', 'Rusch'),
(3261, 'manufacturer_id=27', 'Smith-and-Nephew'),
(3264, 'manufacturer_id=29', 'Lintex');

-- --------------------------------------------------------

--
-- Структура таблицы `ts_user`
--

CREATE TABLE IF NOT EXISTS `ts_user` (
  `user_id` int(11) NOT NULL AUTO_INCREMENT,
  `user_group_id` int(11) NOT NULL,
  `username` varchar(20) NOT NULL,
  `password` varchar(40) NOT NULL,
  `salt` varchar(9) NOT NULL,
  `firstname` varchar(32) NOT NULL,
  `lastname` varchar(32) NOT NULL,
  `email` varchar(96) NOT NULL,
  `image` varchar(255) NOT NULL,
  `code` varchar(40) NOT NULL,
  `ip` varchar(40) NOT NULL,
  `status` tinyint(1) NOT NULL,
  `date_added` datetime NOT NULL,
  PRIMARY KEY (`user_id`)
) ENGINE=MyISAM AUTO_INCREMENT=3 DEFAULT CHARSET=utf8;

--
-- Дамп данных таблицы `ts_user`
--

INSERT INTO `ts_user` (`user_id`, `user_group_id`, `username`, `password`, `salt`, `firstname`, `lastname`, `email`, `image`, `code`, `ip`, `status`, `date_added`) VALUES
(1, 1, 'admindip', 'e169c51d944c05605beaf05b735e5a3bfe1640b0', 'dc85ac76a', 'John', 'Doe', 'info@artdevue.com', '', '', '95.73.180.110', 1, '2015-04-01 09:59:03'),
(2, 1, 'Elena', '6bd85ea9331107626e8c356591391879ae60f7aa', '0cd7e7f87', 'Елена', 'Хохлова', 'takt2004@mail.ru', '', '', '78.111.186.199', 1, '2016-05-21 20:31:28');

-- --------------------------------------------------------

--
-- Структура таблицы `ts_user_group`
--

CREATE TABLE IF NOT EXISTS `ts_user_group` (
  `user_group_id` int(11) NOT NULL AUTO_INCREMENT,
  `name` varchar(64) NOT NULL,
  `permission` text NOT NULL,
  PRIMARY KEY (`user_group_id`)
) ENGINE=MyISAM AUTO_INCREMENT=11 DEFAULT CHARSET=utf8;

--
-- Дамп данных таблицы `ts_user_group`
--

INSERT INTO `ts_user_group` (`user_group_id`, `name`, `permission`) VALUES
(1, 'Administrator', 'a:2:{s:6:"access";a:200:{i:0;s:12:"blog/article";i:1;s:12:"blog/setting";i:2;s:17:"catalog/attribute";i:3;s:23:"catalog/attribute_group";i:4;s:16:"catalog/category";i:5;s:16:"catalog/download";i:6;s:14:"catalog/filter";i:7;s:19:"catalog/information";i:8;s:20:"catalog/manufacturer";i:9;s:14:"catalog/option";i:10;s:15:"catalog/product";i:11;s:17:"catalog/recurring";i:12;s:14:"catalog/review";i:13;s:18:"common/column_left";i:14;s:18:"common/filemanager";i:15;s:11:"common/menu";i:16;s:14:"common/profile";i:17;s:12:"common/stats";i:18;s:13:"design/banner";i:19;s:13:"design/layout";i:20;s:16:"extension/action";i:21;s:13:"extension/faq";i:22;s:14:"extension/feed";i:23;s:19:"extension/installer";i:24;s:22:"extension/modification";i:25;s:16:"extension/module";i:26;s:14:"extension/news";i:27;s:17:"extension/openbay";i:28;s:17:"extension/payment";i:29;s:15:"extension/posts";i:30;s:18:"extension/shipping";i:31;s:15:"extension/total";i:32;s:16:"feed/google_base";i:33;s:19:"feed/google_sitemap";i:34;s:15:"feed/openbaypro";i:35;s:20:"localisation/country";i:36;s:21:"localisation/currency";i:37;s:21:"localisation/geo_zone";i:38;s:21:"localisation/language";i:39;s:25:"localisation/length_class";i:40;s:21:"localisation/location";i:41;s:25:"localisation/order_status";i:42;s:26:"localisation/return_action";i:43;s:26:"localisation/return_reason";i:44;s:26:"localisation/return_status";i:45;s:25:"localisation/stock_status";i:46;s:22:"localisation/tax_class";i:47;s:21:"localisation/tax_rate";i:48;s:25:"localisation/weight_class";i:49;s:17:"localisation/zone";i:50;s:19:"marketing/affiliate";i:51;s:17:"marketing/contact";i:52;s:16:"marketing/coupon";i:53;s:19:"marketing/marketing";i:54;s:14:"module/account";i:55;s:13:"module/action";i:56;s:16:"module/affiliate";i:57;s:20:"module/amazon_button";i:58;s:19:"module/amazon_login";i:59;s:17:"module/amazon_pay";i:60;s:13:"module/banner";i:61;s:17:"module/bestseller";i:62;s:15:"module/carousel";i:63;s:15:"module/category";i:64;s:20:"module/category_home";i:65;s:22:"module/category_slider";i:66;s:19:"module/ebay_listing";i:67;s:10:"module/faq";i:68;s:15:"module/featured";i:69;s:13:"module/filter";i:70;s:22:"module/google_hangouts";i:71;s:11:"module/html";i:72;s:18:"module/information";i:73;s:17:"module/items_menu";i:74;s:25:"module/kuler_layer_slider";i:75;s:13:"module/latest";i:76;s:24:"module/manufacturer_desc";i:77;s:24:"module/manufacturer_home";i:78;s:11:"module/news";i:79;s:26:"module/newslettersubscribe";i:80;s:12:"module/posts";i:81;s:16:"module/pp_button";i:82;s:15:"module/pp_login";i:83;s:16:"module/slideshow";i:84;s:14:"module/special";i:85;s:12:"module/store";i:86;s:16:"module/thai_full";i:87;s:14:"openbay/amazon";i:88;s:22:"openbay/amazon_listing";i:89;s:22:"openbay/amazon_product";i:90;s:16:"openbay/amazonus";i:91;s:24:"openbay/amazonus_listing";i:92;s:24:"openbay/amazonus_product";i:93;s:12:"openbay/ebay";i:94;s:20:"openbay/ebay_profile";i:95;s:21:"openbay/ebay_template";i:96;s:12:"openbay/etsy";i:97;s:20:"openbay/etsy_product";i:98;s:21:"openbay/etsy_shipping";i:99;s:17:"openbay/etsy_shop";i:100;s:23:"payment/amazon_checkout";i:101;s:24:"payment/amazon_login_pay";i:102;s:24:"payment/authorizenet_aim";i:103;s:24:"payment/authorizenet_sim";i:104;s:21:"payment/bank_transfer";i:105;s:22:"payment/bluepay_hosted";i:106;s:24:"payment/bluepay_redirect";i:107;s:14:"payment/cheque";i:108;s:11:"payment/cod";i:109;s:17:"payment/firstdata";i:110;s:24:"payment/firstdata_remote";i:111;s:21:"payment/free_checkout";i:112;s:17:"payment/globalpay";i:113;s:24:"payment/globalpay_remote";i:114;s:22:"payment/klarna_account";i:115;s:22:"payment/klarna_invoice";i:116;s:14:"payment/liqpay";i:117;s:14:"payment/nochex";i:118;s:15:"payment/paymate";i:119;s:16:"payment/paypoint";i:120;s:13:"payment/payza";i:121;s:26:"payment/perpetual_payments";i:122;s:18:"payment/pp_express";i:123;s:18:"payment/pp_payflow";i:124;s:25:"payment/pp_payflow_iframe";i:125;s:14:"payment/pp_pro";i:126;s:21:"payment/pp_pro_iframe";i:127;s:19:"payment/pp_standard";i:128;s:14:"payment/realex";i:129;s:21:"payment/realex_remote";i:130;s:22:"payment/sagepay_direct";i:131;s:22:"payment/sagepay_server";i:132;s:18:"payment/sagepay_us";i:133;s:24:"payment/securetrading_pp";i:134;s:24:"payment/securetrading_ws";i:135;s:14:"payment/skrill";i:136;s:19:"payment/twocheckout";i:137;s:28:"payment/web_payment_software";i:138;s:16:"payment/worldpay";i:139;s:16:"report/affiliate";i:140;s:25:"report/affiliate_activity";i:141;s:22:"report/affiliate_login";i:142;s:24:"report/customer_activity";i:143;s:22:"report/customer_credit";i:144;s:21:"report/customer_login";i:145;s:22:"report/customer_online";i:146;s:21:"report/customer_order";i:147;s:22:"report/customer_reward";i:148;s:16:"report/marketing";i:149;s:24:"report/product_purchased";i:150;s:21:"report/product_viewed";i:151;s:18:"report/sale_coupon";i:152;s:17:"report/sale_order";i:153;s:18:"report/sale_return";i:154;s:20:"report/sale_shipping";i:155;s:15:"report/sale_tax";i:156;s:17:"sale/custom_field";i:157;s:13:"sale/customer";i:158;s:20:"sale/customer_ban_ip";i:159;s:19:"sale/customer_group";i:160;s:20:"sale/newssubscribers";i:161;s:10:"sale/order";i:162;s:14:"sale/recurring";i:163;s:11:"sale/return";i:164;s:12:"sale/voucher";i:165;s:18:"sale/voucher_theme";i:166;s:15:"setting/setting";i:167;s:13:"setting/store";i:168;s:16:"shipping/auspost";i:169;s:17:"shipping/citylink";i:170;s:14:"shipping/fedex";i:171;s:13:"shipping/flat";i:172;s:13:"shipping/free";i:173;s:13:"shipping/item";i:174;s:23:"shipping/parcelforce_48";i:175;s:15:"shipping/pickup";i:176;s:19:"shipping/royal_mail";i:177;s:12:"shipping/ups";i:178;s:13:"shipping/usps";i:179;s:15:"shipping/weight";i:180;s:11:"tool/backup";i:181;s:14:"tool/error_log";i:182;s:11:"tool/upload";i:183;s:12:"total/coupon";i:184;s:12:"total/credit";i:185;s:14:"total/handling";i:186;s:16:"total/klarna_fee";i:187;s:19:"total/low_order_fee";i:188;s:12:"total/reward";i:189;s:14:"total/shipping";i:190;s:15:"total/sub_total";i:191;s:9:"total/tax";i:192;s:11:"total/total";i:193;s:13:"total/voucher";i:194;s:8:"user/api";i:195;s:9:"user/user";i:196;s:20:"user/user_permission";i:197;s:24:"module/manufacturer_home";i:198;s:13:"shipping/free";i:199;s:17:"shipping/citylink";}s:6:"modify";a:200:{i:0;s:12:"blog/article";i:1;s:12:"blog/setting";i:2;s:17:"catalog/attribute";i:3;s:23:"catalog/attribute_group";i:4;s:16:"catalog/category";i:5;s:16:"catalog/download";i:6;s:14:"catalog/filter";i:7;s:19:"catalog/information";i:8;s:20:"catalog/manufacturer";i:9;s:14:"catalog/option";i:10;s:15:"catalog/product";i:11;s:17:"catalog/recurring";i:12;s:14:"catalog/review";i:13;s:18:"common/column_left";i:14;s:18:"common/filemanager";i:15;s:11:"common/menu";i:16;s:14:"common/profile";i:17;s:12:"common/stats";i:18;s:13:"design/banner";i:19;s:13:"design/layout";i:20;s:16:"extension/action";i:21;s:13:"extension/faq";i:22;s:14:"extension/feed";i:23;s:19:"extension/installer";i:24;s:22:"extension/modification";i:25;s:16:"extension/module";i:26;s:14:"extension/news";i:27;s:17:"extension/openbay";i:28;s:17:"extension/payment";i:29;s:15:"extension/posts";i:30;s:18:"extension/shipping";i:31;s:15:"extension/total";i:32;s:16:"feed/google_base";i:33;s:19:"feed/google_sitemap";i:34;s:15:"feed/openbaypro";i:35;s:20:"localisation/country";i:36;s:21:"localisation/currency";i:37;s:21:"localisation/geo_zone";i:38;s:21:"localisation/language";i:39;s:25:"localisation/length_class";i:40;s:21:"localisation/location";i:41;s:25:"localisation/order_status";i:42;s:26:"localisation/return_action";i:43;s:26:"localisation/return_reason";i:44;s:26:"localisation/return_status";i:45;s:25:"localisation/stock_status";i:46;s:22:"localisation/tax_class";i:47;s:21:"localisation/tax_rate";i:48;s:25:"localisation/weight_class";i:49;s:17:"localisation/zone";i:50;s:19:"marketing/affiliate";i:51;s:17:"marketing/contact";i:52;s:16:"marketing/coupon";i:53;s:19:"marketing/marketing";i:54;s:14:"module/account";i:55;s:13:"module/action";i:56;s:16:"module/affiliate";i:57;s:20:"module/amazon_button";i:58;s:19:"module/amazon_login";i:59;s:17:"module/amazon_pay";i:60;s:13:"module/banner";i:61;s:17:"module/bestseller";i:62;s:15:"module/carousel";i:63;s:15:"module/category";i:64;s:20:"module/category_home";i:65;s:22:"module/category_slider";i:66;s:19:"module/ebay_listing";i:67;s:10:"module/faq";i:68;s:15:"module/featured";i:69;s:13:"module/filter";i:70;s:22:"module/google_hangouts";i:71;s:11:"module/html";i:72;s:18:"module/information";i:73;s:17:"module/items_menu";i:74;s:25:"module/kuler_layer_slider";i:75;s:13:"module/latest";i:76;s:24:"module/manufacturer_desc";i:77;s:24:"module/manufacturer_home";i:78;s:11:"module/news";i:79;s:26:"module/newslettersubscribe";i:80;s:12:"module/posts";i:81;s:16:"module/pp_button";i:82;s:15:"module/pp_login";i:83;s:16:"module/slideshow";i:84;s:14:"module/special";i:85;s:12:"module/store";i:86;s:16:"module/thai_full";i:87;s:14:"openbay/amazon";i:88;s:22:"openbay/amazon_listing";i:89;s:22:"openbay/amazon_product";i:90;s:16:"openbay/amazonus";i:91;s:24:"openbay/amazonus_listing";i:92;s:24:"openbay/amazonus_product";i:93;s:12:"openbay/ebay";i:94;s:20:"openbay/ebay_profile";i:95;s:21:"openbay/ebay_template";i:96;s:12:"openbay/etsy";i:97;s:20:"openbay/etsy_product";i:98;s:21:"openbay/etsy_shipping";i:99;s:17:"openbay/etsy_shop";i:100;s:23:"payment/amazon_checkout";i:101;s:24:"payment/amazon_login_pay";i:102;s:24:"payment/authorizenet_aim";i:103;s:24:"payment/authorizenet_sim";i:104;s:21:"payment/bank_transfer";i:105;s:22:"payment/bluepay_hosted";i:106;s:24:"payment/bluepay_redirect";i:107;s:14:"payment/cheque";i:108;s:11:"payment/cod";i:109;s:17:"payment/firstdata";i:110;s:24:"payment/firstdata_remote";i:111;s:21:"payment/free_checkout";i:112;s:17:"payment/globalpay";i:113;s:24:"payment/globalpay_remote";i:114;s:22:"payment/klarna_account";i:115;s:22:"payment/klarna_invoice";i:116;s:14:"payment/liqpay";i:117;s:14:"payment/nochex";i:118;s:15:"payment/paymate";i:119;s:16:"payment/paypoint";i:120;s:13:"payment/payza";i:121;s:26:"payment/perpetual_payments";i:122;s:18:"payment/pp_express";i:123;s:18:"payment/pp_payflow";i:124;s:25:"payment/pp_payflow_iframe";i:125;s:14:"payment/pp_pro";i:126;s:21:"payment/pp_pro_iframe";i:127;s:19:"payment/pp_standard";i:128;s:14:"payment/realex";i:129;s:21:"payment/realex_remote";i:130;s:22:"payment/sagepay_direct";i:131;s:22:"payment/sagepay_server";i:132;s:18:"payment/sagepay_us";i:133;s:24:"payment/securetrading_pp";i:134;s:24:"payment/securetrading_ws";i:135;s:14:"payment/skrill";i:136;s:19:"payment/twocheckout";i:137;s:28:"payment/web_payment_software";i:138;s:16:"payment/worldpay";i:139;s:16:"report/affiliate";i:140;s:25:"report/affiliate_activity";i:141;s:22:"report/affiliate_login";i:142;s:24:"report/customer_activity";i:143;s:22:"report/customer_credit";i:144;s:21:"report/customer_login";i:145;s:22:"report/customer_online";i:146;s:21:"report/customer_order";i:147;s:22:"report/customer_reward";i:148;s:16:"report/marketing";i:149;s:24:"report/product_purchased";i:150;s:21:"report/product_viewed";i:151;s:18:"report/sale_coupon";i:152;s:17:"report/sale_order";i:153;s:18:"report/sale_return";i:154;s:20:"report/sale_shipping";i:155;s:15:"report/sale_tax";i:156;s:17:"sale/custom_field";i:157;s:13:"sale/customer";i:158;s:20:"sale/customer_ban_ip";i:159;s:19:"sale/customer_group";i:160;s:20:"sale/newssubscribers";i:161;s:10:"sale/order";i:162;s:14:"sale/recurring";i:163;s:11:"sale/return";i:164;s:12:"sale/voucher";i:165;s:18:"sale/voucher_theme";i:166;s:15:"setting/setting";i:167;s:13:"setting/store";i:168;s:16:"shipping/auspost";i:169;s:17:"shipping/citylink";i:170;s:14:"shipping/fedex";i:171;s:13:"shipping/flat";i:172;s:13:"shipping/free";i:173;s:13:"shipping/item";i:174;s:23:"shipping/parcelforce_48";i:175;s:15:"shipping/pickup";i:176;s:19:"shipping/royal_mail";i:177;s:12:"shipping/ups";i:178;s:13:"shipping/usps";i:179;s:15:"shipping/weight";i:180;s:11:"tool/backup";i:181;s:14:"tool/error_log";i:182;s:11:"tool/upload";i:183;s:12:"total/coupon";i:184;s:12:"total/credit";i:185;s:14:"total/handling";i:186;s:16:"total/klarna_fee";i:187;s:19:"total/low_order_fee";i:188;s:12:"total/reward";i:189;s:14:"total/shipping";i:190;s:15:"total/sub_total";i:191;s:9:"total/tax";i:192;s:11:"total/total";i:193;s:13:"total/voucher";i:194;s:8:"user/api";i:195;s:9:"user/user";i:196;s:20:"user/user_permission";i:197;s:24:"module/manufacturer_home";i:198;s:13:"shipping/free";i:199;s:17:"shipping/citylink";}}'),
(10, 'Demonstration', 'a:2:{s:6:"access";a:197:{i:0;s:12:"blog/article";i:1;s:12:"blog/setting";i:2;s:17:"catalog/attribute";i:3;s:23:"catalog/attribute_group";i:4;s:16:"catalog/category";i:5;s:16:"catalog/download";i:6;s:14:"catalog/filter";i:7;s:19:"catalog/information";i:8;s:20:"catalog/manufacturer";i:9;s:14:"catalog/option";i:10;s:15:"catalog/product";i:11;s:17:"catalog/recurring";i:12;s:14:"catalog/review";i:13;s:18:"common/column_left";i:14;s:18:"common/filemanager";i:15;s:11:"common/menu";i:16;s:14:"common/profile";i:17;s:12:"common/stats";i:18;s:13:"design/banner";i:19;s:13:"design/layout";i:20;s:16:"extension/action";i:21;s:13:"extension/faq";i:22;s:14:"extension/feed";i:23;s:19:"extension/installer";i:24;s:22:"extension/modification";i:25;s:16:"extension/module";i:26;s:14:"extension/news";i:27;s:17:"extension/openbay";i:28;s:17:"extension/payment";i:29;s:15:"extension/posts";i:30;s:18:"extension/shipping";i:31;s:15:"extension/total";i:32;s:16:"feed/google_base";i:33;s:19:"feed/google_sitemap";i:34;s:15:"feed/openbaypro";i:35;s:20:"localisation/country";i:36;s:21:"localisation/currency";i:37;s:21:"localisation/geo_zone";i:38;s:21:"localisation/language";i:39;s:25:"localisation/length_class";i:40;s:21:"localisation/location";i:41;s:25:"localisation/order_status";i:42;s:26:"localisation/return_action";i:43;s:26:"localisation/return_reason";i:44;s:26:"localisation/return_status";i:45;s:25:"localisation/stock_status";i:46;s:22:"localisation/tax_class";i:47;s:21:"localisation/tax_rate";i:48;s:25:"localisation/weight_class";i:49;s:17:"localisation/zone";i:50;s:19:"marketing/affiliate";i:51;s:17:"marketing/contact";i:52;s:16:"marketing/coupon";i:53;s:19:"marketing/marketing";i:54;s:14:"module/account";i:55;s:13:"module/action";i:56;s:16:"module/affiliate";i:57;s:20:"module/amazon_button";i:58;s:19:"module/amazon_login";i:59;s:17:"module/amazon_pay";i:60;s:13:"module/banner";i:61;s:17:"module/bestseller";i:62;s:15:"module/carousel";i:63;s:15:"module/category";i:64;s:20:"module/category_home";i:65;s:22:"module/category_slider";i:66;s:19:"module/ebay_listing";i:67;s:10:"module/faq";i:68;s:15:"module/featured";i:69;s:13:"module/filter";i:70;s:22:"module/google_hangouts";i:71;s:11:"module/html";i:72;s:18:"module/information";i:73;s:17:"module/items_menu";i:74;s:25:"module/kuler_layer_slider";i:75;s:13:"module/latest";i:76;s:24:"module/manufacturer_desc";i:77;s:24:"module/manufacturer_home";i:78;s:11:"module/news";i:79;s:26:"module/newslettersubscribe";i:80;s:12:"module/posts";i:81;s:16:"module/pp_button";i:82;s:15:"module/pp_login";i:83;s:16:"module/slideshow";i:84;s:14:"module/special";i:85;s:12:"module/store";i:86;s:16:"module/thai_full";i:87;s:14:"openbay/amazon";i:88;s:22:"openbay/amazon_listing";i:89;s:22:"openbay/amazon_product";i:90;s:16:"openbay/amazonus";i:91;s:24:"openbay/amazonus_listing";i:92;s:24:"openbay/amazonus_product";i:93;s:12:"openbay/ebay";i:94;s:20:"openbay/ebay_profile";i:95;s:21:"openbay/ebay_template";i:96;s:12:"openbay/etsy";i:97;s:20:"openbay/etsy_product";i:98;s:21:"openbay/etsy_shipping";i:99;s:17:"openbay/etsy_shop";i:100;s:23:"payment/amazon_checkout";i:101;s:24:"payment/amazon_login_pay";i:102;s:24:"payment/authorizenet_aim";i:103;s:24:"payment/authorizenet_sim";i:104;s:21:"payment/bank_transfer";i:105;s:22:"payment/bluepay_hosted";i:106;s:24:"payment/bluepay_redirect";i:107;s:14:"payment/cheque";i:108;s:11:"payment/cod";i:109;s:17:"payment/firstdata";i:110;s:24:"payment/firstdata_remote";i:111;s:21:"payment/free_checkout";i:112;s:17:"payment/globalpay";i:113;s:24:"payment/globalpay_remote";i:114;s:22:"payment/klarna_account";i:115;s:22:"payment/klarna_invoice";i:116;s:14:"payment/liqpay";i:117;s:14:"payment/nochex";i:118;s:15:"payment/paymate";i:119;s:16:"payment/paypoint";i:120;s:13:"payment/payza";i:121;s:26:"payment/perpetual_payments";i:122;s:18:"payment/pp_express";i:123;s:18:"payment/pp_payflow";i:124;s:25:"payment/pp_payflow_iframe";i:125;s:14:"payment/pp_pro";i:126;s:21:"payment/pp_pro_iframe";i:127;s:19:"payment/pp_standard";i:128;s:14:"payment/realex";i:129;s:21:"payment/realex_remote";i:130;s:22:"payment/sagepay_direct";i:131;s:22:"payment/sagepay_server";i:132;s:18:"payment/sagepay_us";i:133;s:24:"payment/securetrading_pp";i:134;s:24:"payment/securetrading_ws";i:135;s:14:"payment/skrill";i:136;s:19:"payment/twocheckout";i:137;s:28:"payment/web_payment_software";i:138;s:16:"payment/worldpay";i:139;s:16:"report/affiliate";i:140;s:25:"report/affiliate_activity";i:141;s:22:"report/affiliate_login";i:142;s:24:"report/customer_activity";i:143;s:22:"report/customer_credit";i:144;s:21:"report/customer_login";i:145;s:22:"report/customer_online";i:146;s:21:"report/customer_order";i:147;s:22:"report/customer_reward";i:148;s:16:"report/marketing";i:149;s:24:"report/product_purchased";i:150;s:21:"report/product_viewed";i:151;s:18:"report/sale_coupon";i:152;s:17:"report/sale_order";i:153;s:18:"report/sale_return";i:154;s:20:"report/sale_shipping";i:155;s:15:"report/sale_tax";i:156;s:17:"sale/custom_field";i:157;s:13:"sale/customer";i:158;s:20:"sale/customer_ban_ip";i:159;s:19:"sale/customer_group";i:160;s:20:"sale/newssubscribers";i:161;s:10:"sale/order";i:162;s:14:"sale/recurring";i:163;s:11:"sale/return";i:164;s:12:"sale/voucher";i:165;s:18:"sale/voucher_theme";i:166;s:15:"setting/setting";i:167;s:13:"setting/store";i:168;s:16:"shipping/auspost";i:169;s:17:"shipping/citylink";i:170;s:14:"shipping/fedex";i:171;s:13:"shipping/flat";i:172;s:13:"shipping/free";i:173;s:13:"shipping/item";i:174;s:23:"shipping/parcelforce_48";i:175;s:15:"shipping/pickup";i:176;s:19:"shipping/royal_mail";i:177;s:12:"shipping/ups";i:178;s:13:"shipping/usps";i:179;s:15:"shipping/weight";i:180;s:11:"tool/backup";i:181;s:14:"tool/error_log";i:182;s:11:"tool/upload";i:183;s:12:"total/coupon";i:184;s:12:"total/credit";i:185;s:14:"total/handling";i:186;s:16:"total/klarna_fee";i:187;s:19:"total/low_order_fee";i:188;s:12:"total/reward";i:189;s:14:"total/shipping";i:190;s:15:"total/sub_total";i:191;s:9:"total/tax";i:192;s:11:"total/total";i:193;s:13:"total/voucher";i:194;s:8:"user/api";i:195;s:9:"user/user";i:196;s:20:"user/user_permission";}s:6:"modify";a:12:{i:0;s:12:"blog/article";i:1;s:15:"catalog/product";i:2;s:16:"extension/action";i:3;s:13:"extension/faq";i:4;s:14:"extension/feed";i:5;s:16:"extension/module";i:6;s:14:"extension/news";i:7;s:15:"extension/posts";i:8;s:15:"extension/total";i:9;s:10:"module/faq";i:10;s:11:"module/news";i:11;s:12:"module/posts";}}');

-- --------------------------------------------------------

--
-- Структура таблицы `ts_voucher`
--

CREATE TABLE IF NOT EXISTS `ts_voucher` (
  `voucher_id` int(11) NOT NULL AUTO_INCREMENT,
  `order_id` int(11) NOT NULL,
  `code` varchar(10) NOT NULL,
  `from_name` varchar(64) NOT NULL,
  `from_email` varchar(96) NOT NULL,
  `to_name` varchar(64) NOT NULL,
  `to_email` varchar(96) NOT NULL,
  `voucher_theme_id` int(11) NOT NULL,
  `message` text NOT NULL,
  `amount` decimal(15,4) NOT NULL,
  `status` tinyint(1) NOT NULL,
  `date_added` datetime NOT NULL,
  PRIMARY KEY (`voucher_id`)
) ENGINE=MyISAM DEFAULT CHARSET=utf8;

-- --------------------------------------------------------

--
-- Структура таблицы `ts_voucher_history`
--

CREATE TABLE IF NOT EXISTS `ts_voucher_history` (
  `voucher_history_id` int(11) NOT NULL AUTO_INCREMENT,
  `voucher_id` int(11) NOT NULL,
  `order_id` int(11) NOT NULL,
  `amount` decimal(15,4) NOT NULL,
  `date_added` datetime NOT NULL,
  PRIMARY KEY (`voucher_history_id`)
) ENGINE=MyISAM DEFAULT CHARSET=utf8;

-- --------------------------------------------------------

--
-- Структура таблицы `ts_voucher_theme`
--

CREATE TABLE IF NOT EXISTS `ts_voucher_theme` (
  `voucher_theme_id` int(11) NOT NULL AUTO_INCREMENT,
  `image` varchar(255) NOT NULL,
  PRIMARY KEY (`voucher_theme_id`)
) ENGINE=MyISAM AUTO_INCREMENT=9 DEFAULT CHARSET=utf8;

--
-- Дамп данных таблицы `ts_voucher_theme`
--

INSERT INTO `ts_voucher_theme` (`voucher_theme_id`, `image`) VALUES
(8, 'catalog/demo/canon_eos_5d_2.jpg'),
(7, 'catalog/demo/gift-voucher-birthday.jpg'),
(6, 'catalog/demo/apple_logo.jpg');

-- --------------------------------------------------------

--
-- Структура таблицы `ts_voucher_theme_description`
--

CREATE TABLE IF NOT EXISTS `ts_voucher_theme_description` (
  `voucher_theme_id` int(11) NOT NULL,
  `language_id` int(11) NOT NULL,
  `name` varchar(32) NOT NULL,
  PRIMARY KEY (`voucher_theme_id`,`language_id`)
) ENGINE=MyISAM DEFAULT CHARSET=utf8;

--
-- Дамп данных таблицы `ts_voucher_theme_description`
--

INSERT INTO `ts_voucher_theme_description` (`voucher_theme_id`, `language_id`, `name`) VALUES
(6, 2, 'Christmas'),
(7, 2, 'Birthday'),
(8, 2, 'General');

-- --------------------------------------------------------

--
-- Структура таблицы `ts_weight_class`
--

CREATE TABLE IF NOT EXISTS `ts_weight_class` (
  `weight_class_id` int(11) NOT NULL AUTO_INCREMENT,
  `value` decimal(15,8) NOT NULL DEFAULT '0.00000000',
  PRIMARY KEY (`weight_class_id`)
) ENGINE=MyISAM AUTO_INCREMENT=8 DEFAULT CHARSET=utf8;

--
-- Дамп данных таблицы `ts_weight_class`
--

INSERT INTO `ts_weight_class` (`weight_class_id`, `value`) VALUES
(7, '1.00000000');

-- --------------------------------------------------------

--
-- Структура таблицы `ts_weight_class_description`
--

CREATE TABLE IF NOT EXISTS `ts_weight_class_description` (
  `weight_class_id` int(11) NOT NULL AUTO_INCREMENT,
  `language_id` int(11) NOT NULL,
  `title` varchar(32) NOT NULL,
  `unit` varchar(4) NOT NULL,
  PRIMARY KEY (`weight_class_id`,`language_id`)
) ENGINE=MyISAM AUTO_INCREMENT=8 DEFAULT CHARSET=utf8;

--
-- Дамп данных таблицы `ts_weight_class_description`
--

INSERT INTO `ts_weight_class_description` (`weight_class_id`, `language_id`, `title`, `unit`) VALUES
(7, 2, 'Миллилитр', 'мл');

-- --------------------------------------------------------

--
-- Структура таблицы `ts_zone`
--

CREATE TABLE IF NOT EXISTS `ts_zone` (
  `zone_id` int(11) NOT NULL AUTO_INCREMENT,
  `country_id` int(11) NOT NULL,
  `name` varchar(128) NOT NULL,
  `code` varchar(32) NOT NULL,
  `status` tinyint(1) NOT NULL DEFAULT '1',
  PRIMARY KEY (`zone_id`)
) ENGINE=MyISAM AUTO_INCREMENT=4225 DEFAULT CHARSET=utf8;

--
-- Дамп данных таблицы `ts_zone`
--

INSERT INTO `ts_zone` (`zone_id`, `country_id`, `name`, `code`, `status`) VALUES
(1, 1, 'Badakhshan', 'BDS', 1),
(2, 1, 'Badghis', 'BDG', 1),
(3, 1, 'Baghlan', 'BGL', 1),
(4, 1, 'Balkh', 'BAL', 1),
(5, 1, 'Bamian', 'BAM', 1),
(6, 1, 'Farah', 'FRA', 1),
(7, 1, 'Faryab', 'FYB', 1),
(8, 1, 'Ghazni', 'GHA', 1),
(9, 1, 'Ghowr', 'GHO', 1),
(10, 1, 'Helmand', 'HEL', 1),
(11, 1, 'Herat', 'HER', 1),
(12, 1, 'Jowzjan', 'JOW', 1),
(13, 1, 'Kabul', 'KAB', 1),
(14, 1, 'Kandahar', 'KAN', 1),
(15, 1, 'Kapisa', 'KAP', 1),
(16, 1, 'Khost', 'KHO', 1),
(17, 1, 'Konar', 'KNR', 1),
(18, 1, 'Kondoz', 'KDZ', 1),
(19, 1, 'Laghman', 'LAG', 1),
(20, 1, 'Lowgar', 'LOW', 1),
(21, 1, 'Nangrahar', 'NAN', 1),
(22, 1, 'Nimruz', 'NIM', 1),
(23, 1, 'Nurestan', 'NUR', 1),
(24, 1, 'Oruzgan', 'ORU', 1),
(25, 1, 'Paktia', 'PIA', 1),
(26, 1, 'Paktika', 'PKA', 1),
(27, 1, 'Parwan', 'PAR', 1),
(28, 1, 'Samangan', 'SAM', 1),
(29, 1, 'Sar-e Pol', 'SAR', 1),
(30, 1, 'Takhar', 'TAK', 1),
(31, 1, 'Wardak', 'WAR', 1),
(32, 1, 'Zabol', 'ZAB', 1),
(33, 2, 'Berat', 'BR', 1),
(34, 2, 'Bulqize', 'BU', 1),
(35, 2, 'Delvine', 'DL', 1),
(36, 2, 'Devoll', 'DV', 1),
(37, 2, 'Diber', 'DI', 1),
(38, 2, 'Durres', 'DR', 1),
(39, 2, 'Elbasan', 'EL', 1),
(40, 2, 'Kolonje', 'ER', 1),
(41, 2, 'Fier', 'FR', 1),
(42, 2, 'Gjirokaster', 'GJ', 1),
(43, 2, 'Gramsh', 'GR', 1),
(44, 2, 'Has', 'HA', 1),
(45, 2, 'Kavaje', 'KA', 1),
(46, 2, 'Kurbin', 'KB', 1),
(47, 2, 'Kucove', 'KC', 1),
(48, 2, 'Korce', 'KO', 1),
(49, 2, 'Kruje', 'KR', 1),
(50, 2, 'Kukes', 'KU', 1),
(51, 2, 'Librazhd', 'LB', 1),
(52, 2, 'Lezhe', 'LE', 1),
(53, 2, 'Lushnje', 'LU', 1),
(54, 2, 'Malesi e Madhe', 'MM', 1),
(55, 2, 'Mallakaster', 'MK', 1),
(56, 2, 'Mat', 'MT', 1),
(57, 2, 'Mirdite', 'MR', 1),
(58, 2, 'Peqin', 'PQ', 1),
(59, 2, 'Permet', 'PR', 1),
(60, 2, 'Pogradec', 'PG', 1),
(61, 2, 'Puke', 'PU', 1),
(62, 2, 'Shkoder', 'SH', 1),
(63, 2, 'Skrapar', 'SK', 1),
(64, 2, 'Sarande', 'SR', 1),
(65, 2, 'Tepelene', 'TE', 1),
(66, 2, 'Tropoje', 'TP', 1),
(67, 2, 'Tirane', 'TR', 1),
(68, 2, 'Vlore', 'VL', 1),
(69, 3, 'Adrar', 'ADR', 1),
(70, 3, 'Ain Defla', 'ADE', 1),
(71, 3, 'Ain Temouchent', 'ATE', 1),
(72, 3, 'Alger', 'ALG', 1),
(73, 3, 'Annaba', 'ANN', 1),
(74, 3, 'Batna', 'BAT', 1),
(75, 3, 'Bechar', 'BEC', 1),
(76, 3, 'Bejaia', 'BEJ', 1),
(77, 3, 'Biskra', 'BIS', 1),
(78, 3, 'Blida', 'BLI', 1),
(79, 3, 'Bordj Bou Arreridj', 'BBA', 1),
(80, 3, 'Bouira', 'BOA', 1),
(81, 3, 'Boumerdes', 'BMD', 1),
(82, 3, 'Chlef', 'CHL', 1),
(83, 3, 'Constantine', 'CON', 1),
(84, 3, 'Djelfa', 'DJE', 1),
(85, 3, 'El Bayadh', 'EBA', 1),
(86, 3, 'El Oued', 'EOU', 1),
(87, 3, 'El Tarf', 'ETA', 1),
(88, 3, 'Ghardaia', 'GHA', 1),
(89, 3, 'Guelma', 'GUE', 1),
(90, 3, 'Illizi', 'ILL', 1),
(91, 3, 'Jijel', 'JIJ', 1),
(92, 3, 'Khenchela', 'KHE', 1),
(93, 3, 'Laghouat', 'LAG', 1),
(94, 3, 'Muaskar', 'MUA', 1),
(95, 3, 'Medea', 'MED', 1),
(96, 3, 'Mila', 'MIL', 1),
(97, 3, 'Mostaganem', 'MOS', 1),
(98, 3, 'M\'Sila', 'MSI', 1),
(99, 3, 'Naama', 'NAA', 1),
(100, 3, 'Oran', 'ORA', 1),
(101, 3, 'Ouargla', 'OUA', 1),
(102, 3, 'Oum el-Bouaghi', 'OEB', 1),
(103, 3, 'Relizane', 'REL', 1),
(104, 3, 'Saida', 'SAI', 1),
(105, 3, 'Setif', 'SET', 1),
(106, 3, 'Sidi Bel Abbes', 'SBA', 1),
(107, 3, 'Skikda', 'SKI', 1),
(108, 3, 'Souk Ahras', 'SAH', 1),
(109, 3, 'Tamanghasset', 'TAM', 1),
(110, 3, 'Tebessa', 'TEB', 1),
(111, 3, 'Tiaret', 'TIA', 1),
(112, 3, 'Tindouf', 'TIN', 1),
(113, 3, 'Tipaza', 'TIP', 1),
(114, 3, 'Tissemsilt', 'TIS', 1),
(115, 3, 'Tizi Ouzou', 'TOU', 1),
(116, 3, 'Tlemcen', 'TLE', 1),
(117, 4, 'Eastern', 'E', 1),
(118, 4, 'Manu\'a', 'M', 1),
(119, 4, 'Rose Island', 'R', 1),
(120, 4, 'Swains Island', 'S', 1),
(121, 4, 'Western', 'W', 1),
(122, 5, 'Andorra la Vella', 'ALV', 1),
(123, 5, 'Canillo', 'CAN', 1),
(124, 5, 'Encamp', 'ENC', 1),
(125, 5, 'Escaldes-Engordany', 'ESE', 1),
(126, 5, 'La Massana', 'LMA', 1),
(127, 5, 'Ordino', 'ORD', 1),
(128, 5, 'Sant Julia de Loria', 'SJL', 1),
(129, 6, 'Bengo', 'BGO', 1),
(130, 6, 'Benguela', 'BGU', 1),
(131, 6, 'Bie', 'BIE', 1),
(132, 6, 'Cabinda', 'CAB', 1),
(133, 6, 'Cuando-Cubango', 'CCU', 1),
(134, 6, 'Cuanza Norte', 'CNO', 1),
(135, 6, 'Cuanza Sul', 'CUS', 1),
(136, 6, 'Cunene', 'CNN', 1),
(137, 6, 'Huambo', 'HUA', 1),
(138, 6, 'Huila', 'HUI', 1),
(139, 6, 'Luanda', 'LUA', 1),
(140, 6, 'Lunda Norte', 'LNO', 1),
(141, 6, 'Lunda Sul', 'LSU', 1),
(142, 6, 'Malange', 'MAL', 1),
(143, 6, 'Moxico', 'MOX', 1),
(144, 6, 'Namibe', 'NAM', 1),
(145, 6, 'Uige', 'UIG', 1),
(146, 6, 'Zaire', 'ZAI', 1),
(147, 9, 'Saint George', 'ASG', 1),
(148, 9, 'Saint John', 'ASJ', 1),
(149, 9, 'Saint Mary', 'ASM', 1),
(150, 9, 'Saint Paul', 'ASL', 1),
(151, 9, 'Saint Peter', 'ASR', 1),
(152, 9, 'Saint Philip', 'ASH', 1),
(153, 9, 'Barbuda', 'BAR', 1),
(154, 9, 'Redonda', 'RED', 1),
(155, 10, 'Antartida e Islas del Atlantico', 'AN', 1),
(156, 10, 'Buenos Aires', 'BA', 1),
(157, 10, 'Catamarca', 'CA', 1),
(158, 10, 'Chaco', 'CH', 1),
(159, 10, 'Chubut', 'CU', 1),
(160, 10, 'Cordoba', 'CO', 1),
(161, 10, 'Corrientes', 'CR', 1),
(162, 10, 'Distrito Federal', 'DF', 1),
(163, 10, 'Entre Rios', 'ER', 1),
(164, 10, 'Formosa', 'FO', 1),
(165, 10, 'Jujuy', 'JU', 1),
(166, 10, 'La Pampa', 'LP', 1),
(167, 10, 'La Rioja', 'LR', 1),
(168, 10, 'Mendoza', 'ME', 1),
(169, 10, 'Misiones', 'MI', 1),
(170, 10, 'Neuquen', 'NE', 1),
(171, 10, 'Rio Negro', 'RN', 1),
(172, 10, 'Salta', 'SA', 1),
(173, 10, 'San Juan', 'SJ', 1),
(174, 10, 'San Luis', 'SL', 1),
(175, 10, 'Santa Cruz', 'SC', 1),
(176, 10, 'Santa Fe', 'SF', 1),
(177, 10, 'Santiago del Estero', 'SD', 1),
(178, 10, 'Tierra del Fuego', 'TF', 1),
(179, 10, 'Tucuman', 'TU', 1),
(180, 11, 'Aragatsotn', 'AGT', 1),
(181, 11, 'Ararat', 'ARR', 1),
(182, 11, 'Armavir', 'ARM', 1),
(183, 11, 'Geghark\'unik\'', 'GEG', 1),
(184, 11, 'Kotayk\'', 'KOT', 1),
(185, 11, 'Lorri', 'LOR', 1),
(186, 11, 'Shirak', 'SHI', 1),
(187, 11, 'Syunik\'', 'SYU', 1),
(188, 11, 'Tavush', 'TAV', 1),
(189, 11, 'Vayots\' Dzor', 'VAY', 1),
(190, 11, 'Yerevan', 'YER', 1),
(191, 13, 'Australian Capital Territory', 'ACT', 1),
(192, 13, 'New South Wales', 'NSW', 1),
(193, 13, 'Northern Territory', 'NT', 1),
(194, 13, 'Queensland', 'QLD', 1),
(195, 13, 'South Australia', 'SA', 1),
(196, 13, 'Tasmania', 'TAS', 1),
(197, 13, 'Victoria', 'VIC', 1),
(198, 13, 'Western Australia', 'WA', 1),
(199, 14, 'Burgenland', 'BUR', 1),
(200, 14, 'Kärnten', 'KAR', 1),
(201, 14, 'Nieder&ouml;sterreich', 'NOS', 1),
(202, 14, 'Ober&ouml;sterreich', 'OOS', 1),
(203, 14, 'Salzburg', 'SAL', 1),
(204, 14, 'Steiermark', 'STE', 1),
(205, 14, 'Tirol', 'TIR', 1),
(206, 14, 'Vorarlberg', 'VOR', 1),
(207, 14, 'Wien', 'WIE', 1),
(208, 15, 'Ali Bayramli', 'AB', 1),
(209, 15, 'Abseron', 'ABS', 1),
(210, 15, 'AgcabAdi', 'AGC', 1),
(211, 15, 'Agdam', 'AGM', 1),
(212, 15, 'Agdas', 'AGS', 1),
(213, 15, 'Agstafa', 'AGA', 1),
(214, 15, 'Agsu', 'AGU', 1),
(215, 15, 'Astara', 'AST', 1),
(216, 15, 'Baki', 'BA', 1),
(217, 15, 'BabAk', 'BAB', 1),
(218, 15, 'BalakAn', 'BAL', 1),
(219, 15, 'BArdA', 'BAR', 1),
(220, 15, 'Beylaqan', 'BEY', 1),
(221, 15, 'Bilasuvar', 'BIL', 1),
(222, 15, 'Cabrayil', 'CAB', 1),
(223, 15, 'Calilabab', 'CAL', 1),
(224, 15, 'Culfa', 'CUL', 1),
(225, 15, 'Daskasan', 'DAS', 1),
(226, 15, 'Davaci', 'DAV', 1),
(227, 15, 'Fuzuli', 'FUZ', 1),
(228, 15, 'Ganca', 'GA', 1),
(229, 15, 'Gadabay', 'GAD', 1),
(230, 15, 'Goranboy', 'GOR', 1),
(231, 15, 'Goycay', 'GOY', 1),
(232, 15, 'Haciqabul', 'HAC', 1),
(233, 15, 'Imisli', 'IMI', 1),
(234, 15, 'Ismayilli', 'ISM', 1),
(235, 15, 'Kalbacar', 'KAL', 1),
(236, 15, 'Kurdamir', 'KUR', 1),
(237, 15, 'Lankaran', 'LA', 1),
(238, 15, 'Lacin', 'LAC', 1),
(239, 15, 'Lankaran', 'LAN', 1),
(240, 15, 'Lerik', 'LER', 1),
(241, 15, 'Masalli', 'MAS', 1),
(242, 15, 'Mingacevir', 'MI', 1),
(243, 15, 'Naftalan', 'NA', 1),
(244, 15, 'Neftcala', 'NEF', 1),
(245, 15, 'Oguz', 'OGU', 1),
(246, 15, 'Ordubad', 'ORD', 1),
(247, 15, 'Qabala', 'QAB', 1),
(248, 15, 'Qax', 'QAX', 1),
(249, 15, 'Qazax', 'QAZ', 1),
(250, 15, 'Qobustan', 'QOB', 1),
(251, 15, 'Quba', 'QBA', 1),
(252, 15, 'Qubadli', 'QBI', 1),
(253, 15, 'Qusar', 'QUS', 1),
(254, 15, 'Saki', 'SA', 1),
(255, 15, 'Saatli', 'SAT', 1),
(256, 15, 'Sabirabad', 'SAB', 1),
(257, 15, 'Sadarak', 'SAD', 1),
(258, 15, 'Sahbuz', 'SAH', 1),
(259, 15, 'Saki', 'SAK', 1),
(260, 15, 'Salyan', 'SAL', 1),
(261, 15, 'Sumqayit', 'SM', 1),
(262, 15, 'Samaxi', 'SMI', 1),
(263, 15, 'Samkir', 'SKR', 1),
(264, 15, 'Samux', 'SMX', 1),
(265, 15, 'Sarur', 'SAR', 1),
(266, 15, 'Siyazan', 'SIY', 1),
(267, 15, 'Susa', 'SS', 1),
(268, 15, 'Susa', 'SUS', 1),
(269, 15, 'Tartar', 'TAR', 1),
(270, 15, 'Tovuz', 'TOV', 1),
(271, 15, 'Ucar', 'UCA', 1),
(272, 15, 'Xankandi', 'XA', 1),
(273, 15, 'Xacmaz', 'XAC', 1),
(274, 15, 'Xanlar', 'XAN', 1),
(275, 15, 'Xizi', 'XIZ', 1),
(276, 15, 'Xocali', 'XCI', 1),
(277, 15, 'Xocavand', 'XVD', 1),
(278, 15, 'Yardimli', 'YAR', 1),
(279, 15, 'Yevlax', 'YEV', 1),
(280, 15, 'Zangilan', 'ZAN', 1),
(281, 15, 'Zaqatala', 'ZAQ', 1),
(282, 15, 'Zardab', 'ZAR', 1),
(283, 15, 'Naxcivan', 'NX', 1),
(284, 16, 'Acklins', 'ACK', 1),
(285, 16, 'Berry Islands', 'BER', 1),
(286, 16, 'Bimini', 'BIM', 1),
(287, 16, 'Black Point', 'BLK', 1),
(288, 16, 'Cat Island', 'CAT', 1),
(289, 16, 'Central Abaco', 'CAB', 1),
(290, 16, 'Central Andros', 'CAN', 1),
(291, 16, 'Central Eleuthera', 'CEL', 1),
(292, 16, 'City of Freeport', 'FRE', 1),
(293, 16, 'Crooked Island', 'CRO', 1),
(294, 16, 'East Grand Bahama', 'EGB', 1),
(295, 16, 'Exuma', 'EXU', 1),
(296, 16, 'Grand Cay', 'GRD', 1),
(297, 16, 'Harbour Island', 'HAR', 1),
(298, 16, 'Hope Town', 'HOP', 1),
(299, 16, 'Inagua', 'INA', 1),
(300, 16, 'Long Island', 'LNG', 1),
(301, 16, 'Mangrove Cay', 'MAN', 1),
(302, 16, 'Mayaguana', 'MAY', 1),
(303, 16, 'Moore\'s Island', 'MOO', 1),
(304, 16, 'North Abaco', 'NAB', 1),
(305, 16, 'North Andros', 'NAN', 1),
(306, 16, 'North Eleuthera', 'NEL', 1),
(307, 16, 'Ragged Island', 'RAG', 1),
(308, 16, 'Rum Cay', 'RUM', 1),
(309, 16, 'San Salvador', 'SAL', 1),
(310, 16, 'South Abaco', 'SAB', 1),
(311, 16, 'South Andros', 'SAN', 1),
(312, 16, 'South Eleuthera', 'SEL', 1),
(313, 16, 'Spanish Wells', 'SWE', 1),
(314, 16, 'West Grand Bahama', 'WGB', 1),
(315, 17, 'Capital', 'CAP', 1),
(316, 17, 'Central', 'CEN', 1),
(317, 17, 'Muharraq', 'MUH', 1),
(318, 17, 'Northern', 'NOR', 1),
(319, 17, 'Southern', 'SOU', 1),
(320, 18, 'Barisal', 'BAR', 1),
(321, 18, 'Chittagong', 'CHI', 1),
(322, 18, 'Dhaka', 'DHA', 1),
(323, 18, 'Khulna', 'KHU', 1),
(324, 18, 'Rajshahi', 'RAJ', 1),
(325, 18, 'Sylhet', 'SYL', 1),
(326, 19, 'Christ Church', 'CC', 1),
(327, 19, 'Saint Andrew', 'AND', 1),
(328, 19, 'Saint George', 'GEO', 1),
(329, 19, 'Saint James', 'JAM', 1),
(330, 19, 'Saint John', 'JOH', 1),
(331, 19, 'Saint Joseph', 'JOS', 1),
(332, 19, 'Saint Lucy', 'LUC', 1),
(333, 19, 'Saint Michael', 'MIC', 1),
(334, 19, 'Saint Peter', 'PET', 1),
(335, 19, 'Saint Philip', 'PHI', 1),
(336, 19, 'Saint Thomas', 'THO', 1),
(337, 20, 'Brestskaya (Brest)', 'BR', 1),
(338, 20, 'Homyel\'skaya (Homyel\')', 'HO', 1),
(339, 20, 'Horad Minsk', 'HM', 1),
(340, 20, 'Hrodzyenskaya (Hrodna)', 'HR', 1),
(341, 20, 'Mahilyowskaya (Mahilyow)', 'MA', 1),
(342, 20, 'Minskaya', 'MI', 1),
(343, 20, 'Vitsyebskaya (Vitsyebsk)', 'VI', 1),
(344, 21, 'Antwerpen', 'VAN', 1),
(345, 21, 'Brabant Wallon', 'WBR', 1),
(346, 21, 'Hainaut', 'WHT', 1),
(347, 21, 'Liège', 'WLG', 1),
(348, 21, 'Limburg', 'VLI', 1),
(349, 21, 'Luxembourg', 'WLX', 1),
(350, 21, 'Namur', 'WNA', 1),
(351, 21, 'Oost-Vlaanderen', 'VOV', 1),
(352, 21, 'Vlaams Brabant', 'VBR', 1),
(353, 21, 'West-Vlaanderen', 'VWV', 1),
(354, 22, 'Belize', 'BZ', 1),
(355, 22, 'Cayo', 'CY', 1),
(356, 22, 'Corozal', 'CR', 1),
(357, 22, 'Orange Walk', 'OW', 1),
(358, 22, 'Stann Creek', 'SC', 1),
(359, 22, 'Toledo', 'TO', 1),
(360, 23, 'Alibori', 'AL', 1),
(361, 23, 'Atakora', 'AK', 1),
(362, 23, 'Atlantique', 'AQ', 1),
(363, 23, 'Borgou', 'BO', 1),
(364, 23, 'Collines', 'CO', 1),
(365, 23, 'Donga', 'DO', 1),
(366, 23, 'Kouffo', 'KO', 1),
(367, 23, 'Littoral', 'LI', 1),
(368, 23, 'Mono', 'MO', 1),
(369, 23, 'Oueme', 'OU', 1),
(370, 23, 'Plateau', 'PL', 1),
(371, 23, 'Zou', 'ZO', 1),
(372, 24, 'Devonshire', 'DS', 1),
(373, 24, 'Hamilton City', 'HC', 1),
(374, 24, 'Hamilton', 'HA', 1),
(375, 24, 'Paget', 'PG', 1),
(376, 24, 'Pembroke', 'PB', 1),
(377, 24, 'Saint George City', 'GC', 1),
(378, 24, 'Saint George\'s', 'SG', 1),
(379, 24, 'Sandys', 'SA', 1),
(380, 24, 'Smith\'s', 'SM', 1),
(381, 24, 'Southampton', 'SH', 1),
(382, 24, 'Warwick', 'WA', 1),
(383, 25, 'Bumthang', 'BUM', 1),
(384, 25, 'Chukha', 'CHU', 1),
(385, 25, 'Dagana', 'DAG', 1),
(386, 25, 'Gasa', 'GAS', 1),
(387, 25, 'Haa', 'HAA', 1),
(388, 25, 'Lhuntse', 'LHU', 1),
(389, 25, 'Mongar', 'MON', 1),
(390, 25, 'Paro', 'PAR', 1),
(391, 25, 'Pemagatshel', 'PEM', 1),
(392, 25, 'Punakha', 'PUN', 1),
(393, 25, 'Samdrup Jongkhar', 'SJO', 1),
(394, 25, 'Samtse', 'SAT', 1),
(395, 25, 'Sarpang', 'SAR', 1),
(396, 25, 'Thimphu', 'THI', 1),
(397, 25, 'Trashigang', 'TRG', 1),
(398, 25, 'Trashiyangste', 'TRY', 1),
(399, 25, 'Trongsa', 'TRO', 1),
(400, 25, 'Tsirang', 'TSI', 1),
(401, 25, 'Wangdue Phodrang', 'WPH', 1),
(402, 25, 'Zhemgang', 'ZHE', 1),
(403, 26, 'Beni', 'BEN', 1),
(404, 26, 'Chuquisaca', 'CHU', 1),
(405, 26, 'Cochabamba', 'COC', 1),
(406, 26, 'La Paz', 'LPZ', 1),
(407, 26, 'Oruro', 'ORU', 1),
(408, 26, 'Pando', 'PAN', 1),
(409, 26, 'Potosi', 'POT', 1),
(410, 26, 'Santa Cruz', 'SCZ', 1),
(411, 26, 'Tarija', 'TAR', 1),
(412, 27, 'Brcko district', 'BRO', 1),
(413, 27, 'Unsko-Sanski Kanton', 'FUS', 1),
(414, 27, 'Posavski Kanton', 'FPO', 1),
(415, 27, 'Tuzlanski Kanton', 'FTU', 1),
(416, 27, 'Zenicko-Dobojski Kanton', 'FZE', 1),
(417, 27, 'Bosanskopodrinjski Kanton', 'FBP', 1),
(418, 27, 'Srednjebosanski Kanton', 'FSB', 1),
(419, 27, 'Hercegovacko-neretvanski Kanton', 'FHN', 1),
(420, 27, 'Zapadnohercegovacka Zupanija', 'FZH', 1),
(421, 27, 'Kanton Sarajevo', 'FSA', 1),
(422, 27, 'Zapadnobosanska', 'FZA', 1),
(423, 27, 'Banja Luka', 'SBL', 1),
(424, 27, 'Doboj', 'SDO', 1),
(425, 27, 'Bijeljina', 'SBI', 1),
(426, 27, 'Vlasenica', 'SVL', 1),
(427, 27, 'Sarajevo-Romanija or Sokolac', 'SSR', 1),
(428, 27, 'Foca', 'SFO', 1),
(429, 27, 'Trebinje', 'STR', 1),
(430, 28, 'Central', 'CE', 1),
(431, 28, 'Ghanzi', 'GH', 1),
(432, 28, 'Kgalagadi', 'KD', 1),
(433, 28, 'Kgatleng', 'KT', 1),
(434, 28, 'Kweneng', 'KW', 1),
(435, 28, 'Ngamiland', 'NG', 1),
(436, 28, 'North East', 'NE', 1),
(437, 28, 'North West', 'NW', 1),
(438, 28, 'South East', 'SE', 1),
(439, 28, 'Southern', 'SO', 1),
(440, 30, 'Acre', 'AC', 1),
(441, 30, 'Alagoas', 'AL', 1),
(442, 30, 'Amapá', 'AP', 1),
(443, 30, 'Amazonas', 'AM', 1),
(444, 30, 'Bahia', 'BA', 1),
(445, 30, 'Ceará', 'CE', 1),
(446, 30, 'Distrito Federal', 'DF', 1),
(447, 30, 'Espírito Santo', 'ES', 1),
(448, 30, 'Goiás', 'GO', 1),
(449, 30, 'Maranhão', 'MA', 1),
(450, 30, 'Mato Grosso', 'MT', 1),
(451, 30, 'Mato Grosso do Sul', 'MS', 1),
(452, 30, 'Minas Gerais', 'MG', 1),
(453, 30, 'Pará', 'PA', 1),
(454, 30, 'Paraíba', 'PB', 1),
(455, 30, 'Paraná', 'PR', 1),
(456, 30, 'Pernambuco', 'PE', 1),
(457, 30, 'Piauí', 'PI', 1),
(458, 30, 'Rio de Janeiro', 'RJ', 1),
(459, 30, 'Rio Grande do Norte', 'RN', 1),
(460, 30, 'Rio Grande do Sul', 'RS', 1),
(461, 30, 'Rondônia', 'RO', 1),
(462, 30, 'Roraima', 'RR', 1),
(463, 30, 'Santa Catarina', 'SC', 1),
(464, 30, 'São Paulo', 'SP', 1),
(465, 30, 'Sergipe', 'SE', 1),
(466, 30, 'Tocantins', 'TO', 1),
(467, 31, 'Peros Banhos', 'PB', 1),
(468, 31, 'Salomon Islands', 'SI', 1),
(469, 31, 'Nelsons Island', 'NI', 1),
(470, 31, 'Three Brothers', 'TB', 1),
(471, 31, 'Eagle Islands', 'EA', 1),
(472, 31, 'Danger Island', 'DI', 1),
(473, 31, 'Egmont Islands', 'EG', 1),
(474, 31, 'Diego Garcia', 'DG', 1),
(475, 32, 'Belait', 'BEL', 1),
(476, 32, 'Brunei and Muara', 'BRM', 1),
(477, 32, 'Temburong', 'TEM', 1),
(478, 32, 'Tutong', 'TUT', 1),
(479, 33, 'Blagoevgrad', '', 1),
(480, 33, 'Burgas', '', 1),
(481, 33, 'Dobrich', '', 1),
(482, 33, 'Gabrovo', '', 1),
(483, 33, 'Haskovo', '', 1),
(484, 33, 'Kardjali', '', 1),
(485, 33, 'Kyustendil', '', 1),
(486, 33, 'Lovech', '', 1),
(487, 33, 'Montana', '', 1),
(488, 33, 'Pazardjik', '', 1),
(489, 33, 'Pernik', '', 1),
(490, 33, 'Pleven', '', 1),
(491, 33, 'Plovdiv', '', 1),
(492, 33, 'Razgrad', '', 1),
(493, 33, 'Shumen', '', 1),
(494, 33, 'Silistra', '', 1),
(495, 33, 'Sliven', '', 1),
(496, 33, 'Smolyan', '', 1),
(497, 33, 'Sofia', '', 1),
(498, 33, 'Sofia - town', '', 1),
(499, 33, 'Stara Zagora', '', 1),
(500, 33, 'Targovishte', '', 1),
(501, 33, 'Varna', '', 1),
(502, 33, 'Veliko Tarnovo', '', 1),
(503, 33, 'Vidin', '', 1),
(504, 33, 'Vratza', '', 1),
(505, 33, 'Yambol', '', 1),
(506, 34, 'Bale', 'BAL', 1),
(507, 34, 'Bam', 'BAM', 1),
(508, 34, 'Banwa', 'BAN', 1),
(509, 34, 'Bazega', 'BAZ', 1),
(510, 34, 'Bougouriba', 'BOR', 1),
(511, 34, 'Boulgou', 'BLG', 1),
(512, 34, 'Boulkiemde', 'BOK', 1),
(513, 34, 'Comoe', 'COM', 1),
(514, 34, 'Ganzourgou', 'GAN', 1),
(515, 34, 'Gnagna', 'GNA', 1),
(516, 34, 'Gourma', 'GOU', 1),
(517, 34, 'Houet', 'HOU', 1),
(518, 34, 'Ioba', 'IOA', 1),
(519, 34, 'Kadiogo', 'KAD', 1),
(520, 34, 'Kenedougou', 'KEN', 1),
(521, 34, 'Komondjari', 'KOD', 1),
(522, 34, 'Kompienga', 'KOP', 1),
(523, 34, 'Kossi', 'KOS', 1),
(524, 34, 'Koulpelogo', 'KOL', 1),
(525, 34, 'Kouritenga', 'KOT', 1),
(526, 34, 'Kourweogo', 'KOW', 1),
(527, 34, 'Leraba', 'LER', 1),
(528, 34, 'Loroum', 'LOR', 1),
(529, 34, 'Mouhoun', 'MOU', 1),
(530, 34, 'Nahouri', 'NAH', 1),
(531, 34, 'Namentenga', 'NAM', 1),
(532, 34, 'Nayala', 'NAY', 1),
(533, 34, 'Noumbiel', 'NOU', 1),
(534, 34, 'Oubritenga', 'OUB', 1),
(535, 34, 'Oudalan', 'OUD', 1),
(536, 34, 'Passore', 'PAS', 1),
(537, 34, 'Poni', 'PON', 1),
(538, 34, 'Sanguie', 'SAG', 1),
(539, 34, 'Sanmatenga', 'SAM', 1),
(540, 34, 'Seno', 'SEN', 1),
(541, 34, 'Sissili', 'SIS', 1),
(542, 34, 'Soum', 'SOM', 1),
(543, 34, 'Sourou', 'SOR', 1),
(544, 34, 'Tapoa', 'TAP', 1),
(545, 34, 'Tuy', 'TUY', 1),
(546, 34, 'Yagha', 'YAG', 1),
(547, 34, 'Yatenga', 'YAT', 1),
(548, 34, 'Ziro', 'ZIR', 1),
(549, 34, 'Zondoma', 'ZOD', 1),
(550, 34, 'Zoundweogo', 'ZOW', 1),
(551, 35, 'Bubanza', 'BB', 1),
(552, 35, 'Bujumbura', 'BJ', 1),
(553, 35, 'Bururi', 'BR', 1),
(554, 35, 'Cankuzo', 'CA', 1),
(555, 35, 'Cibitoke', 'CI', 1),
(556, 35, 'Gitega', 'GI', 1),
(557, 35, 'Karuzi', 'KR', 1),
(558, 35, 'Kayanza', 'KY', 1),
(559, 35, 'Kirundo', 'KI', 1),
(560, 35, 'Makamba', 'MA', 1),
(561, 35, 'Muramvya', 'MU', 1),
(562, 35, 'Muyinga', 'MY', 1),
(563, 35, 'Mwaro', 'MW', 1),
(564, 35, 'Ngozi', 'NG', 1),
(565, 35, 'Rutana', 'RT', 1),
(566, 35, 'Ruyigi', 'RY', 1),
(567, 36, 'Phnom Penh', 'PP', 1),
(568, 36, 'Preah Seihanu (Kompong Som or Sihanoukville)', 'PS', 1),
(569, 36, 'Pailin', 'PA', 1),
(570, 36, 'Keb', 'KB', 1),
(571, 36, 'Banteay Meanchey', 'BM', 1),
(572, 36, 'Battambang', 'BA', 1),
(573, 36, 'Kampong Cham', 'KM', 1),
(574, 36, 'Kampong Chhnang', 'KN', 1),
(575, 36, 'Kampong Speu', 'KU', 1),
(576, 36, 'Kampong Som', 'KO', 1),
(577, 36, 'Kampong Thom', 'KT', 1),
(578, 36, 'Kampot', 'KP', 1),
(579, 36, 'Kandal', 'KL', 1),
(580, 36, 'Kaoh Kong', 'KK', 1),
(581, 36, 'Kratie', 'KR', 1),
(582, 36, 'Mondul Kiri', 'MK', 1),
(583, 36, 'Oddar Meancheay', 'OM', 1),
(584, 36, 'Pursat', 'PU', 1),
(585, 36, 'Preah Vihear', 'PR', 1),
(586, 36, 'Prey Veng', 'PG', 1),
(587, 36, 'Ratanak Kiri', 'RK', 1),
(588, 36, 'Siemreap', 'SI', 1),
(589, 36, 'Stung Treng', 'ST', 1),
(590, 36, 'Svay Rieng', 'SR', 1),
(591, 36, 'Takeo', 'TK', 1),
(592, 37, 'Adamawa (Adamaoua)', 'ADA', 1),
(593, 37, 'Centre', 'CEN', 1),
(594, 37, 'East (Est)', 'EST', 1),
(595, 37, 'Extreme North (Extreme-Nord)', 'EXN', 1),
(596, 37, 'Littoral', 'LIT', 1),
(597, 37, 'North (Nord)', 'NOR', 1),
(598, 37, 'Northwest (Nord-Ouest)', 'NOT', 1),
(599, 37, 'West (Ouest)', 'OUE', 1),
(600, 37, 'South (Sud)', 'SUD', 1),
(601, 37, 'Southwest (Sud-Ouest).', 'SOU', 1),
(602, 38, 'Alberta', 'AB', 1),
(603, 38, 'British Columbia', 'BC', 1),
(604, 38, 'Manitoba', 'MB', 1),
(605, 38, 'New Brunswick', 'NB', 1),
(606, 38, 'Newfoundland and Labrador', 'NL', 1),
(607, 38, 'Northwest Territories', 'NT', 1),
(608, 38, 'Nova Scotia', 'NS', 1),
(609, 38, 'Nunavut', 'NU', 1),
(610, 38, 'Ontario', 'ON', 1),
(611, 38, 'Prince Edward Island', 'PE', 1),
(612, 38, 'Qu&eacute;bec', 'QC', 1),
(613, 38, 'Saskatchewan', 'SK', 1),
(614, 38, 'Yukon Territory', 'YT', 1),
(615, 39, 'Boa Vista', 'BV', 1),
(616, 39, 'Brava', 'BR', 1),
(617, 39, 'Calheta de Sao Miguel', 'CS', 1),
(618, 39, 'Maio', 'MA', 1),
(619, 39, 'Mosteiros', 'MO', 1),
(620, 39, 'Paul', 'PA', 1),
(621, 39, 'Porto Novo', 'PN', 1),
(622, 39, 'Praia', 'PR', 1),
(623, 39, 'Ribeira Grande', 'RG', 1),
(624, 39, 'Sal', 'SL', 1),
(625, 39, 'Santa Catarina', 'CA', 1),
(626, 39, 'Santa Cruz', 'CR', 1),
(627, 39, 'Sao Domingos', 'SD', 1),
(628, 39, 'Sao Filipe', 'SF', 1),
(629, 39, 'Sao Nicolau', 'SN', 1),
(630, 39, 'Sao Vicente', 'SV', 1),
(631, 39, 'Tarrafal', 'TA', 1),
(632, 40, 'Creek', 'CR', 1),
(633, 40, 'Eastern', 'EA', 1),
(634, 40, 'Midland', 'ML', 1),
(635, 40, 'South Town', 'ST', 1),
(636, 40, 'Spot Bay', 'SP', 1),
(637, 40, 'Stake Bay', 'SK', 1),
(638, 40, 'West End', 'WD', 1),
(639, 40, 'Western', 'WN', 1),
(640, 41, 'Bamingui-Bangoran', 'BBA', 1),
(641, 41, 'Basse-Kotto', 'BKO', 1),
(642, 41, 'Haute-Kotto', 'HKO', 1),
(643, 41, 'Haut-Mbomou', 'HMB', 1),
(644, 41, 'Kemo', 'KEM', 1),
(645, 41, 'Lobaye', 'LOB', 1),
(646, 41, 'Mambere-KadeÔ', 'MKD', 1),
(647, 41, 'Mbomou', 'MBO', 1),
(648, 41, 'Nana-Mambere', 'NMM', 1),
(649, 41, 'Ombella-M\'Poko', 'OMP', 1),
(650, 41, 'Ouaka', 'OUK', 1),
(651, 41, 'Ouham', 'OUH', 1),
(652, 41, 'Ouham-Pende', 'OPE', 1),
(653, 41, 'Vakaga', 'VAK', 1),
(654, 41, 'Nana-Grebizi', 'NGR', 1),
(655, 41, 'Sangha-Mbaere', 'SMB', 1),
(656, 41, 'Bangui', 'BAN', 1),
(657, 42, 'Batha', 'BA', 1),
(658, 42, 'Biltine', 'BI', 1),
(659, 42, 'Borkou-Ennedi-Tibesti', 'BE', 1),
(660, 42, 'Chari-Baguirmi', 'CB', 1),
(661, 42, 'Guera', 'GU', 1),
(662, 42, 'Kanem', 'KA', 1),
(663, 42, 'Lac', 'LA', 1),
(664, 42, 'Logone Occidental', 'LC', 1),
(665, 42, 'Logone Oriental', 'LR', 1),
(666, 42, 'Mayo-Kebbi', 'MK', 1),
(667, 42, 'Moyen-Chari', 'MC', 1),
(668, 42, 'Ouaddai', 'OU', 1),
(669, 42, 'Salamat', 'SA', 1),
(670, 42, 'Tandjile', 'TA', 1),
(671, 43, 'Aisen del General Carlos Ibanez', 'AI', 1),
(672, 43, 'Antofagasta', 'AN', 1),
(673, 43, 'Araucania', 'AR', 1),
(674, 43, 'Atacama', 'AT', 1),
(675, 43, 'Bio-Bio', 'BI', 1),
(676, 43, 'Coquimbo', 'CO', 1),
(677, 43, 'Libertador General Bernardo O\'Higgins', 'LI', 1),
(678, 43, 'Los Lagos', 'LL', 1),
(679, 43, 'Magallanes y de la Antartica Chilena', 'MA', 1),
(680, 43, 'Maule', 'ML', 1),
(681, 43, 'Region Metropolitana', 'RM', 1),
(682, 43, 'Tarapaca', 'TA', 1),
(683, 43, 'Valparaiso', 'VS', 1),
(684, 44, 'Anhui', 'AN', 1),
(685, 44, 'Beijing', 'BE', 1),
(686, 44, 'Chongqing', 'CH', 1),
(687, 44, 'Fujian', 'FU', 1),
(688, 44, 'Gansu', 'GA', 1),
(689, 44, 'Guangdong', 'GU', 1),
(690, 44, 'Guangxi', 'GX', 1),
(691, 44, 'Guizhou', 'GZ', 1),
(692, 44, 'Hainan', 'HA', 1),
(693, 44, 'Hebei', 'HB', 1),
(694, 44, 'Heilongjiang', 'HL', 1),
(695, 44, 'Henan', 'HE', 1),
(696, 44, 'Hong Kong', 'HK', 1),
(697, 44, 'Hubei', 'HU', 1),
(698, 44, 'Hunan', 'HN', 1),
(699, 44, 'Inner Mongolia', 'IM', 1),
(700, 44, 'Jiangsu', 'JI', 1),
(701, 44, 'Jiangxi', 'JX', 1),
(702, 44, 'Jilin', 'JL', 1),
(703, 44, 'Liaoning', 'LI', 1),
(704, 44, 'Macau', 'MA', 1),
(705, 44, 'Ningxia', 'NI', 1),
(706, 44, 'Shaanxi', 'SH', 1),
(707, 44, 'Shandong', 'SA', 1),
(708, 44, 'Shanghai', 'SG', 1),
(709, 44, 'Shanxi', 'SX', 1),
(710, 44, 'Sichuan', 'SI', 1),
(711, 44, 'Tianjin', 'TI', 1),
(712, 44, 'Xinjiang', 'XI', 1),
(713, 44, 'Yunnan', 'YU', 1),
(714, 44, 'Zhejiang', 'ZH', 1),
(715, 46, 'Direction Island', 'D', 1),
(716, 46, 'Home Island', 'H', 1),
(717, 46, 'Horsburgh Island', 'O', 1),
(718, 46, 'South Island', 'S', 1),
(719, 46, 'West Island', 'W', 1),
(720, 47, 'Amazonas', 'AMZ', 1),
(721, 47, 'Antioquia', 'ANT', 1),
(722, 47, 'Arauca', 'ARA', 1),
(723, 47, 'Atlantico', 'ATL', 1),
(724, 47, 'Bogota D.C.', 'BDC', 1),
(725, 47, 'Bolivar', 'BOL', 1),
(726, 47, 'Boyaca', 'BOY', 1),
(727, 47, 'Caldas', 'CAL', 1),
(728, 47, 'Caqueta', 'CAQ', 1),
(729, 47, 'Casanare', 'CAS', 1),
(730, 47, 'Cauca', 'CAU', 1),
(731, 47, 'Cesar', 'CES', 1),
(732, 47, 'Choco', 'CHO', 1),
(733, 47, 'Cordoba', 'COR', 1),
(734, 47, 'Cundinamarca', 'CAM', 1),
(735, 47, 'Guainia', 'GNA', 1),
(736, 47, 'Guajira', 'GJR', 1),
(737, 47, 'Guaviare', 'GVR', 1),
(738, 47, 'Huila', 'HUI', 1),
(739, 47, 'Magdalena', 'MAG', 1),
(740, 47, 'Meta', 'MET', 1),
(741, 47, 'Narino', 'NAR', 1),
(742, 47, 'Norte de Santander', 'NDS', 1),
(743, 47, 'Putumayo', 'PUT', 1),
(744, 47, 'Quindio', 'QUI', 1),
(745, 47, 'Risaralda', 'RIS', 1),
(746, 47, 'San Andres y Providencia', 'SAP', 1),
(747, 47, 'Santander', 'SAN', 1),
(748, 47, 'Sucre', 'SUC', 1),
(749, 47, 'Tolima', 'TOL', 1),
(750, 47, 'Valle del Cauca', 'VDC', 1),
(751, 47, 'Vaupes', 'VAU', 1),
(752, 47, 'Vichada', 'VIC', 1),
(753, 48, 'Grande Comore', 'G', 1),
(754, 48, 'Anjouan', 'A', 1),
(755, 48, 'Moheli', 'M', 1),
(756, 49, 'Bouenza', 'BO', 1),
(757, 49, 'Brazzaville', 'BR', 1),
(758, 49, 'Cuvette', 'CU', 1),
(759, 49, 'Cuvette-Ouest', 'CO', 1),
(760, 49, 'Kouilou', 'KO', 1),
(761, 49, 'Lekoumou', 'LE', 1),
(762, 49, 'Likouala', 'LI', 1),
(763, 49, 'Niari', 'NI', 1),
(764, 49, 'Plateaux', 'PL', 1),
(765, 49, 'Pool', 'PO', 1),
(766, 49, 'Sangha', 'SA', 1),
(767, 50, 'Pukapuka', 'PU', 1),
(768, 50, 'Rakahanga', 'RK', 1),
(769, 50, 'Manihiki', 'MK', 1),
(770, 50, 'Penrhyn', 'PE', 1),
(771, 50, 'Nassau Island', 'NI', 1),
(772, 50, 'Surwarrow', 'SU', 1),
(773, 50, 'Palmerston', 'PA', 1),
(774, 50, 'Aitutaki', 'AI', 1),
(775, 50, 'Manuae', 'MA', 1),
(776, 50, 'Takutea', 'TA', 1),
(777, 50, 'Mitiaro', 'MT', 1),
(778, 50, 'Atiu', 'AT', 1),
(779, 50, 'Mauke', 'MU', 1),
(780, 50, 'Rarotonga', 'RR', 1),
(781, 50, 'Mangaia', 'MG', 1),
(782, 51, 'Alajuela', 'AL', 1),
(783, 51, 'Cartago', 'CA', 1),
(784, 51, 'Guanacaste', 'GU', 1),
(785, 51, 'Heredia', 'HE', 1),
(786, 51, 'Limon', 'LI', 1),
(787, 51, 'Puntarenas', 'PU', 1),
(788, 51, 'San Jose', 'SJ', 1),
(789, 52, 'Abengourou', 'ABE', 1),
(790, 52, 'Abidjan', 'ABI', 1),
(791, 52, 'Aboisso', 'ABO', 1),
(792, 52, 'Adiake', 'ADI', 1),
(793, 52, 'Adzope', 'ADZ', 1),
(794, 52, 'Agboville', 'AGB', 1),
(795, 52, 'Agnibilekrou', 'AGN', 1),
(796, 52, 'Alepe', 'ALE', 1),
(797, 52, 'Bocanda', 'BOC', 1),
(798, 52, 'Bangolo', 'BAN', 1),
(799, 52, 'Beoumi', 'BEO', 1),
(800, 52, 'Biankouma', 'BIA', 1),
(801, 52, 'Bondoukou', 'BDK', 1),
(802, 52, 'Bongouanou', 'BGN', 1),
(803, 52, 'Bouafle', 'BFL', 1),
(804, 52, 'Bouake', 'BKE', 1),
(805, 52, 'Bouna', 'BNA', 1),
(806, 52, 'Boundiali', 'BDL', 1),
(807, 52, 'Dabakala', 'DKL', 1),
(808, 52, 'Dabou', 'DBU', 1),
(809, 52, 'Daloa', 'DAL', 1),
(810, 52, 'Danane', 'DAN', 1),
(811, 52, 'Daoukro', 'DAO', 1),
(812, 52, 'Dimbokro', 'DIM', 1),
(813, 52, 'Divo', 'DIV', 1),
(814, 52, 'Duekoue', 'DUE', 1),
(815, 52, 'Ferkessedougou', 'FER', 1),
(816, 52, 'Gagnoa', 'GAG', 1),
(817, 52, 'Grand-Bassam', 'GBA', 1),
(818, 52, 'Grand-Lahou', 'GLA', 1),
(819, 52, 'Guiglo', 'GUI', 1),
(820, 52, 'Issia', 'ISS', 1),
(821, 52, 'Jacqueville', 'JAC', 1),
(822, 52, 'Katiola', 'KAT', 1),
(823, 52, 'Korhogo', 'KOR', 1),
(824, 52, 'Lakota', 'LAK', 1),
(825, 52, 'Man', 'MAN', 1),
(826, 52, 'Mankono', 'MKN', 1),
(827, 52, 'Mbahiakro', 'MBA', 1),
(828, 52, 'Odienne', 'ODI', 1),
(829, 52, 'Oume', 'OUM', 1),
(830, 52, 'Sakassou', 'SAK', 1),
(831, 52, 'San-Pedro', 'SPE', 1),
(832, 52, 'Sassandra', 'SAS', 1),
(833, 52, 'Seguela', 'SEG', 1),
(834, 52, 'Sinfra', 'SIN', 1),
(835, 52, 'Soubre', 'SOU', 1),
(836, 52, 'Tabou', 'TAB', 1),
(837, 52, 'Tanda', 'TAN', 1),
(838, 52, 'Tiebissou', 'TIE', 1),
(839, 52, 'Tingrela', 'TIN', 1),
(840, 52, 'Tiassale', 'TIA', 1),
(841, 52, 'Touba', 'TBA', 1),
(842, 52, 'Toulepleu', 'TLP', 1),
(843, 52, 'Toumodi', 'TMD', 1),
(844, 52, 'Vavoua', 'VAV', 1),
(845, 52, 'Yamoussoukro', 'YAM', 1),
(846, 52, 'Zuenoula', 'ZUE', 1),
(847, 53, 'Bjelovarsko-bilogorska', 'BB', 1),
(848, 53, 'Grad Zagreb', 'GZ', 1),
(849, 53, 'Dubrovačko-neretvanska', 'DN', 1),
(850, 53, 'Istarska', 'IS', 1),
(851, 53, 'Karlovačka', 'KA', 1),
(852, 53, 'Koprivničko-križevačka', 'KK', 1),
(853, 53, 'Krapinsko-zagorska', 'KZ', 1),
(854, 53, 'Ličko-senjska', 'LS', 1),
(855, 53, 'Međimurska', 'ME', 1),
(856, 53, 'Osječko-baranjska', 'OB', 1),
(857, 53, 'Požeško-slavonska', 'PS', 1),
(858, 53, 'Primorsko-goranska', 'PG', 1),
(859, 53, 'Šibensko-kninska', 'SK', 1),
(860, 53, 'Sisačko-moslavačka', 'SM', 1),
(861, 53, 'Brodsko-posavska', 'BP', 1),
(862, 53, 'Splitsko-dalmatinska', 'SD', 1),
(863, 53, 'Varaždinska', 'VA', 1),
(864, 53, 'Virovitičko-podravska', 'VP', 1),
(865, 53, 'Vukovarsko-srijemska', 'VS', 1),
(866, 53, 'Zadarska', 'ZA', 1),
(867, 53, 'Zagrebačka', 'ZG', 1),
(868, 54, 'Camaguey', 'CA', 1),
(869, 54, 'Ciego de Avila', 'CD', 1),
(870, 54, 'Cienfuegos', 'CI', 1),
(871, 54, 'Ciudad de La Habana', 'CH', 1),
(872, 54, 'Granma', 'GR', 1),
(873, 54, 'Guantanamo', 'GU', 1),
(874, 54, 'Holguin', 'HO', 1),
(875, 54, 'Isla de la Juventud', 'IJ', 1),
(876, 54, 'La Habana', 'LH', 1),
(877, 54, 'Las Tunas', 'LT', 1),
(878, 54, 'Matanzas', 'MA', 1),
(879, 54, 'Pinar del Rio', 'PR', 1),
(880, 54, 'Sancti Spiritus', 'SS', 1),
(881, 54, 'Santiago de Cuba', 'SC', 1),
(882, 54, 'Villa Clara', 'VC', 1),
(883, 55, 'Famagusta', 'F', 1),
(884, 55, 'Kyrenia', 'K', 1),
(885, 55, 'Larnaca', 'A', 1),
(886, 55, 'Limassol', 'I', 1),
(887, 55, 'Nicosia', 'N', 1),
(888, 55, 'Paphos', 'P', 1),
(889, 56, 'Ústecký', 'U', 1),
(890, 56, 'Jihočeský', 'C', 1),
(891, 56, 'Jihomoravský', 'B', 1),
(892, 56, 'Karlovarský', 'K', 1),
(893, 56, 'Královehradecký', 'H', 1),
(894, 56, 'Liberecký', 'L', 1),
(895, 56, 'Moravskoslezský', 'T', 1),
(896, 56, 'Olomoucký', 'M', 1),
(897, 56, 'Pardubický', 'E', 1),
(898, 56, 'Plzeňský', 'P', 1),
(899, 56, 'Praha', 'A', 1),
(900, 56, 'Středočeský', 'S', 1),
(901, 56, 'Vysočina', 'J', 1),
(902, 56, 'Zlínský', 'Z', 1),
(903, 57, 'Arhus', 'AR', 1),
(904, 57, 'Bornholm', 'BH', 1),
(905, 57, 'Copenhagen', 'CO', 1),
(906, 57, 'Faroe Islands', 'FO', 1),
(907, 57, 'Frederiksborg', 'FR', 1),
(908, 57, 'Fyn', 'FY', 1),
(909, 57, 'Kobenhavn', 'KO', 1),
(910, 57, 'Nordjylland', 'NO', 1),
(911, 57, 'Ribe', 'RI', 1),
(912, 57, 'Ringkobing', 'RK', 1),
(913, 57, 'Roskilde', 'RO', 1),
(914, 57, 'Sonderjylland', 'SO', 1),
(915, 57, 'Storstrom', 'ST', 1),
(916, 57, 'Vejle', 'VK', 1),
(917, 57, 'Vestj&aelig;lland', 'VJ', 1),
(918, 57, 'Viborg', 'VB', 1),
(919, 58, '\'Ali Sabih', 'S', 1),
(920, 58, 'Dikhil', 'K', 1),
(921, 58, 'Djibouti', 'J', 1),
(922, 58, 'Obock', 'O', 1),
(923, 58, 'Tadjoura', 'T', 1),
(924, 59, 'Saint Andrew Parish', 'AND', 1),
(925, 59, 'Saint David Parish', 'DAV', 1),
(926, 59, 'Saint George Parish', 'GEO', 1),
(927, 59, 'Saint John Parish', 'JOH', 1),
(928, 59, 'Saint Joseph Parish', 'JOS', 1),
(929, 59, 'Saint Luke Parish', 'LUK', 1),
(930, 59, 'Saint Mark Parish', 'MAR', 1),
(931, 59, 'Saint Patrick Parish', 'PAT', 1),
(932, 59, 'Saint Paul Parish', 'PAU', 1),
(933, 59, 'Saint Peter Parish', 'PET', 1),
(934, 60, 'Distrito Nacional', 'DN', 1),
(935, 60, 'Azua', 'AZ', 1),
(936, 60, 'Baoruco', 'BC', 1),
(937, 60, 'Barahona', 'BH', 1),
(938, 60, 'Dajabon', 'DJ', 1),
(939, 60, 'Duarte', 'DU', 1),
(940, 60, 'Elias Pina', 'EL', 1),
(941, 60, 'El Seybo', 'SY', 1),
(942, 60, 'Espaillat', 'ET', 1),
(943, 60, 'Hato Mayor', 'HM', 1),
(944, 60, 'Independencia', 'IN', 1),
(945, 60, 'La Altagracia', 'AL', 1),
(946, 60, 'La Romana', 'RO', 1),
(947, 60, 'La Vega', 'VE', 1),
(948, 60, 'Maria Trinidad Sanchez', 'MT', 1),
(949, 60, 'Monsenor Nouel', 'MN', 1),
(950, 60, 'Monte Cristi', 'MC', 1),
(951, 60, 'Monte Plata', 'MP', 1),
(952, 60, 'Pedernales', 'PD', 1),
(953, 60, 'Peravia (Bani)', 'PR', 1),
(954, 60, 'Puerto Plata', 'PP', 1),
(955, 60, 'Salcedo', 'SL', 1),
(956, 60, 'Samana', 'SM', 1),
(957, 60, 'Sanchez Ramirez', 'SH', 1),
(958, 60, 'San Cristobal', 'SC', 1),
(959, 60, 'San Jose de Ocoa', 'JO', 1),
(960, 60, 'San Juan', 'SJ', 1),
(961, 60, 'San Pedro de Macoris', 'PM', 1),
(962, 60, 'Santiago', 'SA', 1),
(963, 60, 'Santiago Rodriguez', 'ST', 1),
(964, 60, 'Santo Domingo', 'SD', 1),
(965, 60, 'Valverde', 'VA', 1),
(966, 61, 'Aileu', 'AL', 1),
(967, 61, 'Ainaro', 'AN', 1),
(968, 61, 'Baucau', 'BA', 1),
(969, 61, 'Bobonaro', 'BO', 1),
(970, 61, 'Cova Lima', 'CO', 1),
(971, 61, 'Dili', 'DI', 1),
(972, 61, 'Ermera', 'ER', 1),
(973, 61, 'Lautem', 'LA', 1),
(974, 61, 'Liquica', 'LI', 1),
(975, 61, 'Manatuto', 'MT', 1),
(976, 61, 'Manufahi', 'MF', 1),
(977, 61, 'Oecussi', 'OE', 1),
(978, 61, 'Viqueque', 'VI', 1),
(979, 62, 'Azuay', 'AZU', 1),
(980, 62, 'Bolivar', 'BOL', 1),
(981, 62, 'Ca&ntilde;ar', 'CAN', 1),
(982, 62, 'Carchi', 'CAR', 1),
(983, 62, 'Chimborazo', 'CHI', 1),
(984, 62, 'Cotopaxi', 'COT', 1),
(985, 62, 'El Oro', 'EOR', 1),
(986, 62, 'Esmeraldas', 'ESM', 1),
(987, 62, 'Gal&aacute;pagos', 'GPS', 1),
(988, 62, 'Guayas', 'GUA', 1),
(989, 62, 'Imbabura', 'IMB', 1),
(990, 62, 'Loja', 'LOJ', 1),
(991, 62, 'Los Rios', 'LRO', 1),
(992, 62, 'Manab&iacute;', 'MAN', 1),
(993, 62, 'Morona Santiago', 'MSA', 1),
(994, 62, 'Napo', 'NAP', 1),
(995, 62, 'Orellana', 'ORE', 1),
(996, 62, 'Pastaza', 'PAS', 1),
(997, 62, 'Pichincha', 'PIC', 1),
(998, 62, 'Sucumb&iacute;os', 'SUC', 1),
(999, 62, 'Tungurahua', 'TUN', 1),
(1000, 62, 'Zamora Chinchipe', 'ZCH', 1),
(1001, 63, 'Ad Daqahliyah', 'DHY', 1),
(1002, 63, 'Al Bahr al Ahmar', 'BAM', 1),
(1003, 63, 'Al Buhayrah', 'BHY', 1),
(1004, 63, 'Al Fayyum', 'FYM', 1),
(1005, 63, 'Al Gharbiyah', 'GBY', 1),
(1006, 63, 'Al Iskandariyah', 'IDR', 1),
(1007, 63, 'Al Isma\'iliyah', 'IML', 1),
(1008, 63, 'Al Jizah', 'JZH', 1),
(1009, 63, 'Al Minufiyah', 'MFY', 1),
(1010, 63, 'Al Minya', 'MNY', 1),
(1011, 63, 'Al Qahirah', 'QHR', 1),
(1012, 63, 'Al Qalyubiyah', 'QLY', 1),
(1013, 63, 'Al Wadi al Jadid', 'WJD', 1),
(1014, 63, 'Ash Sharqiyah', 'SHQ', 1),
(1015, 63, 'As Suways', 'SWY', 1),
(1016, 63, 'Aswan', 'ASW', 1),
(1017, 63, 'Asyut', 'ASY', 1),
(1018, 63, 'Bani Suwayf', 'BSW', 1),
(1019, 63, 'Bur Sa\'id', 'BSD', 1),
(1020, 63, 'Dumyat', 'DMY', 1),
(1021, 63, 'Janub Sina\'', 'JNS', 1),
(1022, 63, 'Kafr ash Shaykh', 'KSH', 1),
(1023, 63, 'Matruh', 'MAT', 1),
(1024, 63, 'Qina', 'QIN', 1),
(1025, 63, 'Shamal Sina\'', 'SHS', 1),
(1026, 63, 'Suhaj', 'SUH', 1),
(1027, 64, 'Ahuachapan', 'AH', 1),
(1028, 64, 'Cabanas', 'CA', 1),
(1029, 64, 'Chalatenango', 'CH', 1),
(1030, 64, 'Cuscatlan', 'CU', 1),
(1031, 64, 'La Libertad', 'LB', 1),
(1032, 64, 'La Paz', 'PZ', 1),
(1033, 64, 'La Union', 'UN', 1),
(1034, 64, 'Morazan', 'MO', 1),
(1035, 64, 'San Miguel', 'SM', 1),
(1036, 64, 'San Salvador', 'SS', 1),
(1037, 64, 'San Vicente', 'SV', 1),
(1038, 64, 'Santa Ana', 'SA', 1),
(1039, 64, 'Sonsonate', 'SO', 1),
(1040, 64, 'Usulutan', 'US', 1),
(1041, 65, 'Provincia Annobon', 'AN', 1),
(1042, 65, 'Provincia Bioko Norte', 'BN', 1),
(1043, 65, 'Provincia Bioko Sur', 'BS', 1),
(1044, 65, 'Provincia Centro Sur', 'CS', 1),
(1045, 65, 'Provincia Kie-Ntem', 'KN', 1),
(1046, 65, 'Provincia Litoral', 'LI', 1),
(1047, 65, 'Provincia Wele-Nzas', 'WN', 1),
(1048, 66, 'Central (Maekel)', 'MA', 1),
(1049, 66, 'Anseba (Keren)', 'KE', 1),
(1050, 66, 'Southern Red Sea (Debub-Keih-Bahri)', 'DK', 1),
(1051, 66, 'Northern Red Sea (Semien-Keih-Bahri)', 'SK', 1),
(1052, 66, 'Southern (Debub)', 'DE', 1),
(1053, 66, 'Gash-Barka (Barentu)', 'BR', 1),
(1054, 67, 'Harjumaa (Tallinn)', 'HA', 1),
(1055, 67, 'Hiiumaa (Kardla)', 'HI', 1),
(1056, 67, 'Ida-Virumaa (Johvi)', 'IV', 1),
(1057, 67, 'Jarvamaa (Paide)', 'JA', 1),
(1058, 67, 'Jogevamaa (Jogeva)', 'JO', 1),
(1059, 67, 'Laane-Virumaa (Rakvere)', 'LV', 1),
(1060, 67, 'Laanemaa (Haapsalu)', 'LA', 1),
(1061, 67, 'Parnumaa (Parnu)', 'PA', 1),
(1062, 67, 'Polvamaa (Polva)', 'PO', 1),
(1063, 67, 'Raplamaa (Rapla)', 'RA', 1),
(1064, 67, 'Saaremaa (Kuessaare)', 'SA', 1),
(1065, 67, 'Tartumaa (Tartu)', 'TA', 1),
(1066, 67, 'Valgamaa (Valga)', 'VA', 1),
(1067, 67, 'Viljandimaa (Viljandi)', 'VI', 1),
(1068, 67, 'Vorumaa (Voru)', 'VO', 1),
(1069, 68, 'Afar', 'AF', 1),
(1070, 68, 'Amhara', 'AH', 1),
(1071, 68, 'Benishangul-Gumaz', 'BG', 1),
(1072, 68, 'Gambela', 'GB', 1),
(1073, 68, 'Hariai', 'HR', 1),
(1074, 68, 'Oromia', 'OR', 1),
(1075, 68, 'Somali', 'SM', 1),
(1076, 68, 'Southern Nations - Nationalities and Peoples Region', 'SN', 1),
(1077, 68, 'Tigray', 'TG', 1),
(1078, 68, 'Addis Ababa', 'AA', 1),
(1079, 68, 'Dire Dawa', 'DD', 1),
(1080, 71, 'Central Division', 'C', 1),
(1081, 71, 'Northern Division', 'N', 1),
(1082, 71, 'Eastern Division', 'E', 1),
(1083, 71, 'Western Division', 'W', 1),
(1084, 71, 'Rotuma', 'R', 1),
(1085, 72, 'Ahvenanmaan lääni', 'AL', 1),
(1086, 72, 'Etelä-Suomen lääni', 'ES', 1),
(1087, 72, 'Itä-Suomen lääni', 'IS', 1),
(1088, 72, 'Länsi-Suomen lääni', 'LS', 1),
(1089, 72, 'Lapin lääni', 'LA', 1),
(1090, 72, 'Oulun lääni', 'OU', 1),
(1114, 74, 'Ain', '01', 1),
(1115, 74, 'Aisne', '02', 1),
(1116, 74, 'Allier', '03', 1),
(1117, 74, 'Alpes de Haute Provence', '04', 1),
(1118, 74, 'Hautes-Alpes', '05', 1),
(1119, 74, 'Alpes Maritimes', '06', 1),
(1120, 74, 'Ard&egrave;che', '07', 1),
(1121, 74, 'Ardennes', '08', 1),
(1122, 74, 'Ari&egrave;ge', '09', 1),
(1123, 74, 'Aube', '10', 1),
(1124, 74, 'Aude', '11', 1),
(1125, 74, 'Aveyron', '12', 1),
(1126, 74, 'Bouches du Rh&ocirc;ne', '13', 1),
(1127, 74, 'Calvados', '14', 1),
(1128, 74, 'Cantal', '15', 1),
(1129, 74, 'Charente', '16', 1),
(1130, 74, 'Charente Maritime', '17', 1),
(1131, 74, 'Cher', '18', 1),
(1132, 74, 'Corr&egrave;ze', '19', 1),
(1133, 74, 'Corse du Sud', '2A', 1),
(1134, 74, 'Haute Corse', '2B', 1),
(1135, 74, 'C&ocirc;te d&#039;or', '21', 1),
(1136, 74, 'C&ocirc;tes d&#039;Armor', '22', 1),
(1137, 74, 'Creuse', '23', 1),
(1138, 74, 'Dordogne', '24', 1),
(1139, 74, 'Doubs', '25', 1),
(1140, 74, 'Dr&ocirc;me', '26', 1),
(1141, 74, 'Eure', '27', 1),
(1142, 74, 'Eure et Loir', '28', 1),
(1143, 74, 'Finist&egrave;re', '29', 1),
(1144, 74, 'Gard', '30', 1),
(1145, 74, 'Haute Garonne', '31', 1),
(1146, 74, 'Gers', '32', 1),
(1147, 74, 'Gironde', '33', 1),
(1148, 74, 'H&eacute;rault', '34', 1),
(1149, 74, 'Ille et Vilaine', '35', 1),
(1150, 74, 'Indre', '36', 1),
(1151, 74, 'Indre et Loire', '37', 1),
(1152, 74, 'Is&eacute;re', '38', 1),
(1153, 74, 'Jura', '39', 1),
(1154, 74, 'Landes', '40', 1),
(1155, 74, 'Loir et Cher', '41', 1),
(1156, 74, 'Loire', '42', 1),
(1157, 74, 'Haute Loire', '43', 1),
(1158, 74, 'Loire Atlantique', '44', 1),
(1159, 74, 'Loiret', '45', 1),
(1160, 74, 'Lot', '46', 1),
(1161, 74, 'Lot et Garonne', '47', 1),
(1162, 74, 'Loz&egrave;re', '48', 1),
(1163, 74, 'Maine et Loire', '49', 1),
(1164, 74, 'Manche', '50', 1),
(1165, 74, 'Marne', '51', 1),
(1166, 74, 'Haute Marne', '52', 1),
(1167, 74, 'Mayenne', '53', 1),
(1168, 74, 'Meurthe et Moselle', '54', 1),
(1169, 74, 'Meuse', '55', 1),
(1170, 74, 'Morbihan', '56', 1),
(1171, 74, 'Moselle', '57', 1),
(1172, 74, 'Ni&egrave;vre', '58', 1),
(1173, 74, 'Nord', '59', 1),
(1174, 74, 'Oise', '60', 1),
(1175, 74, 'Orne', '61', 1),
(1176, 74, 'Pas de Calais', '62', 1),
(1177, 74, 'Puy de D&ocirc;me', '63', 1),
(1178, 74, 'Pyr&eacute;n&eacute;es Atlantiques', '64', 1),
(1179, 74, 'Hautes Pyr&eacute;n&eacute;es', '65', 1),
(1180, 74, 'Pyr&eacute;n&eacute;es Orientales', '66', 1),
(1181, 74, 'Bas Rhin', '67', 1),
(1182, 74, 'Haut Rhin', '68', 1),
(1183, 74, 'Rh&ocirc;ne', '69', 1),
(1184, 74, 'Haute Sa&ocirc;ne', '70', 1),
(1185, 74, 'Sa&ocirc;ne et Loire', '71', 1),
(1186, 74, 'Sarthe', '72', 1),
(1187, 74, 'Savoie', '73', 1),
(1188, 74, 'Haute Savoie', '74', 1),
(1189, 74, 'Paris', '75', 1),
(1190, 74, 'Seine Maritime', '76', 1),
(1191, 74, 'Seine et Marne', '77', 1),
(1192, 74, 'Yvelines', '78', 1),
(1193, 74, 'Deux S&egrave;vres', '79', 1),
(1194, 74, 'Somme', '80', 1),
(1195, 74, 'Tarn', '81', 1),
(1196, 74, 'Tarn et Garonne', '82', 1),
(1197, 74, 'Var', '83', 1),
(1198, 74, 'Vaucluse', '84', 1),
(1199, 74, 'Vend&eacute;e', '85', 1),
(1200, 74, 'Vienne', '86', 1),
(1201, 74, 'Haute Vienne', '87', 1),
(1202, 74, 'Vosges', '88', 1),
(1203, 74, 'Yonne', '89', 1),
(1204, 74, 'Territoire de Belfort', '90', 1),
(1205, 74, 'Essonne', '91', 1),
(1206, 74, 'Hauts de Seine', '92', 1),
(1207, 74, 'Seine St-Denis', '93', 1),
(1208, 74, 'Val de Marne', '94', 1),
(1209, 74, 'Val d\'Oise', '95', 1),
(1210, 76, 'Archipel des Marquises', 'M', 1),
(1211, 76, 'Archipel des Tuamotu', 'T', 1),
(1212, 76, 'Archipel des Tubuai', 'I', 1),
(1213, 76, 'Iles du Vent', 'V', 1),
(1214, 76, 'Iles Sous-le-Vent', 'S', 1),
(1215, 77, 'Iles Crozet', 'C', 1),
(1216, 77, 'Iles Kerguelen', 'K', 1),
(1217, 77, 'Ile Amsterdam', 'A', 1),
(1218, 77, 'Ile Saint-Paul', 'P', 1),
(1219, 77, 'Adelie Land', 'D', 1),
(1220, 78, 'Estuaire', 'ES', 1),
(1221, 78, 'Haut-Ogooue', 'HO', 1),
(1222, 78, 'Moyen-Ogooue', 'MO', 1),
(1223, 78, 'Ngounie', 'NG', 1),
(1224, 78, 'Nyanga', 'NY', 1),
(1225, 78, 'Ogooue-Ivindo', 'OI', 1),
(1226, 78, 'Ogooue-Lolo', 'OL', 1),
(1227, 78, 'Ogooue-Maritime', 'OM', 1),
(1228, 78, 'Woleu-Ntem', 'WN', 1),
(1229, 79, 'Banjul', 'BJ', 1),
(1230, 79, 'Basse', 'BS', 1),
(1231, 79, 'Brikama', 'BR', 1),
(1232, 79, 'Janjangbure', 'JA', 1),
(1233, 79, 'Kanifeng', 'KA', 1),
(1234, 79, 'Kerewan', 'KE', 1),
(1235, 79, 'Kuntaur', 'KU', 1),
(1236, 79, 'Mansakonko', 'MA', 1),
(1237, 79, 'Lower River', 'LR', 1),
(1238, 79, 'Central River', 'CR', 1),
(1239, 79, 'North Bank', 'NB', 1),
(1240, 79, 'Upper River', 'UR', 1),
(1241, 79, 'Western', 'WE', 1),
(1242, 80, 'Abkhazia', 'AB', 1),
(1243, 80, 'Ajaria', 'AJ', 1),
(1244, 80, 'Tbilisi', 'TB', 1),
(1245, 80, 'Guria', 'GU', 1),
(1246, 80, 'Imereti', 'IM', 1),
(1247, 80, 'Kakheti', 'KA', 1),
(1248, 80, 'Kvemo Kartli', 'KK', 1),
(1249, 80, 'Mtskheta-Mtianeti', 'MM', 1),
(1250, 80, 'Racha Lechkhumi and Kvemo Svanet', 'RL', 1),
(1251, 80, 'Samegrelo-Zemo Svaneti', 'SZ', 1),
(1252, 80, 'Samtskhe-Javakheti', 'SJ', 1),
(1253, 80, 'Shida Kartli', 'SK', 1),
(1254, 81, 'Baden-W&uuml;rttemberg', 'BAW', 1),
(1255, 81, 'Bayern', 'BAY', 1),
(1256, 81, 'Berlin', 'BER', 1),
(1257, 81, 'Brandenburg', 'BRG', 1),
(1258, 81, 'Bremen', 'BRE', 1),
(1259, 81, 'Hamburg', 'HAM', 1),
(1260, 81, 'Hessen', 'HES', 1),
(1261, 81, 'Mecklenburg-Vorpommern', 'MEC', 1),
(1262, 81, 'Niedersachsen', 'NDS', 1),
(1263, 81, 'Nordrhein-Westfalen', 'NRW', 1),
(1264, 81, 'Rheinland-Pfalz', 'RHE', 1),
(1265, 81, 'Saarland', 'SAR', 1),
(1266, 81, 'Sachsen', 'SAS', 1),
(1267, 81, 'Sachsen-Anhalt', 'SAC', 1),
(1268, 81, 'Schleswig-Holstein', 'SCN', 1),
(1269, 81, 'Th&uuml;ringen', 'THE', 1),
(1270, 82, 'Ashanti Region', 'AS', 1),
(1271, 82, 'Brong-Ahafo Region', 'BA', 1),
(1272, 82, 'Central Region', 'CE', 1),
(1273, 82, 'Eastern Region', 'EA', 1),
(1274, 82, 'Greater Accra Region', 'GA', 1),
(1275, 82, 'Northern Region', 'NO', 1),
(1276, 82, 'Upper East Region', 'UE', 1),
(1277, 82, 'Upper West Region', 'UW', 1),
(1278, 82, 'Volta Region', 'VO', 1),
(1279, 82, 'Western Region', 'WE', 1),
(1280, 84, 'Attica', 'AT', 1),
(1281, 84, 'Central Greece', 'CN', 1),
(1282, 84, 'Central Macedonia', 'CM', 1),
(1283, 84, 'Crete', 'CR', 1),
(1284, 84, 'East Macedonia and Thrace', 'EM', 1),
(1285, 84, 'Epirus', 'EP', 1),
(1286, 84, 'Ionian Islands', 'II', 1),
(1287, 84, 'North Aegean', 'NA', 1),
(1288, 84, 'Peloponnesos', 'PP', 1),
(1289, 84, 'South Aegean', 'SA', 1),
(1290, 84, 'Thessaly', 'TH', 1),
(1291, 84, 'West Greece', 'WG', 1),
(1292, 84, 'West Macedonia', 'WM', 1),
(1293, 85, 'Avannaa', 'A', 1),
(1294, 85, 'Tunu', 'T', 1),
(1295, 85, 'Kitaa', 'K', 1),
(1296, 86, 'Saint Andrew', 'A', 1),
(1297, 86, 'Saint David', 'D', 1),
(1298, 86, 'Saint George', 'G', 1),
(1299, 86, 'Saint John', 'J', 1),
(1300, 86, 'Saint Mark', 'M', 1),
(1301, 86, 'Saint Patrick', 'P', 1),
(1302, 86, 'Carriacou', 'C', 1),
(1303, 86, 'Petit Martinique', 'Q', 1),
(1304, 89, 'Alta Verapaz', 'AV', 1),
(1305, 89, 'Baja Verapaz', 'BV', 1),
(1306, 89, 'Chimaltenango', 'CM', 1),
(1307, 89, 'Chiquimula', 'CQ', 1),
(1308, 89, 'El Peten', 'PE', 1),
(1309, 89, 'El Progreso', 'PR', 1),
(1310, 89, 'El Quiche', 'QC', 1),
(1311, 89, 'Escuintla', 'ES', 1),
(1312, 89, 'Guatemala', 'GU', 1),
(1313, 89, 'Huehuetenango', 'HU', 1),
(1314, 89, 'Izabal', 'IZ', 1),
(1315, 89, 'Jalapa', 'JA', 1),
(1316, 89, 'Jutiapa', 'JU', 1),
(1317, 89, 'Quetzaltenango', 'QZ', 1),
(1318, 89, 'Retalhuleu', 'RE', 1),
(1319, 89, 'Sacatepequez', 'ST', 1),
(1320, 89, 'San Marcos', 'SM', 1),
(1321, 89, 'Santa Rosa', 'SR', 1),
(1322, 89, 'Solola', 'SO', 1),
(1323, 89, 'Suchitepequez', 'SU', 1),
(1324, 89, 'Totonicapan', 'TO', 1),
(1325, 89, 'Zacapa', 'ZA', 1),
(1326, 90, 'Conakry', 'CNK', 1),
(1327, 90, 'Beyla', 'BYL', 1),
(1328, 90, 'Boffa', 'BFA', 1),
(1329, 90, 'Boke', 'BOK', 1),
(1330, 90, 'Coyah', 'COY', 1),
(1331, 90, 'Dabola', 'DBL', 1),
(1332, 90, 'Dalaba', 'DLB', 1),
(1333, 90, 'Dinguiraye', 'DGR', 1),
(1334, 90, 'Dubreka', 'DBR', 1),
(1335, 90, 'Faranah', 'FRN', 1),
(1336, 90, 'Forecariah', 'FRC', 1),
(1337, 90, 'Fria', 'FRI', 1),
(1338, 90, 'Gaoual', 'GAO', 1),
(1339, 90, 'Gueckedou', 'GCD', 1),
(1340, 90, 'Kankan', 'KNK', 1),
(1341, 90, 'Kerouane', 'KRN', 1),
(1342, 90, 'Kindia', 'KND', 1),
(1343, 90, 'Kissidougou', 'KSD', 1),
(1344, 90, 'Koubia', 'KBA', 1),
(1345, 90, 'Koundara', 'KDA', 1),
(1346, 90, 'Kouroussa', 'KRA', 1),
(1347, 90, 'Labe', 'LAB', 1),
(1348, 90, 'Lelouma', 'LLM', 1),
(1349, 90, 'Lola', 'LOL', 1),
(1350, 90, 'Macenta', 'MCT', 1),
(1351, 90, 'Mali', 'MAL', 1),
(1352, 90, 'Mamou', 'MAM', 1),
(1353, 90, 'Mandiana', 'MAN', 1),
(1354, 90, 'Nzerekore', 'NZR', 1),
(1355, 90, 'Pita', 'PIT', 1),
(1356, 90, 'Siguiri', 'SIG', 1),
(1357, 90, 'Telimele', 'TLM', 1),
(1358, 90, 'Tougue', 'TOG', 1),
(1359, 90, 'Yomou', 'YOM', 1),
(1360, 91, 'Bafata Region', 'BF', 1),
(1361, 91, 'Biombo Region', 'BB', 1),
(1362, 91, 'Bissau Region', 'BS', 1),
(1363, 91, 'Bolama Region', 'BL', 1),
(1364, 91, 'Cacheu Region', 'CA', 1),
(1365, 91, 'Gabu Region', 'GA', 1),
(1366, 91, 'Oio Region', 'OI', 1),
(1367, 91, 'Quinara Region', 'QU', 1),
(1368, 91, 'Tombali Region', 'TO', 1),
(1369, 92, 'Barima-Waini', 'BW', 1),
(1370, 92, 'Cuyuni-Mazaruni', 'CM', 1),
(1371, 92, 'Demerara-Mahaica', 'DM', 1),
(1372, 92, 'East Berbice-Corentyne', 'EC', 1),
(1373, 92, 'Essequibo Islands-West Demerara', 'EW', 1),
(1374, 92, 'Mahaica-Berbice', 'MB', 1),
(1375, 92, 'Pomeroon-Supenaam', 'PM', 1),
(1376, 92, 'Potaro-Siparuni', 'PI', 1),
(1377, 92, 'Upper Demerara-Berbice', 'UD', 1),
(1378, 92, 'Upper Takutu-Upper Essequibo', 'UT', 1),
(1379, 93, 'Artibonite', 'AR', 1),
(1380, 93, 'Centre', 'CE', 1),
(1381, 93, 'Grand\'Anse', 'GA', 1),
(1382, 93, 'Nord', 'ND', 1),
(1383, 93, 'Nord-Est', 'NE', 1),
(1384, 93, 'Nord-Ouest', 'NO', 1),
(1385, 93, 'Ouest', 'OU', 1),
(1386, 93, 'Sud', 'SD', 1),
(1387, 93, 'Sud-Est', 'SE', 1),
(1388, 94, 'Flat Island', 'F', 1),
(1389, 94, 'McDonald Island', 'M', 1),
(1390, 94, 'Shag Island', 'S', 1),
(1391, 94, 'Heard Island', 'H', 1),
(1392, 95, 'Atlantida', 'AT', 1),
(1393, 95, 'Choluteca', 'CH', 1),
(1394, 95, 'Colon', 'CL', 1),
(1395, 95, 'Comayagua', 'CM', 1),
(1396, 95, 'Copan', 'CP', 1),
(1397, 95, 'Cortes', 'CR', 1),
(1398, 95, 'El Paraiso', 'PA', 1),
(1399, 95, 'Francisco Morazan', 'FM', 1),
(1400, 95, 'Gracias a Dios', 'GD', 1),
(1401, 95, 'Intibuca', 'IN', 1),
(1402, 95, 'Islas de la Bahia (Bay Islands)', 'IB', 1),
(1403, 95, 'La Paz', 'PZ', 1),
(1404, 95, 'Lempira', 'LE', 1),
(1405, 95, 'Ocotepeque', 'OC', 1),
(1406, 95, 'Olancho', 'OL', 1),
(1407, 95, 'Santa Barbara', 'SB', 1),
(1408, 95, 'Valle', 'VA', 1),
(1409, 95, 'Yoro', 'YO', 1),
(1410, 96, 'Central and Western Hong Kong Island', 'HCW', 1),
(1411, 96, 'Eastern Hong Kong Island', 'HEA', 1),
(1412, 96, 'Southern Hong Kong Island', 'HSO', 1),
(1413, 96, 'Wan Chai Hong Kong Island', 'HWC', 1),
(1414, 96, 'Kowloon City Kowloon', 'KKC', 1),
(1415, 96, 'Kwun Tong Kowloon', 'KKT', 1),
(1416, 96, 'Sham Shui Po Kowloon', 'KSS', 1),
(1417, 96, 'Wong Tai Sin Kowloon', 'KWT', 1),
(1418, 96, 'Yau Tsim Mong Kowloon', 'KYT', 1),
(1419, 96, 'Islands New Territories', 'NIS', 1),
(1420, 96, 'Kwai Tsing New Territories', 'NKT', 1),
(1421, 96, 'North New Territories', 'NNO', 1),
(1422, 96, 'Sai Kung New Territories', 'NSK', 1),
(1423, 96, 'Sha Tin New Territories', 'NST', 1),
(1424, 96, 'Tai Po New Territories', 'NTP', 1),
(1425, 96, 'Tsuen Wan New Territories', 'NTW', 1),
(1426, 96, 'Tuen Mun New Territories', 'NTM', 1),
(1427, 96, 'Yuen Long New Territories', 'NYL', 1),
(1467, 98, 'Austurland', 'AL', 1),
(1468, 98, 'Hofuoborgarsvaeoi', 'HF', 1),
(1469, 98, 'Norourland eystra', 'NE', 1),
(1470, 98, 'Norourland vestra', 'NV', 1),
(1471, 98, 'Suourland', 'SL', 1),
(1472, 98, 'Suournes', 'SN', 1),
(1473, 98, 'Vestfiroir', 'VF', 1),
(1474, 98, 'Vesturland', 'VL', 1),
(1475, 99, 'Andaman and Nicobar Islands', 'AN', 1),
(1476, 99, 'Andhra Pradesh', 'AP', 1),
(1477, 99, 'Arunachal Pradesh', 'AR', 1),
(1478, 99, 'Assam', 'AS', 1),
(1479, 99, 'Bihar', 'BI', 1),
(1480, 99, 'Chandigarh', 'CH', 1),
(1481, 99, 'Dadra and Nagar Haveli', 'DA', 1),
(1482, 99, 'Daman and Diu', 'DM', 1),
(1483, 99, 'Delhi', 'DE', 1),
(1484, 99, 'Goa', 'GO', 1),
(1485, 99, 'Gujarat', 'GU', 1),
(1486, 99, 'Haryana', 'HA', 1),
(1487, 99, 'Himachal Pradesh', 'HP', 1),
(1488, 99, 'Jammu and Kashmir', 'JA', 1),
(1489, 99, 'Karnataka', 'KA', 1),
(1490, 99, 'Kerala', 'KE', 1),
(1491, 99, 'Lakshadweep Islands', 'LI', 1),
(1492, 99, 'Madhya Pradesh', 'MP', 1),
(1493, 99, 'Maharashtra', 'MA', 1),
(1494, 99, 'Manipur', 'MN', 1),
(1495, 99, 'Meghalaya', 'ME', 1),
(1496, 99, 'Mizoram', 'MI', 1),
(1497, 99, 'Nagaland', 'NA', 1),
(1498, 99, 'Orissa', 'OR', 1),
(1499, 99, 'Pondicherry', 'PO', 1),
(1500, 99, 'Punjab', 'PU', 1),
(1501, 99, 'Rajasthan', 'RA', 1),
(1502, 99, 'Sikkim', 'SI', 1),
(1503, 99, 'Tamil Nadu', 'TN', 1),
(1504, 99, 'Tripura', 'TR', 1),
(1505, 99, 'Uttar Pradesh', 'UP', 1),
(1506, 99, 'West Bengal', 'WB', 1),
(1507, 100, 'Aceh', 'AC', 1),
(1508, 100, 'Bali', 'BA', 1),
(1509, 100, 'Banten', 'BT', 1),
(1510, 100, 'Bengkulu', 'BE', 1),
(1511, 100, 'BoDeTaBek', 'BD', 1),
(1512, 100, 'Gorontalo', 'GO', 1),
(1513, 100, 'Jakarta Raya', 'JK', 1),
(1514, 100, 'Jambi', 'JA', 1),
(1515, 100, 'Jawa Barat', 'JB', 1),
(1516, 100, 'Jawa Tengah', 'JT', 1),
(1517, 100, 'Jawa Timur', 'JI', 1),
(1518, 100, 'Kalimantan Barat', 'KB', 1),
(1519, 100, 'Kalimantan Selatan', 'KS', 1),
(1520, 100, 'Kalimantan Tengah', 'KT', 1),
(1521, 100, 'Kalimantan Timur', 'KI', 1),
(1522, 100, 'Kepulauan Bangka Belitung', 'BB', 1),
(1523, 100, 'Lampung', 'LA', 1),
(1524, 100, 'Maluku', 'MA', 1),
(1525, 100, 'Maluku Utara', 'MU', 1),
(1526, 100, 'Nusa Tenggara Barat', 'NB', 1),
(1527, 100, 'Nusa Tenggara Timur', 'NT', 1),
(1528, 100, 'Papua', 'PA', 1),
(1529, 100, 'Riau', 'RI', 1),
(1530, 100, 'Sulawesi Selatan', 'SN', 1),
(1531, 100, 'Sulawesi Tengah', 'ST', 1),
(1532, 100, 'Sulawesi Tenggara', 'SG', 1),
(1533, 100, 'Sulawesi Utara', 'SA', 1),
(1534, 100, 'Sumatera Barat', 'SB', 1),
(1535, 100, 'Sumatera Selatan', 'SS', 1),
(1536, 100, 'Sumatera Utara', 'SU', 1),
(1537, 100, 'Yogyakarta', 'YO', 1),
(1538, 101, 'Tehran', 'TEH', 1),
(1539, 101, 'Qom', 'QOM', 1),
(1540, 101, 'Markazi', 'MKZ', 1),
(1541, 101, 'Qazvin', 'QAZ', 1),
(1542, 101, 'Gilan', 'GIL', 1),
(1543, 101, 'Ardabil', 'ARD', 1),
(1544, 101, 'Zanjan', 'ZAN', 1),
(1545, 101, 'East Azarbaijan', 'EAZ', 1),
(1546, 101, 'West Azarbaijan', 'WEZ', 1),
(1547, 101, 'Kurdistan', 'KRD', 1),
(1548, 101, 'Hamadan', 'HMD', 1),
(1549, 101, 'Kermanshah', 'KRM', 1),
(1550, 101, 'Ilam', 'ILM', 1),
(1551, 101, 'Lorestan', 'LRS', 1),
(1552, 101, 'Khuzestan', 'KZT', 1),
(1553, 101, 'Chahar Mahaal and Bakhtiari', 'CMB', 1),
(1554, 101, 'Kohkiluyeh and Buyer Ahmad', 'KBA', 1),
(1555, 101, 'Bushehr', 'BSH', 1),
(1556, 101, 'Fars', 'FAR', 1),
(1557, 101, 'Hormozgan', 'HRM', 1),
(1558, 101, 'Sistan and Baluchistan', 'SBL', 1),
(1559, 101, 'Kerman', 'KRB', 1),
(1560, 101, 'Yazd', 'YZD', 1),
(1561, 101, 'Esfahan', 'EFH', 1),
(1562, 101, 'Semnan', 'SMN', 1),
(1563, 101, 'Mazandaran', 'MZD', 1),
(1564, 101, 'Golestan', 'GLS', 1),
(1565, 101, 'North Khorasan', 'NKH', 1),
(1566, 101, 'Razavi Khorasan', 'RKH', 1),
(1567, 101, 'South Khorasan', 'SKH', 1),
(1568, 102, 'Baghdad', 'BD', 1),
(1569, 102, 'Salah ad Din', 'SD', 1),
(1570, 102, 'Diyala', 'DY', 1),
(1571, 102, 'Wasit', 'WS', 1),
(1572, 102, 'Maysan', 'MY', 1),
(1573, 102, 'Al Basrah', 'BA', 1),
(1574, 102, 'Dhi Qar', 'DQ', 1),
(1575, 102, 'Al Muthanna', 'MU', 1),
(1576, 102, 'Al Qadisyah', 'QA', 1),
(1577, 102, 'Babil', 'BB', 1),
(1578, 102, 'Al Karbala', 'KB', 1),
(1579, 102, 'An Najaf', 'NJ', 1),
(1580, 102, 'Al Anbar', 'AB', 1),
(1581, 102, 'Ninawa', 'NN', 1),
(1582, 102, 'Dahuk', 'DH', 1),
(1583, 102, 'Arbil', 'AL', 1),
(1584, 102, 'At Ta\'mim', 'TM', 1),
(1585, 102, 'As Sulaymaniyah', 'SL', 1),
(1586, 103, 'Carlow', 'CA', 1),
(1587, 103, 'Cavan', 'CV', 1),
(1588, 103, 'Clare', 'CL', 1),
(1589, 103, 'Cork', 'CO', 1),
(1590, 103, 'Donegal', 'DO', 1),
(1591, 103, 'Dublin', 'DU', 1),
(1592, 103, 'Galway', 'GA', 1),
(1593, 103, 'Kerry', 'KE', 1),
(1594, 103, 'Kildare', 'KI', 1),
(1595, 103, 'Kilkenny', 'KL', 1),
(1596, 103, 'Laois', 'LA', 1);
INSERT INTO `ts_zone` (`zone_id`, `country_id`, `name`, `code`, `status`) VALUES
(1597, 103, 'Leitrim', 'LE', 1),
(1598, 103, 'Limerick', 'LI', 1),
(1599, 103, 'Longford', 'LO', 1),
(1600, 103, 'Louth', 'LU', 1),
(1601, 103, 'Mayo', 'MA', 1),
(1602, 103, 'Meath', 'ME', 1),
(1603, 103, 'Monaghan', 'MO', 1),
(1604, 103, 'Offaly', 'OF', 1),
(1605, 103, 'Roscommon', 'RO', 1),
(1606, 103, 'Sligo', 'SL', 1),
(1607, 103, 'Tipperary', 'TI', 1),
(1608, 103, 'Waterford', 'WA', 1),
(1609, 103, 'Westmeath', 'WE', 1),
(1610, 103, 'Wexford', 'WX', 1),
(1611, 103, 'Wicklow', 'WI', 1),
(1612, 104, 'Be\'er Sheva', 'BS', 1),
(1613, 104, 'Bika\'at Hayarden', 'BH', 1),
(1614, 104, 'Eilat and Arava', 'EA', 1),
(1615, 104, 'Galil', 'GA', 1),
(1616, 104, 'Haifa', 'HA', 1),
(1617, 104, 'Jehuda Mountains', 'JM', 1),
(1618, 104, 'Jerusalem', 'JE', 1),
(1619, 104, 'Negev', 'NE', 1),
(1620, 104, 'Semaria', 'SE', 1),
(1621, 104, 'Sharon', 'SH', 1),
(1622, 104, 'Tel Aviv (Gosh Dan)', 'TA', 1),
(3860, 105, 'Caltanissetta', 'CL', 1),
(3842, 105, 'Agrigento', 'AG', 1),
(3843, 105, 'Alessandria', 'AL', 1),
(3844, 105, 'Ancona', 'AN', 1),
(3845, 105, 'Aosta', 'AO', 1),
(3846, 105, 'Arezzo', 'AR', 1),
(3847, 105, 'Ascoli Piceno', 'AP', 1),
(3848, 105, 'Asti', 'AT', 1),
(3849, 105, 'Avellino', 'AV', 1),
(3850, 105, 'Bari', 'BA', 1),
(3851, 105, 'Belluno', 'BL', 1),
(3852, 105, 'Benevento', 'BN', 1),
(3853, 105, 'Bergamo', 'BG', 1),
(3854, 105, 'Biella', 'BI', 1),
(3855, 105, 'Bologna', 'BO', 1),
(3856, 105, 'Bolzano', 'BZ', 1),
(3857, 105, 'Brescia', 'BS', 1),
(3858, 105, 'Brindisi', 'BR', 1),
(3859, 105, 'Cagliari', 'CA', 1),
(1643, 106, 'Clarendon Parish', 'CLA', 1),
(1644, 106, 'Hanover Parish', 'HAN', 1),
(1645, 106, 'Kingston Parish', 'KIN', 1),
(1646, 106, 'Manchester Parish', 'MAN', 1),
(1647, 106, 'Portland Parish', 'POR', 1),
(1648, 106, 'Saint Andrew Parish', 'AND', 1),
(1649, 106, 'Saint Ann Parish', 'ANN', 1),
(1650, 106, 'Saint Catherine Parish', 'CAT', 1),
(1651, 106, 'Saint Elizabeth Parish', 'ELI', 1),
(1652, 106, 'Saint James Parish', 'JAM', 1),
(1653, 106, 'Saint Mary Parish', 'MAR', 1),
(1654, 106, 'Saint Thomas Parish', 'THO', 1),
(1655, 106, 'Trelawny Parish', 'TRL', 1),
(1656, 106, 'Westmoreland Parish', 'WML', 1),
(1657, 107, 'Aichi', 'AI', 1),
(1658, 107, 'Akita', 'AK', 1),
(1659, 107, 'Aomori', 'AO', 1),
(1660, 107, 'Chiba', 'CH', 1),
(1661, 107, 'Ehime', 'EH', 1),
(1662, 107, 'Fukui', 'FK', 1),
(1663, 107, 'Fukuoka', 'FU', 1),
(1664, 107, 'Fukushima', 'FS', 1),
(1665, 107, 'Gifu', 'GI', 1),
(1666, 107, 'Gumma', 'GU', 1),
(1667, 107, 'Hiroshima', 'HI', 1),
(1668, 107, 'Hokkaido', 'HO', 1),
(1669, 107, 'Hyogo', 'HY', 1),
(1670, 107, 'Ibaraki', 'IB', 1),
(1671, 107, 'Ishikawa', 'IS', 1),
(1672, 107, 'Iwate', 'IW', 1),
(1673, 107, 'Kagawa', 'KA', 1),
(1674, 107, 'Kagoshima', 'KG', 1),
(1675, 107, 'Kanagawa', 'KN', 1),
(1676, 107, 'Kochi', 'KO', 1),
(1677, 107, 'Kumamoto', 'KU', 1),
(1678, 107, 'Kyoto', 'KY', 1),
(1679, 107, 'Mie', 'MI', 1),
(1680, 107, 'Miyagi', 'MY', 1),
(1681, 107, 'Miyazaki', 'MZ', 1),
(1682, 107, 'Nagano', 'NA', 1),
(1683, 107, 'Nagasaki', 'NG', 1),
(1684, 107, 'Nara', 'NR', 1),
(1685, 107, 'Niigata', 'NI', 1),
(1686, 107, 'Oita', 'OI', 1),
(1687, 107, 'Okayama', 'OK', 1),
(1688, 107, 'Okinawa', 'ON', 1),
(1689, 107, 'Osaka', 'OS', 1),
(1690, 107, 'Saga', 'SA', 1),
(1691, 107, 'Saitama', 'SI', 1),
(1692, 107, 'Shiga', 'SH', 1),
(1693, 107, 'Shimane', 'SM', 1),
(1694, 107, 'Shizuoka', 'SZ', 1),
(1695, 107, 'Tochigi', 'TO', 1),
(1696, 107, 'Tokushima', 'TS', 1),
(1697, 107, 'Tokyo', 'TK', 1),
(1698, 107, 'Tottori', 'TT', 1),
(1699, 107, 'Toyama', 'TY', 1),
(1700, 107, 'Wakayama', 'WA', 1),
(1701, 107, 'Yamagata', 'YA', 1),
(1702, 107, 'Yamaguchi', 'YM', 1),
(1703, 107, 'Yamanashi', 'YN', 1),
(1704, 108, '\'Amman', 'AM', 1),
(1705, 108, 'Ajlun', 'AJ', 1),
(1706, 108, 'Al \'Aqabah', 'AA', 1),
(1707, 108, 'Al Balqa\'', 'AB', 1),
(1708, 108, 'Al Karak', 'AK', 1),
(1709, 108, 'Al Mafraq', 'AL', 1),
(1710, 108, 'At Tafilah', 'AT', 1),
(1711, 108, 'Az Zarqa\'', 'AZ', 1),
(1712, 108, 'Irbid', 'IR', 1),
(1713, 108, 'Jarash', 'JA', 1),
(1714, 108, 'Ma\'an', 'MA', 1),
(1715, 108, 'Madaba', 'MD', 1),
(1716, 109, 'Almaty', 'AL', 1),
(1717, 109, 'Almaty City', 'AC', 1),
(1718, 109, 'Aqmola', 'AM', 1),
(1719, 109, 'Aqtobe', 'AQ', 1),
(1720, 109, 'Astana City', 'AS', 1),
(1721, 109, 'Atyrau', 'AT', 1),
(1722, 109, 'Batys Qazaqstan', 'BA', 1),
(1723, 109, 'Bayqongyr City', 'BY', 1),
(1724, 109, 'Mangghystau', 'MA', 1),
(1725, 109, 'Ongtustik Qazaqstan', 'ON', 1),
(1726, 109, 'Pavlodar', 'PA', 1),
(1727, 109, 'Qaraghandy', 'QA', 1),
(1728, 109, 'Qostanay', 'QO', 1),
(1729, 109, 'Qyzylorda', 'QY', 1),
(1730, 109, 'Shyghys Qazaqstan', 'SH', 1),
(1731, 109, 'Soltustik Qazaqstan', 'SO', 1),
(1732, 109, 'Zhambyl', 'ZH', 1),
(1733, 110, 'Central', 'CE', 1),
(1734, 110, 'Coast', 'CO', 1),
(1735, 110, 'Eastern', 'EA', 1),
(1736, 110, 'Nairobi Area', 'NA', 1),
(1737, 110, 'North Eastern', 'NE', 1),
(1738, 110, 'Nyanza', 'NY', 1),
(1739, 110, 'Rift Valley', 'RV', 1),
(1740, 110, 'Western', 'WE', 1),
(1741, 111, 'Abaiang', 'AG', 1),
(1742, 111, 'Abemama', 'AM', 1),
(1743, 111, 'Aranuka', 'AK', 1),
(1744, 111, 'Arorae', 'AO', 1),
(1745, 111, 'Banaba', 'BA', 1),
(1746, 111, 'Beru', 'BE', 1),
(1747, 111, 'Butaritari', 'bT', 1),
(1748, 111, 'Kanton', 'KA', 1),
(1749, 111, 'Kiritimati', 'KR', 1),
(1750, 111, 'Kuria', 'KU', 1),
(1751, 111, 'Maiana', 'MI', 1),
(1752, 111, 'Makin', 'MN', 1),
(1753, 111, 'Marakei', 'ME', 1),
(1754, 111, 'Nikunau', 'NI', 1),
(1755, 111, 'Nonouti', 'NO', 1),
(1756, 111, 'Onotoa', 'ON', 1),
(1757, 111, 'Tabiteuea', 'TT', 1),
(1758, 111, 'Tabuaeran', 'TR', 1),
(1759, 111, 'Tamana', 'TM', 1),
(1760, 111, 'Tarawa', 'TW', 1),
(1761, 111, 'Teraina', 'TE', 1),
(1762, 112, 'Chagang-do', 'CHA', 1),
(1763, 112, 'Hamgyong-bukto', 'HAB', 1),
(1764, 112, 'Hamgyong-namdo', 'HAN', 1),
(1765, 112, 'Hwanghae-bukto', 'HWB', 1),
(1766, 112, 'Hwanghae-namdo', 'HWN', 1),
(1767, 112, 'Kangwon-do', 'KAN', 1),
(1768, 112, 'P\'yongan-bukto', 'PYB', 1),
(1769, 112, 'P\'yongan-namdo', 'PYN', 1),
(1770, 112, 'Ryanggang-do (Yanggang-do)', 'YAN', 1),
(1771, 112, 'Rason Directly Governed City', 'NAJ', 1),
(1772, 112, 'P\'yongyang Special City', 'PYO', 1),
(1773, 113, 'Ch\'ungch\'ong-bukto', 'CO', 1),
(1774, 113, 'Ch\'ungch\'ong-namdo', 'CH', 1),
(1775, 113, 'Cheju-do', 'CD', 1),
(1776, 113, 'Cholla-bukto', 'CB', 1),
(1777, 113, 'Cholla-namdo', 'CN', 1),
(1778, 113, 'Inch\'on-gwangyoksi', 'IG', 1),
(1779, 113, 'Kangwon-do', 'KA', 1),
(1780, 113, 'Kwangju-gwangyoksi', 'KG', 1),
(1781, 113, 'Kyonggi-do', 'KD', 1),
(1782, 113, 'Kyongsang-bukto', 'KB', 1),
(1783, 113, 'Kyongsang-namdo', 'KN', 1),
(1784, 113, 'Pusan-gwangyoksi', 'PG', 1),
(1785, 113, 'Soul-t\'ukpyolsi', 'SO', 1),
(1786, 113, 'Taegu-gwangyoksi', 'TA', 1),
(1787, 113, 'Taejon-gwangyoksi', 'TG', 1),
(1788, 114, 'Al \'Asimah', 'AL', 1),
(1789, 114, 'Al Ahmadi', 'AA', 1),
(1790, 114, 'Al Farwaniyah', 'AF', 1),
(1791, 114, 'Al Jahra\'', 'AJ', 1),
(1792, 114, 'Hawalli', 'HA', 1),
(1793, 115, 'Bishkek', 'GB', 1),
(1794, 115, 'Batken', 'B', 1),
(1795, 115, 'Chu', 'C', 1),
(1796, 115, 'Jalal-Abad', 'J', 1),
(1797, 115, 'Naryn', 'N', 1),
(1798, 115, 'Osh', 'O', 1),
(1799, 115, 'Talas', 'T', 1),
(1800, 115, 'Ysyk-Kol', 'Y', 1),
(1801, 116, 'Vientiane', 'VT', 1),
(1802, 116, 'Attapu', 'AT', 1),
(1803, 116, 'Bokeo', 'BK', 1),
(1804, 116, 'Bolikhamxai', 'BL', 1),
(1805, 116, 'Champasak', 'CH', 1),
(1806, 116, 'Houaphan', 'HO', 1),
(1807, 116, 'Khammouan', 'KH', 1),
(1808, 116, 'Louang Namtha', 'LM', 1),
(1809, 116, 'Louangphabang', 'LP', 1),
(1810, 116, 'Oudomxai', 'OU', 1),
(1811, 116, 'Phongsali', 'PH', 1),
(1812, 116, 'Salavan', 'SL', 1),
(1813, 116, 'Savannakhet', 'SV', 1),
(1814, 116, 'Vientiane', 'VI', 1),
(1815, 116, 'Xaignabouli', 'XA', 1),
(1816, 116, 'Xekong', 'XE', 1),
(1817, 116, 'Xiangkhoang', 'XI', 1),
(1818, 116, 'Xaisomboun', 'XN', 1),
(1852, 119, 'Berea', 'BE', 1),
(1853, 119, 'Butha-Buthe', 'BB', 1),
(1854, 119, 'Leribe', 'LE', 1),
(1855, 119, 'Mafeteng', 'MF', 1),
(1856, 119, 'Maseru', 'MS', 1),
(1857, 119, 'Mohale\'s Hoek', 'MH', 1),
(1858, 119, 'Mokhotlong', 'MK', 1),
(1859, 119, 'Qacha\'s Nek', 'QN', 1),
(1860, 119, 'Quthing', 'QT', 1),
(1861, 119, 'Thaba-Tseka', 'TT', 1),
(1862, 120, 'Bomi', 'BI', 1),
(1863, 120, 'Bong', 'BG', 1),
(1864, 120, 'Grand Bassa', 'GB', 1),
(1865, 120, 'Grand Cape Mount', 'CM', 1),
(1866, 120, 'Grand Gedeh', 'GG', 1),
(1867, 120, 'Grand Kru', 'GK', 1),
(1868, 120, 'Lofa', 'LO', 1),
(1869, 120, 'Margibi', 'MG', 1),
(1870, 120, 'Maryland', 'ML', 1),
(1871, 120, 'Montserrado', 'MS', 1),
(1872, 120, 'Nimba', 'NB', 1),
(1873, 120, 'River Cess', 'RC', 1),
(1874, 120, 'Sinoe', 'SN', 1),
(1875, 121, 'Ajdabiya', 'AJ', 1),
(1876, 121, 'Al \'Aziziyah', 'AZ', 1),
(1877, 121, 'Al Fatih', 'FA', 1),
(1878, 121, 'Al Jabal al Akhdar', 'JA', 1),
(1879, 121, 'Al Jufrah', 'JU', 1),
(1880, 121, 'Al Khums', 'KH', 1),
(1881, 121, 'Al Kufrah', 'KU', 1),
(1882, 121, 'An Nuqat al Khams', 'NK', 1),
(1883, 121, 'Ash Shati\'', 'AS', 1),
(1884, 121, 'Awbari', 'AW', 1),
(1885, 121, 'Az Zawiyah', 'ZA', 1),
(1886, 121, 'Banghazi', 'BA', 1),
(1887, 121, 'Darnah', 'DA', 1),
(1888, 121, 'Ghadamis', 'GD', 1),
(1889, 121, 'Gharyan', 'GY', 1),
(1890, 121, 'Misratah', 'MI', 1),
(1891, 121, 'Murzuq', 'MZ', 1),
(1892, 121, 'Sabha', 'SB', 1),
(1893, 121, 'Sawfajjin', 'SW', 1),
(1894, 121, 'Surt', 'SU', 1),
(1895, 121, 'Tarabulus (Tripoli)', 'TL', 1),
(1896, 121, 'Tarhunah', 'TH', 1),
(1897, 121, 'Tubruq', 'TU', 1),
(1898, 121, 'Yafran', 'YA', 1),
(1899, 121, 'Zlitan', 'ZL', 1),
(1900, 122, 'Vaduz', 'V', 1),
(1901, 122, 'Schaan', 'A', 1),
(1902, 122, 'Balzers', 'B', 1),
(1903, 122, 'Triesen', 'N', 1),
(1904, 122, 'Eschen', 'E', 1),
(1905, 122, 'Mauren', 'M', 1),
(1906, 122, 'Triesenberg', 'T', 1),
(1907, 122, 'Ruggell', 'R', 1),
(1908, 122, 'Gamprin', 'G', 1),
(1909, 122, 'Schellenberg', 'L', 1),
(1910, 122, 'Planken', 'P', 1),
(1911, 123, 'Alytus', 'AL', 1),
(1912, 123, 'Kaunas', 'KA', 1),
(1913, 123, 'Klaipeda', 'KL', 1),
(1914, 123, 'Marijampole', 'MA', 1),
(1915, 123, 'Panevezys', 'PA', 1),
(1916, 123, 'Siauliai', 'SI', 1),
(1917, 123, 'Taurage', 'TA', 1),
(1918, 123, 'Telsiai', 'TE', 1),
(1919, 123, 'Utena', 'UT', 1),
(1920, 123, 'Vilnius', 'VI', 1),
(1921, 124, 'Diekirch', 'DD', 1),
(1922, 124, 'Clervaux', 'DC', 1),
(1923, 124, 'Redange', 'DR', 1),
(1924, 124, 'Vianden', 'DV', 1),
(1925, 124, 'Wiltz', 'DW', 1),
(1926, 124, 'Grevenmacher', 'GG', 1),
(1927, 124, 'Echternach', 'GE', 1),
(1928, 124, 'Remich', 'GR', 1),
(1929, 124, 'Luxembourg', 'LL', 1),
(1930, 124, 'Capellen', 'LC', 1),
(1931, 124, 'Esch-sur-Alzette', 'LE', 1),
(1932, 124, 'Mersch', 'LM', 1),
(1933, 125, 'Our Lady Fatima Parish', 'OLF', 1),
(1934, 125, 'St. Anthony Parish', 'ANT', 1),
(1935, 125, 'St. Lazarus Parish', 'LAZ', 1),
(1936, 125, 'Cathedral Parish', 'CAT', 1),
(1937, 125, 'St. Lawrence Parish', 'LAW', 1),
(1938, 127, 'Antananarivo', 'AN', 1),
(1939, 127, 'Antsiranana', 'AS', 1),
(1940, 127, 'Fianarantsoa', 'FN', 1),
(1941, 127, 'Mahajanga', 'MJ', 1),
(1942, 127, 'Toamasina', 'TM', 1),
(1943, 127, 'Toliara', 'TL', 1),
(1944, 128, 'Balaka', 'BLK', 1),
(1945, 128, 'Blantyre', 'BLT', 1),
(1946, 128, 'Chikwawa', 'CKW', 1),
(1947, 128, 'Chiradzulu', 'CRD', 1),
(1948, 128, 'Chitipa', 'CTP', 1),
(1949, 128, 'Dedza', 'DDZ', 1),
(1950, 128, 'Dowa', 'DWA', 1),
(1951, 128, 'Karonga', 'KRG', 1),
(1952, 128, 'Kasungu', 'KSG', 1),
(1953, 128, 'Likoma', 'LKM', 1),
(1954, 128, 'Lilongwe', 'LLG', 1),
(1955, 128, 'Machinga', 'MCG', 1),
(1956, 128, 'Mangochi', 'MGC', 1),
(1957, 128, 'Mchinji', 'MCH', 1),
(1958, 128, 'Mulanje', 'MLJ', 1),
(1959, 128, 'Mwanza', 'MWZ', 1),
(1960, 128, 'Mzimba', 'MZM', 1),
(1961, 128, 'Ntcheu', 'NTU', 1),
(1962, 128, 'Nkhata Bay', 'NKB', 1),
(1963, 128, 'Nkhotakota', 'NKH', 1),
(1964, 128, 'Nsanje', 'NSJ', 1),
(1965, 128, 'Ntchisi', 'NTI', 1),
(1966, 128, 'Phalombe', 'PHL', 1),
(1967, 128, 'Rumphi', 'RMP', 1),
(1968, 128, 'Salima', 'SLM', 1),
(1969, 128, 'Thyolo', 'THY', 1),
(1970, 128, 'Zomba', 'ZBA', 1),
(1971, 129, 'Johor', 'MY-01', 1),
(1972, 129, 'Kedah', 'MY-02', 1),
(1973, 129, 'Kelantan', 'MY-03', 1),
(1974, 129, 'Labuan', 'MY-15', 1),
(1975, 129, 'Melaka', 'MY-04', 1),
(1976, 129, 'Negeri Sembilan', 'MY-05', 1),
(1977, 129, 'Pahang', 'MY-06', 1),
(1978, 129, 'Perak', 'MY-08', 1),
(1979, 129, 'Perlis', 'MY-09', 1),
(1980, 129, 'Pulau Pinang', 'MY-07', 1),
(1981, 129, 'Sabah', 'MY-12', 1),
(1982, 129, 'Sarawak', 'MY-13', 1),
(1983, 129, 'Selangor', 'MY-10', 1),
(1984, 129, 'Terengganu', 'MY-11', 1),
(1985, 129, 'Kuala Lumpur', 'MY-14', 1),
(4035, 129, 'Putrajaya', 'MY-16', 1),
(1986, 130, 'Thiladhunmathi Uthuru', 'THU', 1),
(1987, 130, 'Thiladhunmathi Dhekunu', 'THD', 1),
(1988, 130, 'Miladhunmadulu Uthuru', 'MLU', 1),
(1989, 130, 'Miladhunmadulu Dhekunu', 'MLD', 1),
(1990, 130, 'Maalhosmadulu Uthuru', 'MAU', 1),
(1991, 130, 'Maalhosmadulu Dhekunu', 'MAD', 1),
(1992, 130, 'Faadhippolhu', 'FAA', 1),
(1993, 130, 'Male Atoll', 'MAA', 1),
(1994, 130, 'Ari Atoll Uthuru', 'AAU', 1),
(1995, 130, 'Ari Atoll Dheknu', 'AAD', 1),
(1996, 130, 'Felidhe Atoll', 'FEA', 1),
(1997, 130, 'Mulaku Atoll', 'MUA', 1),
(1998, 130, 'Nilandhe Atoll Uthuru', 'NAU', 1),
(1999, 130, 'Nilandhe Atoll Dhekunu', 'NAD', 1),
(2000, 130, 'Kolhumadulu', 'KLH', 1),
(2001, 130, 'Hadhdhunmathi', 'HDH', 1),
(2002, 130, 'Huvadhu Atoll Uthuru', 'HAU', 1),
(2003, 130, 'Huvadhu Atoll Dhekunu', 'HAD', 1),
(2004, 130, 'Fua Mulaku', 'FMU', 1),
(2005, 130, 'Addu', 'ADD', 1),
(2006, 131, 'Gao', 'GA', 1),
(2007, 131, 'Kayes', 'KY', 1),
(2008, 131, 'Kidal', 'KD', 1),
(2009, 131, 'Koulikoro', 'KL', 1),
(2010, 131, 'Mopti', 'MP', 1),
(2011, 131, 'Segou', 'SG', 1),
(2012, 131, 'Sikasso', 'SK', 1),
(2013, 131, 'Tombouctou', 'TB', 1),
(2014, 131, 'Bamako Capital District', 'CD', 1),
(2015, 132, 'Attard', 'ATT', 1),
(2016, 132, 'Balzan', 'BAL', 1),
(2017, 132, 'Birgu', 'BGU', 1),
(2018, 132, 'Birkirkara', 'BKK', 1),
(2019, 132, 'Birzebbuga', 'BRZ', 1),
(2020, 132, 'Bormla', 'BOR', 1),
(2021, 132, 'Dingli', 'DIN', 1),
(2022, 132, 'Fgura', 'FGU', 1),
(2023, 132, 'Floriana', 'FLO', 1),
(2024, 132, 'Gudja', 'GDJ', 1),
(2025, 132, 'Gzira', 'GZR', 1),
(2026, 132, 'Gargur', 'GRG', 1),
(2027, 132, 'Gaxaq', 'GXQ', 1),
(2028, 132, 'Hamrun', 'HMR', 1),
(2029, 132, 'Iklin', 'IKL', 1),
(2030, 132, 'Isla', 'ISL', 1),
(2031, 132, 'Kalkara', 'KLK', 1),
(2032, 132, 'Kirkop', 'KRK', 1),
(2033, 132, 'Lija', 'LIJ', 1),
(2034, 132, 'Luqa', 'LUQ', 1),
(2035, 132, 'Marsa', 'MRS', 1),
(2036, 132, 'Marsaskala', 'MKL', 1),
(2037, 132, 'Marsaxlokk', 'MXL', 1),
(2038, 132, 'Mdina', 'MDN', 1),
(2039, 132, 'Melliea', 'MEL', 1),
(2040, 132, 'Mgarr', 'MGR', 1),
(2041, 132, 'Mosta', 'MST', 1),
(2042, 132, 'Mqabba', 'MQA', 1),
(2043, 132, 'Msida', 'MSI', 1),
(2044, 132, 'Mtarfa', 'MTF', 1),
(2045, 132, 'Naxxar', 'NAX', 1),
(2046, 132, 'Paola', 'PAO', 1),
(2047, 132, 'Pembroke', 'PEM', 1),
(2048, 132, 'Pieta', 'PIE', 1),
(2049, 132, 'Qormi', 'QOR', 1),
(2050, 132, 'Qrendi', 'QRE', 1),
(2051, 132, 'Rabat', 'RAB', 1),
(2052, 132, 'Safi', 'SAF', 1),
(2053, 132, 'San Giljan', 'SGI', 1),
(2054, 132, 'Santa Lucija', 'SLU', 1),
(2055, 132, 'San Pawl il-Bahar', 'SPB', 1),
(2056, 132, 'San Gwann', 'SGW', 1),
(2057, 132, 'Santa Venera', 'SVE', 1),
(2058, 132, 'Siggiewi', 'SIG', 1),
(2059, 132, 'Sliema', 'SLM', 1),
(2060, 132, 'Swieqi', 'SWQ', 1),
(2061, 132, 'Ta Xbiex', 'TXB', 1),
(2062, 132, 'Tarxien', 'TRX', 1),
(2063, 132, 'Valletta', 'VLT', 1),
(2064, 132, 'Xgajra', 'XGJ', 1),
(2065, 132, 'Zabbar', 'ZBR', 1),
(2066, 132, 'Zebbug', 'ZBG', 1),
(2067, 132, 'Zejtun', 'ZJT', 1),
(2068, 132, 'Zurrieq', 'ZRQ', 1),
(2069, 132, 'Fontana', 'FNT', 1),
(2070, 132, 'Ghajnsielem', 'GHJ', 1),
(2071, 132, 'Gharb', 'GHR', 1),
(2072, 132, 'Ghasri', 'GHS', 1),
(2073, 132, 'Kercem', 'KRC', 1),
(2074, 132, 'Munxar', 'MUN', 1),
(2075, 132, 'Nadur', 'NAD', 1),
(2076, 132, 'Qala', 'QAL', 1),
(2077, 132, 'Victoria', 'VIC', 1),
(2078, 132, 'San Lawrenz', 'SLA', 1),
(2079, 132, 'Sannat', 'SNT', 1),
(2080, 132, 'Xagra', 'ZAG', 1),
(2081, 132, 'Xewkija', 'XEW', 1),
(2082, 132, 'Zebbug', 'ZEB', 1),
(2083, 133, 'Ailinginae', 'ALG', 1),
(2084, 133, 'Ailinglaplap', 'ALL', 1),
(2085, 133, 'Ailuk', 'ALK', 1),
(2086, 133, 'Arno', 'ARN', 1),
(2087, 133, 'Aur', 'AUR', 1),
(2088, 133, 'Bikar', 'BKR', 1),
(2089, 133, 'Bikini', 'BKN', 1),
(2090, 133, 'Bokak', 'BKK', 1),
(2091, 133, 'Ebon', 'EBN', 1),
(2092, 133, 'Enewetak', 'ENT', 1),
(2093, 133, 'Erikub', 'EKB', 1),
(2094, 133, 'Jabat', 'JBT', 1),
(2095, 133, 'Jaluit', 'JLT', 1),
(2096, 133, 'Jemo', 'JEM', 1),
(2097, 133, 'Kili', 'KIL', 1),
(2098, 133, 'Kwajalein', 'KWJ', 1),
(2099, 133, 'Lae', 'LAE', 1),
(2100, 133, 'Lib', 'LIB', 1),
(2101, 133, 'Likiep', 'LKP', 1),
(2102, 133, 'Majuro', 'MJR', 1),
(2103, 133, 'Maloelap', 'MLP', 1),
(2104, 133, 'Mejit', 'MJT', 1),
(2105, 133, 'Mili', 'MIL', 1),
(2106, 133, 'Namorik', 'NMK', 1),
(2107, 133, 'Namu', 'NAM', 1),
(2108, 133, 'Rongelap', 'RGL', 1),
(2109, 133, 'Rongrik', 'RGK', 1),
(2110, 133, 'Toke', 'TOK', 1),
(2111, 133, 'Ujae', 'UJA', 1),
(2112, 133, 'Ujelang', 'UJL', 1),
(2113, 133, 'Utirik', 'UTK', 1),
(2114, 133, 'Wotho', 'WTH', 1),
(2115, 133, 'Wotje', 'WTJ', 1),
(2116, 135, 'Adrar', 'AD', 1),
(2117, 135, 'Assaba', 'AS', 1),
(2118, 135, 'Brakna', 'BR', 1),
(2119, 135, 'Dakhlet Nouadhibou', 'DN', 1),
(2120, 135, 'Gorgol', 'GO', 1),
(2121, 135, 'Guidimaka', 'GM', 1),
(2122, 135, 'Hodh Ech Chargui', 'HC', 1),
(2123, 135, 'Hodh El Gharbi', 'HG', 1),
(2124, 135, 'Inchiri', 'IN', 1),
(2125, 135, 'Tagant', 'TA', 1),
(2126, 135, 'Tiris Zemmour', 'TZ', 1),
(2127, 135, 'Trarza', 'TR', 1),
(2128, 135, 'Nouakchott', 'NO', 1),
(2129, 136, 'Beau Bassin-Rose Hill', 'BR', 1),
(2130, 136, 'Curepipe', 'CU', 1),
(2131, 136, 'Port Louis', 'PU', 1),
(2132, 136, 'Quatre Bornes', 'QB', 1),
(2133, 136, 'Vacoas-Phoenix', 'VP', 1),
(2134, 136, 'Agalega Islands', 'AG', 1),
(2135, 136, 'Cargados Carajos Shoals (Saint Brandon Islands)', 'CC', 1),
(2136, 136, 'Rodrigues', 'RO', 1),
(2137, 136, 'Black River', 'BL', 1),
(2138, 136, 'Flacq', 'FL', 1),
(2139, 136, 'Grand Port', 'GP', 1),
(2140, 136, 'Moka', 'MO', 1),
(2141, 136, 'Pamplemousses', 'PA', 1),
(2142, 136, 'Plaines Wilhems', 'PW', 1),
(2143, 136, 'Port Louis', 'PL', 1),
(2144, 136, 'Riviere du Rempart', 'RR', 1),
(2145, 136, 'Savanne', 'SA', 1),
(2146, 138, 'Baja California Norte', 'BN', 1),
(2147, 138, 'Baja California Sur', 'BS', 1),
(2148, 138, 'Campeche', 'CA', 1),
(2149, 138, 'Chiapas', 'CI', 1),
(2150, 138, 'Chihuahua', 'CH', 1),
(2151, 138, 'Coahuila de Zaragoza', 'CZ', 1),
(2152, 138, 'Colima', 'CL', 1),
(2153, 138, 'Distrito Federal', 'DF', 1),
(2154, 138, 'Durango', 'DU', 1),
(2155, 138, 'Guanajuato', 'GA', 1),
(2156, 138, 'Guerrero', 'GE', 1),
(2157, 138, 'Hidalgo', 'HI', 1),
(2158, 138, 'Jalisco', 'JA', 1),
(2159, 138, 'Mexico', 'ME', 1),
(2160, 138, 'Michoacan de Ocampo', 'MI', 1),
(2161, 138, 'Morelos', 'MO', 1),
(2162, 138, 'Nayarit', 'NA', 1),
(2163, 138, 'Nuevo Leon', 'NL', 1),
(2164, 138, 'Oaxaca', 'OA', 1),
(2165, 138, 'Puebla', 'PU', 1),
(2166, 138, 'Queretaro de Arteaga', 'QA', 1),
(2167, 138, 'Quintana Roo', 'QR', 1),
(2168, 138, 'San Luis Potosi', 'SA', 1),
(2169, 138, 'Sinaloa', 'SI', 1),
(2170, 138, 'Sonora', 'SO', 1),
(2171, 138, 'Tabasco', 'TB', 1),
(2172, 138, 'Tamaulipas', 'TM', 1),
(2173, 138, 'Tlaxcala', 'TL', 1),
(2174, 138, 'Veracruz-Llave', 'VE', 1),
(2175, 138, 'Yucatan', 'YU', 1),
(2176, 138, 'Zacatecas', 'ZA', 1),
(2177, 139, 'Chuuk', 'C', 1),
(2178, 139, 'Kosrae', 'K', 1),
(2179, 139, 'Pohnpei', 'P', 1),
(2180, 139, 'Yap', 'Y', 1),
(2181, 140, 'Gagauzia', 'GA', 1),
(2182, 140, 'Chisinau', 'CU', 1),
(2183, 140, 'Balti', 'BA', 1),
(2184, 140, 'Cahul', 'CA', 1),
(2185, 140, 'Edinet', 'ED', 1),
(2186, 140, 'Lapusna', 'LA', 1),
(2187, 140, 'Orhei', 'OR', 1),
(2188, 140, 'Soroca', 'SO', 1),
(2189, 140, 'Tighina', 'TI', 1),
(2190, 140, 'Ungheni', 'UN', 1),
(2191, 140, 'St‚nga Nistrului', 'SN', 1),
(2192, 141, 'Fontvieille', 'FV', 1),
(2193, 141, 'La Condamine', 'LC', 1),
(2194, 141, 'Monaco-Ville', 'MV', 1),
(2195, 141, 'Monte-Carlo', 'MC', 1),
(2196, 142, 'Ulanbaatar', '1', 1),
(2197, 142, 'Orhon', '035', 1),
(2198, 142, 'Darhan uul', '037', 1),
(2199, 142, 'Hentiy', '039', 1),
(2200, 142, 'Hovsgol', '041', 1),
(2201, 142, 'Hovd', '043', 1),
(2202, 142, 'Uvs', '046', 1),
(2203, 142, 'Tov', '047', 1),
(2204, 142, 'Selenge', '049', 1),
(2205, 142, 'Suhbaatar', '051', 1),
(2206, 142, 'Omnogovi', '053', 1),
(2207, 142, 'Ovorhangay', '055', 1),
(2208, 142, 'Dzavhan', '057', 1),
(2209, 142, 'DundgovL', '059', 1),
(2210, 142, 'Dornod', '061', 1),
(2211, 142, 'Dornogov', '063', 1),
(2212, 142, 'Govi-Sumber', '064', 1),
(2213, 142, 'Govi-Altay', '065', 1),
(2214, 142, 'Bulgan', '067', 1),
(2215, 142, 'Bayanhongor', '069', 1),
(2216, 142, 'Bayan-Olgiy', '071', 1),
(2217, 142, 'Arhangay', '073', 1),
(2218, 143, 'Saint Anthony', 'A', 1),
(2219, 143, 'Saint Georges', 'G', 1),
(2220, 143, 'Saint Peter', 'P', 1),
(2221, 144, 'Agadir', 'AGD', 1),
(2222, 144, 'Al Hoceima', 'HOC', 1),
(2223, 144, 'Azilal', 'AZI', 1),
(2224, 144, 'Beni Mellal', 'BME', 1),
(2225, 144, 'Ben Slimane', 'BSL', 1),
(2226, 144, 'Boulemane', 'BLM', 1),
(2227, 144, 'Casablanca', 'CBL', 1),
(2228, 144, 'Chaouen', 'CHA', 1),
(2229, 144, 'El Jadida', 'EJA', 1),
(2230, 144, 'El Kelaa des Sraghna', 'EKS', 1),
(2231, 144, 'Er Rachidia', 'ERA', 1),
(2232, 144, 'Essaouira', 'ESS', 1),
(2233, 144, 'Fes', 'FES', 1),
(2234, 144, 'Figuig', 'FIG', 1),
(2235, 144, 'Guelmim', 'GLM', 1),
(2236, 144, 'Ifrane', 'IFR', 1),
(2237, 144, 'Kenitra', 'KEN', 1),
(2238, 144, 'Khemisset', 'KHM', 1),
(2239, 144, 'Khenifra', 'KHN', 1),
(2240, 144, 'Khouribga', 'KHO', 1),
(2241, 144, 'Laayoune', 'LYN', 1),
(2242, 144, 'Larache', 'LAR', 1),
(2243, 144, 'Marrakech', 'MRK', 1),
(2244, 144, 'Meknes', 'MKN', 1),
(2245, 144, 'Nador', 'NAD', 1),
(2246, 144, 'Ouarzazate', 'ORZ', 1),
(2247, 144, 'Oujda', 'OUJ', 1),
(2248, 144, 'Rabat-Sale', 'RSA', 1),
(2249, 144, 'Safi', 'SAF', 1),
(2250, 144, 'Settat', 'SET', 1),
(2251, 144, 'Sidi Kacem', 'SKA', 1),
(2252, 144, 'Tangier', 'TGR', 1),
(2253, 144, 'Tan-Tan', 'TAN', 1),
(2254, 144, 'Taounate', 'TAO', 1),
(2255, 144, 'Taroudannt', 'TRD', 1),
(2256, 144, 'Tata', 'TAT', 1),
(2257, 144, 'Taza', 'TAZ', 1),
(2258, 144, 'Tetouan', 'TET', 1),
(2259, 144, 'Tiznit', 'TIZ', 1),
(2260, 144, 'Ad Dakhla', 'ADK', 1),
(2261, 144, 'Boujdour', 'BJD', 1),
(2262, 144, 'Es Smara', 'ESM', 1),
(2263, 145, 'Cabo Delgado', 'CD', 1),
(2264, 145, 'Gaza', 'GZ', 1),
(2265, 145, 'Inhambane', 'IN', 1),
(2266, 145, 'Manica', 'MN', 1),
(2267, 145, 'Maputo (city)', 'MC', 1),
(2268, 145, 'Maputo', 'MP', 1),
(2269, 145, 'Nampula', 'NA', 1),
(2270, 145, 'Niassa', 'NI', 1),
(2271, 145, 'Sofala', 'SO', 1),
(2272, 145, 'Tete', 'TE', 1),
(2273, 145, 'Zambezia', 'ZA', 1),
(2274, 146, 'Ayeyarwady', 'AY', 1),
(2275, 146, 'Bago', 'BG', 1),
(2276, 146, 'Magway', 'MG', 1),
(2277, 146, 'Mandalay', 'MD', 1),
(2278, 146, 'Sagaing', 'SG', 1),
(2279, 146, 'Tanintharyi', 'TN', 1),
(2280, 146, 'Yangon', 'YG', 1),
(2281, 146, 'Chin State', 'CH', 1),
(2282, 146, 'Kachin State', 'KC', 1),
(2283, 146, 'Kayah State', 'KH', 1),
(2284, 146, 'Kayin State', 'KN', 1),
(2285, 146, 'Mon State', 'MN', 1),
(2286, 146, 'Rakhine State', 'RK', 1),
(2287, 146, 'Shan State', 'SH', 1),
(2288, 147, 'Caprivi', 'CA', 1),
(2289, 147, 'Erongo', 'ER', 1),
(2290, 147, 'Hardap', 'HA', 1),
(2291, 147, 'Karas', 'KR', 1),
(2292, 147, 'Kavango', 'KV', 1),
(2293, 147, 'Khomas', 'KH', 1),
(2294, 147, 'Kunene', 'KU', 1),
(2295, 147, 'Ohangwena', 'OW', 1),
(2296, 147, 'Omaheke', 'OK', 1),
(2297, 147, 'Omusati', 'OT', 1),
(2298, 147, 'Oshana', 'ON', 1),
(2299, 147, 'Oshikoto', 'OO', 1),
(2300, 147, 'Otjozondjupa', 'OJ', 1),
(2301, 148, 'Aiwo', 'AO', 1),
(2302, 148, 'Anabar', 'AA', 1),
(2303, 148, 'Anetan', 'AT', 1),
(2304, 148, 'Anibare', 'AI', 1),
(2305, 148, 'Baiti', 'BA', 1),
(2306, 148, 'Boe', 'BO', 1),
(2307, 148, 'Buada', 'BU', 1),
(2308, 148, 'Denigomodu', 'DE', 1),
(2309, 148, 'Ewa', 'EW', 1),
(2310, 148, 'Ijuw', 'IJ', 1),
(2311, 148, 'Meneng', 'ME', 1),
(2312, 148, 'Nibok', 'NI', 1),
(2313, 148, 'Uaboe', 'UA', 1),
(2314, 148, 'Yaren', 'YA', 1),
(2315, 149, 'Bagmati', 'BA', 1),
(2316, 149, 'Bheri', 'BH', 1),
(2317, 149, 'Dhawalagiri', 'DH', 1),
(2318, 149, 'Gandaki', 'GA', 1),
(2319, 149, 'Janakpur', 'JA', 1),
(2320, 149, 'Karnali', 'KA', 1),
(2321, 149, 'Kosi', 'KO', 1),
(2322, 149, 'Lumbini', 'LU', 1),
(2323, 149, 'Mahakali', 'MA', 1),
(2324, 149, 'Mechi', 'ME', 1),
(2325, 149, 'Narayani', 'NA', 1),
(2326, 149, 'Rapti', 'RA', 1),
(2327, 149, 'Sagarmatha', 'SA', 1),
(2328, 149, 'Seti', 'SE', 1),
(2329, 150, 'Drenthe', 'DR', 1),
(2330, 150, 'Flevoland', 'FL', 1),
(2331, 150, 'Friesland', 'FR', 1),
(2332, 150, 'Gelderland', 'GE', 1),
(2333, 150, 'Groningen', 'GR', 1),
(2334, 150, 'Limburg', 'LI', 1),
(2335, 150, 'Noord Brabant', 'NB', 1),
(2336, 150, 'Noord Holland', 'NH', 1),
(2337, 150, 'Overijssel', 'OV', 1),
(2338, 150, 'Utrecht', 'UT', 1),
(2339, 150, 'Zeeland', 'ZE', 1),
(2340, 150, 'Zuid Holland', 'ZH', 1),
(2341, 152, 'Iles Loyaute', 'L', 1),
(2342, 152, 'Nord', 'N', 1),
(2343, 152, 'Sud', 'S', 1),
(2344, 153, 'Auckland', 'AUK', 1),
(2345, 153, 'Bay of Plenty', 'BOP', 1),
(2346, 153, 'Canterbury', 'CAN', 1),
(2347, 153, 'Coromandel', 'COR', 1),
(2348, 153, 'Gisborne', 'GIS', 1),
(2349, 153, 'Fiordland', 'FIO', 1),
(2350, 153, 'Hawke\'s Bay', 'HKB', 1),
(2351, 153, 'Marlborough', 'MBH', 1),
(2352, 153, 'Manawatu-Wanganui', 'MWT', 1),
(2353, 153, 'Mt Cook-Mackenzie', 'MCM', 1),
(2354, 153, 'Nelson', 'NSN', 1),
(2355, 153, 'Northland', 'NTL', 1),
(2356, 153, 'Otago', 'OTA', 1),
(2357, 153, 'Southland', 'STL', 1),
(2358, 153, 'Taranaki', 'TKI', 1),
(2359, 153, 'Wellington', 'WGN', 1),
(2360, 153, 'Waikato', 'WKO', 1),
(2361, 153, 'Wairarapa', 'WAI', 1),
(2362, 153, 'West Coast', 'WTC', 1),
(2363, 154, 'Atlantico Norte', 'AN', 1),
(2364, 154, 'Atlantico Sur', 'AS', 1),
(2365, 154, 'Boaco', 'BO', 1),
(2366, 154, 'Carazo', 'CA', 1),
(2367, 154, 'Chinandega', 'CI', 1),
(2368, 154, 'Chontales', 'CO', 1),
(2369, 154, 'Esteli', 'ES', 1),
(2370, 154, 'Granada', 'GR', 1),
(2371, 154, 'Jinotega', 'JI', 1),
(2372, 154, 'Leon', 'LE', 1),
(2373, 154, 'Madriz', 'MD', 1),
(2374, 154, 'Managua', 'MN', 1),
(2375, 154, 'Masaya', 'MS', 1),
(2376, 154, 'Matagalpa', 'MT', 1),
(2377, 154, 'Nuevo Segovia', 'NS', 1),
(2378, 154, 'Rio San Juan', 'RS', 1),
(2379, 154, 'Rivas', 'RI', 1),
(2380, 155, 'Agadez', 'AG', 1),
(2381, 155, 'Diffa', 'DF', 1),
(2382, 155, 'Dosso', 'DS', 1),
(2383, 155, 'Maradi', 'MA', 1),
(2384, 155, 'Niamey', 'NM', 1),
(2385, 155, 'Tahoua', 'TH', 1),
(2386, 155, 'Tillaberi', 'TL', 1),
(2387, 155, 'Zinder', 'ZD', 1),
(2388, 156, 'Abia', 'AB', 1),
(2389, 156, 'Abuja Federal Capital Territory', 'CT', 1),
(2390, 156, 'Adamawa', 'AD', 1),
(2391, 156, 'Akwa Ibom', 'AK', 1),
(2392, 156, 'Anambra', 'AN', 1),
(2393, 156, 'Bauchi', 'BC', 1),
(2394, 156, 'Bayelsa', 'BY', 1),
(2395, 156, 'Benue', 'BN', 1),
(2396, 156, 'Borno', 'BO', 1),
(2397, 156, 'Cross River', 'CR', 1),
(2398, 156, 'Delta', 'DE', 1),
(2399, 156, 'Ebonyi', 'EB', 1),
(2400, 156, 'Edo', 'ED', 1),
(2401, 156, 'Ekiti', 'EK', 1),
(2402, 156, 'Enugu', 'EN', 1),
(2403, 156, 'Gombe', 'GO', 1),
(2404, 156, 'Imo', 'IM', 1),
(2405, 156, 'Jigawa', 'JI', 1),
(2406, 156, 'Kaduna', 'KD', 1),
(2407, 156, 'Kano', 'KN', 1),
(2408, 156, 'Katsina', 'KT', 1),
(2409, 156, 'Kebbi', 'KE', 1),
(2410, 156, 'Kogi', 'KO', 1),
(2411, 156, 'Kwara', 'KW', 1),
(2412, 156, 'Lagos', 'LA', 1),
(2413, 156, 'Nassarawa', 'NA', 1),
(2414, 156, 'Niger', 'NI', 1),
(2415, 156, 'Ogun', 'OG', 1),
(2416, 156, 'Ondo', 'ONG', 1),
(2417, 156, 'Osun', 'OS', 1),
(2418, 156, 'Oyo', 'OY', 1),
(2419, 156, 'Plateau', 'PL', 1),
(2420, 156, 'Rivers', 'RI', 1),
(2421, 156, 'Sokoto', 'SO', 1),
(2422, 156, 'Taraba', 'TA', 1),
(2423, 156, 'Yobe', 'YO', 1),
(2424, 156, 'Zamfara', 'ZA', 1),
(2425, 159, 'Northern Islands', 'N', 1),
(2426, 159, 'Rota', 'R', 1),
(2427, 159, 'Saipan', 'S', 1),
(2428, 159, 'Tinian', 'T', 1),
(2429, 160, 'Akershus', 'AK', 1),
(2430, 160, 'Aust-Agder', 'AA', 1),
(2431, 160, 'Buskerud', 'BU', 1),
(2432, 160, 'Finnmark', 'FM', 1),
(2433, 160, 'Hedmark', 'HM', 1),
(2434, 160, 'Hordaland', 'HL', 1),
(2435, 160, 'More og Romdal', 'MR', 1),
(2436, 160, 'Nord-Trondelag', 'NT', 1),
(2437, 160, 'Nordland', 'NL', 1),
(2438, 160, 'Ostfold', 'OF', 1),
(2439, 160, 'Oppland', 'OP', 1),
(2440, 160, 'Oslo', 'OL', 1),
(2441, 160, 'Rogaland', 'RL', 1),
(2442, 160, 'Sor-Trondelag', 'ST', 1),
(2443, 160, 'Sogn og Fjordane', 'SJ', 1),
(2444, 160, 'Svalbard', 'SV', 1),
(2445, 160, 'Telemark', 'TM', 1),
(2446, 160, 'Troms', 'TR', 1),
(2447, 160, 'Vest-Agder', 'VA', 1),
(2448, 160, 'Vestfold', 'VF', 1),
(2449, 161, 'Ad Dakhiliyah', 'DA', 1),
(2450, 161, 'Al Batinah', 'BA', 1),
(2451, 161, 'Al Wusta', 'WU', 1),
(2452, 161, 'Ash Sharqiyah', 'SH', 1),
(2453, 161, 'Az Zahirah', 'ZA', 1),
(2454, 161, 'Masqat', 'MA', 1),
(2455, 161, 'Musandam', 'MU', 1),
(2456, 161, 'Zufar', 'ZU', 1),
(2457, 162, 'Balochistan', 'B', 1),
(2458, 162, 'Federally Administered Tribal Areas', 'T', 1),
(2459, 162, 'Islamabad Capital Territory', 'I', 1),
(2460, 162, 'North-West Frontier', 'N', 1),
(2461, 162, 'Punjab', 'P', 1),
(2462, 162, 'Sindh', 'S', 1),
(2463, 163, 'Aimeliik', 'AM', 1),
(2464, 163, 'Airai', 'AR', 1),
(2465, 163, 'Angaur', 'AN', 1),
(2466, 163, 'Hatohobei', 'HA', 1),
(2467, 163, 'Kayangel', 'KA', 1),
(2468, 163, 'Koror', 'KO', 1),
(2469, 163, 'Melekeok', 'ME', 1),
(2470, 163, 'Ngaraard', 'NA', 1),
(2471, 163, 'Ngarchelong', 'NG', 1),
(2472, 163, 'Ngardmau', 'ND', 1),
(2473, 163, 'Ngatpang', 'NT', 1),
(2474, 163, 'Ngchesar', 'NC', 1),
(2475, 163, 'Ngeremlengui', 'NR', 1),
(2476, 163, 'Ngiwal', 'NW', 1),
(2477, 163, 'Peleliu', 'PE', 1),
(2478, 163, 'Sonsorol', 'SO', 1),
(2479, 164, 'Bocas del Toro', 'BT', 1),
(2480, 164, 'Chiriqui', 'CH', 1),
(2481, 164, 'Cocle', 'CC', 1),
(2482, 164, 'Colon', 'CL', 1),
(2483, 164, 'Darien', 'DA', 1),
(2484, 164, 'Herrera', 'HE', 1),
(2485, 164, 'Los Santos', 'LS', 1),
(2486, 164, 'Panama', 'PA', 1),
(2487, 164, 'San Blas', 'SB', 1),
(2488, 164, 'Veraguas', 'VG', 1),
(2489, 165, 'Bougainville', 'BV', 1),
(2490, 165, 'Central', 'CE', 1),
(2491, 165, 'Chimbu', 'CH', 1),
(2492, 165, 'Eastern Highlands', 'EH', 1),
(2493, 165, 'East New Britain', 'EB', 1),
(2494, 165, 'East Sepik', 'ES', 1),
(2495, 165, 'Enga', 'EN', 1),
(2496, 165, 'Gulf', 'GU', 1),
(2497, 165, 'Madang', 'MD', 1),
(2498, 165, 'Manus', 'MN', 1),
(2499, 165, 'Milne Bay', 'MB', 1),
(2500, 165, 'Morobe', 'MR', 1),
(2501, 165, 'National Capital', 'NC', 1),
(2502, 165, 'New Ireland', 'NI', 1),
(2503, 165, 'Northern', 'NO', 1),
(2504, 165, 'Sandaun', 'SA', 1),
(2505, 165, 'Southern Highlands', 'SH', 1),
(2506, 165, 'Western', 'WE', 1),
(2507, 165, 'Western Highlands', 'WH', 1),
(2508, 165, 'West New Britain', 'WB', 1),
(2509, 166, 'Alto Paraguay', 'AG', 1),
(2510, 166, 'Alto Parana', 'AN', 1),
(2511, 166, 'Amambay', 'AM', 1),
(2512, 166, 'Asuncion', 'AS', 1),
(2513, 166, 'Boqueron', 'BO', 1),
(2514, 166, 'Caaguazu', 'CG', 1),
(2515, 166, 'Caazapa', 'CZ', 1),
(2516, 166, 'Canindeyu', 'CN', 1),
(2517, 166, 'Central', 'CE', 1),
(2518, 166, 'Concepcion', 'CC', 1),
(2519, 166, 'Cordillera', 'CD', 1),
(2520, 166, 'Guaira', 'GU', 1),
(2521, 166, 'Itapua', 'IT', 1),
(2522, 166, 'Misiones', 'MI', 1),
(2523, 166, 'Neembucu', 'NE', 1),
(2524, 166, 'Paraguari', 'PA', 1),
(2525, 166, 'Presidente Hayes', 'PH', 1),
(2526, 166, 'San Pedro', 'SP', 1),
(2527, 167, 'Amazonas', 'AM', 1),
(2528, 167, 'Ancash', 'AN', 1),
(2529, 167, 'Apurimac', 'AP', 1),
(2530, 167, 'Arequipa', 'AR', 1),
(2531, 167, 'Ayacucho', 'AY', 1),
(2532, 167, 'Cajamarca', 'CJ', 1),
(2533, 167, 'Callao', 'CL', 1),
(2534, 167, 'Cusco', 'CU', 1),
(2535, 167, 'Huancavelica', 'HV', 1),
(2536, 167, 'Huanuco', 'HO', 1),
(2537, 167, 'Ica', 'IC', 1),
(2538, 167, 'Junin', 'JU', 1),
(2539, 167, 'La Libertad', 'LD', 1),
(2540, 167, 'Lambayeque', 'LY', 1),
(2541, 167, 'Lima', 'LI', 1),
(2542, 167, 'Loreto', 'LO', 1),
(2543, 167, 'Madre de Dios', 'MD', 1),
(2544, 167, 'Moquegua', 'MO', 1),
(2545, 167, 'Pasco', 'PA', 1),
(2546, 167, 'Piura', 'PI', 1),
(2547, 167, 'Puno', 'PU', 1),
(2548, 167, 'San Martin', 'SM', 1),
(2549, 167, 'Tacna', 'TA', 1),
(2550, 167, 'Tumbes', 'TU', 1),
(2551, 167, 'Ucayali', 'UC', 1),
(2552, 168, 'Abra', 'ABR', 1),
(2553, 168, 'Agusan del Norte', 'ANO', 1),
(2554, 168, 'Agusan del Sur', 'ASU', 1),
(2555, 168, 'Aklan', 'AKL', 1),
(2556, 168, 'Albay', 'ALB', 1),
(2557, 168, 'Antique', 'ANT', 1),
(2558, 168, 'Apayao', 'APY', 1),
(2559, 168, 'Aurora', 'AUR', 1),
(2560, 168, 'Basilan', 'BAS', 1),
(2561, 168, 'Bataan', 'BTA', 1),
(2562, 168, 'Batanes', 'BTE', 1),
(2563, 168, 'Batangas', 'BTG', 1),
(2564, 168, 'Biliran', 'BLR', 1),
(2565, 168, 'Benguet', 'BEN', 1),
(2566, 168, 'Bohol', 'BOL', 1),
(2567, 168, 'Bukidnon', 'BUK', 1),
(2568, 168, 'Bulacan', 'BUL', 1),
(2569, 168, 'Cagayan', 'CAG', 1),
(2570, 168, 'Camarines Norte', 'CNO', 1),
(2571, 168, 'Camarines Sur', 'CSU', 1),
(2572, 168, 'Camiguin', 'CAM', 1),
(2573, 168, 'Capiz', 'CAP', 1),
(2574, 168, 'Catanduanes', 'CAT', 1),
(2575, 168, 'Cavite', 'CAV', 1),
(2576, 168, 'Cebu', 'CEB', 1),
(2577, 168, 'Compostela', 'CMP', 1),
(2578, 168, 'Davao del Norte', 'DNO', 1),
(2579, 168, 'Davao del Sur', 'DSU', 1),
(2580, 168, 'Davao Oriental', 'DOR', 1),
(2581, 168, 'Eastern Samar', 'ESA', 1),
(2582, 168, 'Guimaras', 'GUI', 1),
(2583, 168, 'Ifugao', 'IFU', 1),
(2584, 168, 'Ilocos Norte', 'INO', 1),
(2585, 168, 'Ilocos Sur', 'ISU', 1),
(2586, 168, 'Iloilo', 'ILO', 1),
(2587, 168, 'Isabela', 'ISA', 1),
(2588, 168, 'Kalinga', 'KAL', 1),
(2589, 168, 'Laguna', 'LAG', 1),
(2590, 168, 'Lanao del Norte', 'LNO', 1),
(2591, 168, 'Lanao del Sur', 'LSU', 1),
(2592, 168, 'La Union', 'UNI', 1),
(2593, 168, 'Leyte', 'LEY', 1),
(2594, 168, 'Maguindanao', 'MAG', 1),
(2595, 168, 'Marinduque', 'MRN', 1),
(2596, 168, 'Masbate', 'MSB', 1),
(2597, 168, 'Mindoro Occidental', 'MIC', 1),
(2598, 168, 'Mindoro Oriental', 'MIR', 1),
(2599, 168, 'Misamis Occidental', 'MSC', 1),
(2600, 168, 'Misamis Oriental', 'MOR', 1),
(2601, 168, 'Mountain', 'MOP', 1),
(2602, 168, 'Negros Occidental', 'NOC', 1),
(2603, 168, 'Negros Oriental', 'NOR', 1),
(2604, 168, 'North Cotabato', 'NCT', 1),
(2605, 168, 'Northern Samar', 'NSM', 1),
(2606, 168, 'Nueva Ecija', 'NEC', 1),
(2607, 168, 'Nueva Vizcaya', 'NVZ', 1),
(2608, 168, 'Palawan', 'PLW', 1),
(2609, 168, 'Pampanga', 'PMP', 1),
(2610, 168, 'Pangasinan', 'PNG', 1),
(2611, 168, 'Quezon', 'QZN', 1),
(2612, 168, 'Quirino', 'QRN', 1),
(2613, 168, 'Rizal', 'RIZ', 1),
(2614, 168, 'Romblon', 'ROM', 1),
(2615, 168, 'Samar', 'SMR', 1),
(2616, 168, 'Sarangani', 'SRG', 1),
(2617, 168, 'Siquijor', 'SQJ', 1),
(2618, 168, 'Sorsogon', 'SRS', 1),
(2619, 168, 'South Cotabato', 'SCO', 1),
(2620, 168, 'Southern Leyte', 'SLE', 1),
(2621, 168, 'Sultan Kudarat', 'SKU', 1),
(2622, 168, 'Sulu', 'SLU', 1),
(2623, 168, 'Surigao del Norte', 'SNO', 1),
(2624, 168, 'Surigao del Sur', 'SSU', 1),
(2625, 168, 'Tarlac', 'TAR', 1),
(2626, 168, 'Tawi-Tawi', 'TAW', 1),
(2627, 168, 'Zambales', 'ZBL', 1),
(2628, 168, 'Zamboanga del Norte', 'ZNO', 1),
(2629, 168, 'Zamboanga del Sur', 'ZSU', 1),
(2630, 168, 'Zamboanga Sibugay', 'ZSI', 1),
(2631, 170, 'Dolnoslaskie', 'DO', 1),
(2632, 170, 'Kujawsko-Pomorskie', 'KP', 1),
(2633, 170, 'Lodzkie', 'LO', 1),
(2634, 170, 'Lubelskie', 'LL', 1),
(2635, 170, 'Lubuskie', 'LU', 1),
(2636, 170, 'Malopolskie', 'ML', 1),
(2637, 170, 'Mazowieckie', 'MZ', 1),
(2638, 170, 'Opolskie', 'OP', 1),
(2639, 170, 'Podkarpackie', 'PP', 1),
(2640, 170, 'Podlaskie', 'PL', 1),
(2641, 170, 'Pomorskie', 'PM', 1),
(2642, 170, 'Slaskie', 'SL', 1),
(2643, 170, 'Swietokrzyskie', 'SW', 1),
(2644, 170, 'Warminsko-Mazurskie', 'WM', 1),
(2645, 170, 'Wielkopolskie', 'WP', 1),
(2646, 170, 'Zachodniopomorskie', 'ZA', 1),
(2647, 198, 'Saint Pierre', 'P', 1),
(2648, 198, 'Miquelon', 'M', 1),
(2649, 171, 'A&ccedil;ores', 'AC', 1),
(2650, 171, 'Aveiro', 'AV', 1),
(2651, 171, 'Beja', 'BE', 1),
(2652, 171, 'Braga', 'BR', 1),
(2653, 171, 'Bragan&ccedil;a', 'BA', 1),
(2654, 171, 'Castelo Branco', 'CB', 1),
(2655, 171, 'Coimbra', 'CO', 1),
(2656, 171, '&Eacute;vora', 'EV', 1),
(2657, 171, 'Faro', 'FA', 1),
(2658, 171, 'Guarda', 'GU', 1),
(2659, 171, 'Leiria', 'LE', 1),
(2660, 171, 'Lisboa', 'LI', 1),
(2661, 171, 'Madeira', 'ME', 1),
(2662, 171, 'Portalegre', 'PO', 1),
(2663, 171, 'Porto', 'PR', 1),
(2664, 171, 'Santar&eacute;m', 'SA', 1),
(2665, 171, 'Set&uacute;bal', 'SE', 1),
(2666, 171, 'Viana do Castelo', 'VC', 1),
(2667, 171, 'Vila Real', 'VR', 1),
(2668, 171, 'Viseu', 'VI', 1),
(2669, 173, 'Ad Dawhah', 'DW', 1),
(2670, 173, 'Al Ghuwayriyah', 'GW', 1),
(2671, 173, 'Al Jumayliyah', 'JM', 1),
(2672, 173, 'Al Khawr', 'KR', 1),
(2673, 173, 'Al Wakrah', 'WK', 1),
(2674, 173, 'Ar Rayyan', 'RN', 1),
(2675, 173, 'Jarayan al Batinah', 'JB', 1),
(2676, 173, 'Madinat ash Shamal', 'MS', 1),
(2677, 173, 'Umm Sa\'id', 'UD', 1),
(2678, 173, 'Umm Salal', 'UL', 1),
(2679, 175, 'Alba', 'AB', 1),
(2680, 175, 'Arad', 'AR', 1),
(2681, 175, 'Arges', 'AG', 1),
(2682, 175, 'Bacau', 'BC', 1),
(2683, 175, 'Bihor', 'BH', 1),
(2684, 175, 'Bistrita-Nasaud', 'BN', 1),
(2685, 175, 'Botosani', 'BT', 1),
(2686, 175, 'Brasov', 'BV', 1),
(2687, 175, 'Braila', 'BR', 1),
(2688, 175, 'Bucuresti', 'B', 1),
(2689, 175, 'Buzau', 'BZ', 1),
(2690, 175, 'Caras-Severin', 'CS', 1),
(2691, 175, 'Calarasi', 'CL', 1),
(2692, 175, 'Cluj', 'CJ', 1),
(2693, 175, 'Constanta', 'CT', 1),
(2694, 175, 'Covasna', 'CV', 1),
(2695, 175, 'Dimbovita', 'DB', 1),
(2696, 175, 'Dolj', 'DJ', 1),
(2697, 175, 'Galati', 'GL', 1),
(2698, 175, 'Giurgiu', 'GR', 1),
(2699, 175, 'Gorj', 'GJ', 1),
(2700, 175, 'Harghita', 'HR', 1),
(2701, 175, 'Hunedoara', 'HD', 1),
(2702, 175, 'Ialomita', 'IL', 1),
(2703, 175, 'Iasi', 'IS', 1),
(2704, 175, 'Ilfov', 'IF', 1),
(2705, 175, 'Maramures', 'MM', 1),
(2706, 175, 'Mehedinti', 'MH', 1),
(2707, 175, 'Mures', 'MS', 1),
(2708, 175, 'Neamt', 'NT', 1),
(2709, 175, 'Olt', 'OT', 1),
(2710, 175, 'Prahova', 'PH', 1),
(2711, 175, 'Satu-Mare', 'SM', 1),
(2712, 175, 'Salaj', 'SJ', 1),
(2713, 175, 'Sibiu', 'SB', 1),
(2714, 175, 'Suceava', 'SV', 1),
(2715, 175, 'Teleorman', 'TR', 1),
(2716, 175, 'Timis', 'TM', 1),
(2717, 175, 'Tulcea', 'TL', 1),
(2718, 175, 'Vaslui', 'VS', 1),
(2719, 175, 'Valcea', 'VL', 1),
(2720, 175, 'Vrancea', 'VN', 1),
(2721, 176, 'Abakan', 'AB', 1),
(2722, 176, 'Aginskoye', 'AG', 1),
(2723, 176, 'Anadyr', 'AN', 1),
(2724, 176, 'Arkahangelsk', 'AR', 1),
(2725, 176, 'Astrakhan', 'AS', 1),
(2726, 176, 'Barnaul', 'BA', 1),
(2727, 176, 'Belgorod', 'BE', 1),
(2728, 176, 'Birobidzhan', 'BI', 1),
(2729, 176, 'Blagoveshchensk', 'BL', 1),
(2730, 176, 'Bryansk', 'BR', 1),
(2731, 176, 'Cheboksary', 'CH', 1),
(2732, 176, 'Chelyabinsk', 'CL', 1),
(2733, 176, 'Cherkessk', 'CR', 1),
(2734, 176, 'Chita', 'CI', 1),
(2735, 176, 'Dudinka', 'DU', 1),
(2736, 176, 'Elista', 'EL', 1),
(2737, 176, 'Gomo-Altaysk', 'GO', 1),
(2738, 176, 'Gorno-Altaysk', 'GA', 1),
(2739, 176, 'Groznyy', 'GR', 1),
(2740, 176, 'Irkutsk', 'IR', 1),
(2741, 176, 'Ivanovo', 'IV', 1),
(2742, 176, 'Izhevsk', 'IZ', 1),
(2743, 176, 'Kalinigrad', 'KA', 1),
(2744, 176, 'Kaluga', 'KL', 1),
(2745, 176, 'Kasnodar', 'KS', 1),
(2746, 176, 'Kazan', 'KZ', 1),
(2747, 176, 'Kemerovo', 'KE', 1),
(2748, 176, 'Khabarovsk', 'KH', 1),
(2749, 176, 'Khanty-Mansiysk', 'KM', 1),
(2750, 176, 'Kostroma', 'KO', 1),
(2751, 176, 'Krasnodar', 'KR', 1),
(2752, 176, 'Krasnoyarsk', 'KN', 1),
(2753, 176, 'Kudymkar', 'KU', 1),
(2754, 176, 'Kurgan', 'KG', 1),
(2755, 176, 'Kursk', 'KK', 1),
(2756, 176, 'Kyzyl', 'KY', 1),
(2757, 176, 'Lipetsk', 'LI', 1),
(2758, 176, 'Magadan', 'MA', 1),
(2759, 176, 'Makhachkala', 'MK', 1),
(2760, 176, 'Maykop', 'MY', 1),
(2761, 176, 'Moscow', 'MO', 1),
(2762, 176, 'Murmansk', 'MU', 1),
(2763, 176, 'Nalchik', 'NA', 1),
(2764, 176, 'Naryan Mar', 'NR', 1),
(2765, 176, 'Nazran', 'NZ', 1),
(2766, 176, 'Nizhniy Novgorod', 'NI', 1),
(2767, 176, 'Novgorod', 'NO', 1),
(2768, 176, 'Novosibirsk', 'NV', 1),
(2769, 176, 'Omsk', 'OM', 1),
(2770, 176, 'Orel', 'OR', 1),
(2771, 176, 'Orenburg', 'OE', 1),
(2772, 176, 'Palana', 'PA', 1),
(2773, 176, 'Penza', 'PE', 1),
(2774, 176, 'Perm', 'PR', 1),
(2775, 176, 'Petropavlovsk-Kamchatskiy', 'PK', 1),
(2776, 176, 'Petrozavodsk', 'PT', 1),
(2777, 176, 'Pskov', 'PS', 1),
(2778, 176, 'Rostov-na-Donu', 'RO', 1),
(2779, 176, 'Ryazan', 'RY', 1),
(2780, 176, 'Salekhard', 'SL', 1),
(2781, 176, 'Samara', 'SA', 1),
(2782, 176, 'Saransk', 'SR', 1),
(2783, 176, 'Saratov', 'SV', 1),
(2784, 176, 'Smolensk', 'SM', 1),
(2785, 176, 'St. Petersburg', 'SP', 1),
(2786, 176, 'Stavropol', 'ST', 1),
(2787, 176, 'Syktyvkar', 'SY', 1),
(2788, 176, 'Tambov', 'TA', 1),
(2789, 176, 'Tomsk', 'TO', 1),
(2790, 176, 'Tula', 'TU', 1),
(2791, 176, 'Tura', 'TR', 1),
(2792, 176, 'Tver', 'TV', 1),
(2793, 176, 'Tyumen', 'TY', 1),
(2794, 176, 'Ufa', 'UF', 1),
(2795, 176, 'Ul\'yanovsk', 'UL', 1),
(2796, 176, 'Ulan-Ude', 'UU', 1),
(2797, 176, 'Ust\'-Ordynskiy', 'US', 1),
(2798, 176, 'Vladikavkaz', 'VL', 1),
(2799, 176, 'Vladimir', 'VA', 1),
(2800, 176, 'Vladivostok', 'VV', 1),
(2801, 176, 'Volgograd', 'VG', 1),
(2802, 176, 'Vologda', 'VD', 1),
(2803, 176, 'Voronezh', 'VO', 1),
(2804, 176, 'Vyatka', 'VY', 1),
(2805, 176, 'Yakutsk', 'YA', 1),
(2806, 176, 'Yaroslavl', 'YR', 1),
(2807, 176, 'Yekaterinburg', 'YE', 1),
(2808, 176, 'Yoshkar-Ola', 'YO', 1),
(2809, 177, 'Butare', 'BU', 1),
(2810, 177, 'Byumba', 'BY', 1),
(2811, 177, 'Cyangugu', 'CY', 1),
(2812, 177, 'Gikongoro', 'GK', 1),
(2813, 177, 'Gisenyi', 'GS', 1),
(2814, 177, 'Gitarama', 'GT', 1),
(2815, 177, 'Kibungo', 'KG', 1),
(2816, 177, 'Kibuye', 'KY', 1),
(2817, 177, 'Kigali Rurale', 'KR', 1),
(2818, 177, 'Kigali-ville', 'KV', 1),
(2819, 177, 'Ruhengeri', 'RU', 1),
(2820, 177, 'Umutara', 'UM', 1),
(2821, 178, 'Christ Church Nichola Town', 'CCN', 1),
(2822, 178, 'Saint Anne Sandy Point', 'SAS', 1),
(2823, 178, 'Saint George Basseterre', 'SGB', 1),
(2824, 178, 'Saint George Gingerland', 'SGG', 1),
(2825, 178, 'Saint James Windward', 'SJW', 1),
(2826, 178, 'Saint John Capesterre', 'SJC', 1),
(2827, 178, 'Saint John Figtree', 'SJF', 1),
(2828, 178, 'Saint Mary Cayon', 'SMC', 1),
(2829, 178, 'Saint Paul Capesterre', 'CAP', 1),
(2830, 178, 'Saint Paul Charlestown', 'CHA', 1),
(2831, 178, 'Saint Peter Basseterre', 'SPB', 1),
(2832, 178, 'Saint Thomas Lowland', 'STL', 1),
(2833, 178, 'Saint Thomas Middle Island', 'STM', 1),
(2834, 178, 'Trinity Palmetto Point', 'TPP', 1),
(2835, 179, 'Anse-la-Raye', 'AR', 1),
(2836, 179, 'Castries', 'CA', 1),
(2837, 179, 'Choiseul', 'CH', 1),
(2838, 179, 'Dauphin', 'DA', 1),
(2839, 179, 'Dennery', 'DE', 1),
(2840, 179, 'Gros-Islet', 'GI', 1),
(2841, 179, 'Laborie', 'LA', 1),
(2842, 179, 'Micoud', 'MI', 1),
(2843, 179, 'Praslin', 'PR', 1),
(2844, 179, 'Soufriere', 'SO', 1),
(2845, 179, 'Vieux-Fort', 'VF', 1),
(2846, 180, 'Charlotte', 'C', 1),
(2847, 180, 'Grenadines', 'R', 1),
(2848, 180, 'Saint Andrew', 'A', 1),
(2849, 180, 'Saint David', 'D', 1),
(2850, 180, 'Saint George', 'G', 1),
(2851, 180, 'Saint Patrick', 'P', 1),
(2852, 181, 'A\'ana', 'AN', 1),
(2853, 181, 'Aiga-i-le-Tai', 'AI', 1),
(2854, 181, 'Atua', 'AT', 1),
(2855, 181, 'Fa\'asaleleaga', 'FA', 1),
(2856, 181, 'Gaga\'emauga', 'GE', 1),
(2857, 181, 'Gagaifomauga', 'GF', 1),
(2858, 181, 'Palauli', 'PA', 1),
(2859, 181, 'Satupa\'itea', 'SA', 1),
(2860, 181, 'Tuamasaga', 'TU', 1),
(2861, 181, 'Va\'a-o-Fonoti', 'VF', 1),
(2862, 181, 'Vaisigano', 'VS', 1),
(2863, 182, 'Acquaviva', 'AC', 1),
(2864, 182, 'Borgo Maggiore', 'BM', 1),
(2865, 182, 'Chiesanuova', 'CH', 1),
(2866, 182, 'Domagnano', 'DO', 1),
(2867, 182, 'Faetano', 'FA', 1),
(2868, 182, 'Fiorentino', 'FI', 1),
(2869, 182, 'Montegiardino', 'MO', 1),
(2870, 182, 'Citta di San Marino', 'SM', 1),
(2871, 182, 'Serravalle', 'SE', 1),
(2872, 183, 'Sao Tome', 'S', 1),
(2873, 183, 'Principe', 'P', 1),
(2874, 184, 'Al Bahah', 'BH', 1),
(2875, 184, 'Al Hudud ash Shamaliyah', 'HS', 1),
(2876, 184, 'Al Jawf', 'JF', 1),
(2877, 184, 'Al Madinah', 'MD', 1),
(2878, 184, 'Al Qasim', 'QS', 1),
(2879, 184, 'Ar Riyad', 'RD', 1),
(2880, 184, 'Ash Sharqiyah (Eastern)', 'AQ', 1),
(2881, 184, '\'Asir', 'AS', 1),
(2882, 184, 'Ha\'il', 'HL', 1),
(2883, 184, 'Jizan', 'JZ', 1),
(2884, 184, 'Makkah', 'ML', 1),
(2885, 184, 'Najran', 'NR', 1),
(2886, 184, 'Tabuk', 'TB', 1),
(2887, 185, 'Dakar', 'DA', 1),
(2888, 185, 'Diourbel', 'DI', 1),
(2889, 185, 'Fatick', 'FA', 1),
(2890, 185, 'Kaolack', 'KA', 1),
(2891, 185, 'Kolda', 'KO', 1),
(2892, 185, 'Louga', 'LO', 1),
(2893, 185, 'Matam', 'MA', 1),
(2894, 185, 'Saint-Louis', 'SL', 1),
(2895, 185, 'Tambacounda', 'TA', 1),
(2896, 185, 'Thies', 'TH', 1),
(2897, 185, 'Ziguinchor', 'ZI', 1),
(2898, 186, 'Anse aux Pins', 'AP', 1),
(2899, 186, 'Anse Boileau', 'AB', 1),
(2900, 186, 'Anse Etoile', 'AE', 1),
(2901, 186, 'Anse Louis', 'AL', 1),
(2902, 186, 'Anse Royale', 'AR', 1),
(2903, 186, 'Baie Lazare', 'BL', 1),
(2904, 186, 'Baie Sainte Anne', 'BS', 1),
(2905, 186, 'Beau Vallon', 'BV', 1),
(2906, 186, 'Bel Air', 'BA', 1),
(2907, 186, 'Bel Ombre', 'BO', 1),
(2908, 186, 'Cascade', 'CA', 1),
(2909, 186, 'Glacis', 'GL', 1),
(2910, 186, 'Grand\' Anse (on Mahe)', 'GM', 1),
(2911, 186, 'Grand\' Anse (on Praslin)', 'GP', 1),
(2912, 186, 'La Digue', 'DG', 1),
(2913, 186, 'La Riviere Anglaise', 'RA', 1),
(2914, 186, 'Mont Buxton', 'MB', 1),
(2915, 186, 'Mont Fleuri', 'MF', 1),
(2916, 186, 'Plaisance', 'PL', 1),
(2917, 186, 'Pointe La Rue', 'PR', 1),
(2918, 186, 'Port Glaud', 'PG', 1),
(2919, 186, 'Saint Louis', 'SL', 1),
(2920, 186, 'Takamaka', 'TA', 1),
(2921, 187, 'Eastern', 'E', 1),
(2922, 187, 'Northern', 'N', 1),
(2923, 187, 'Southern', 'S', 1),
(2924, 187, 'Western', 'W', 1),
(2925, 189, 'Banskobystrický', 'BA', 1),
(2926, 189, 'Bratislavský', 'BR', 1),
(2927, 189, 'Košický', 'KO', 1),
(2928, 189, 'Nitriansky', 'NI', 1),
(2929, 189, 'Prešovský', 'PR', 1),
(2930, 189, 'Trenčiansky', 'TC', 1),
(2931, 189, 'Trnavský', 'TV', 1),
(2932, 189, 'Žilinský', 'ZI', 1),
(2933, 191, 'Central', 'CE', 1),
(2934, 191, 'Choiseul', 'CH', 1),
(2935, 191, 'Guadalcanal', 'GC', 1),
(2936, 191, 'Honiara', 'HO', 1),
(2937, 191, 'Isabel', 'IS', 1),
(2938, 191, 'Makira', 'MK', 1),
(2939, 191, 'Malaita', 'ML', 1),
(2940, 191, 'Rennell and Bellona', 'RB', 1),
(2941, 191, 'Temotu', 'TM', 1),
(2942, 191, 'Western', 'WE', 1),
(2943, 192, 'Awdal', 'AW', 1),
(2944, 192, 'Bakool', 'BK', 1),
(2945, 192, 'Banaadir', 'BN', 1),
(2946, 192, 'Bari', 'BR', 1),
(2947, 192, 'Bay', 'BY', 1),
(2948, 192, 'Galguduud', 'GA', 1),
(2949, 192, 'Gedo', 'GE', 1),
(2950, 192, 'Hiiraan', 'HI', 1),
(2951, 192, 'Jubbada Dhexe', 'JD', 1),
(2952, 192, 'Jubbada Hoose', 'JH', 1),
(2953, 192, 'Mudug', 'MU', 1),
(2954, 192, 'Nugaal', 'NU', 1),
(2955, 192, 'Sanaag', 'SA', 1),
(2956, 192, 'Shabeellaha Dhexe', 'SD', 1),
(2957, 192, 'Shabeellaha Hoose', 'SH', 1),
(2958, 192, 'Sool', 'SL', 1),
(2959, 192, 'Togdheer', 'TO', 1),
(2960, 192, 'Woqooyi Galbeed', 'WG', 1),
(2961, 193, 'Eastern Cape', 'EC', 1),
(2962, 193, 'Free State', 'FS', 1),
(2963, 193, 'Gauteng', 'GT', 1),
(2964, 193, 'KwaZulu-Natal', 'KN', 1),
(2965, 193, 'Limpopo', 'LP', 1),
(2966, 193, 'Mpumalanga', 'MP', 1),
(2967, 193, 'North West', 'NW', 1),
(2968, 193, 'Northern Cape', 'NC', 1),
(2969, 193, 'Western Cape', 'WC', 1),
(2970, 195, 'La Coru&ntilde;a', 'CA', 1),
(2971, 195, '&Aacute;lava', 'AL', 1),
(2972, 195, 'Albacete', 'AB', 1),
(2973, 195, 'Alicante', 'AC', 1),
(2974, 195, 'Almeria', 'AM', 1),
(2975, 195, 'Asturias', 'AS', 1),
(2976, 195, '&Aacute;vila', 'AV', 1),
(2977, 195, 'Badajoz', 'BJ', 1),
(2978, 195, 'Baleares', 'IB', 1),
(2979, 195, 'Barcelona', 'BA', 1),
(2980, 195, 'Burgos', 'BU', 1),
(2981, 195, 'C&aacute;ceres', 'CC', 1),
(2982, 195, 'C&aacute;diz', 'CZ', 1),
(2983, 195, 'Cantabria', 'CT', 1),
(2984, 195, 'Castell&oacute;n', 'CL', 1),
(2985, 195, 'Ceuta', 'CE', 1),
(2986, 195, 'Ciudad Real', 'CR', 1),
(2987, 195, 'C&oacute;rdoba', 'CD', 1),
(2988, 195, 'Cuenca', 'CU', 1),
(2989, 195, 'Girona', 'GI', 1),
(2990, 195, 'Granada', 'GD', 1),
(2991, 195, 'Guadalajara', 'GJ', 1),
(2992, 195, 'Guip&uacute;zcoa', 'GP', 1),
(2993, 195, 'Huelva', 'HL', 1),
(2994, 195, 'Huesca', 'HS', 1),
(2995, 195, 'Ja&eacute;n', 'JN', 1),
(2996, 195, 'La Rioja', 'RJ', 1),
(2997, 195, 'Las Palmas', 'PM', 1),
(2998, 195, 'Leon', 'LE', 1),
(2999, 195, 'Lleida', 'LL', 1),
(3000, 195, 'Lugo', 'LG', 1),
(3001, 195, 'Madrid', 'MD', 1),
(3002, 195, 'Malaga', 'MA', 1),
(3003, 195, 'Melilla', 'ML', 1),
(3004, 195, 'Murcia', 'MU', 1),
(3005, 195, 'Navarra', 'NV', 1),
(3006, 195, 'Ourense', 'OU', 1),
(3007, 195, 'Palencia', 'PL', 1),
(3008, 195, 'Pontevedra', 'PO', 1),
(3009, 195, 'Salamanca', 'SL', 1),
(3010, 195, 'Santa Cruz de Tenerife', 'SC', 1),
(3011, 195, 'Segovia', 'SG', 1),
(3012, 195, 'Sevilla', 'SV', 1),
(3013, 195, 'Soria', 'SO', 1),
(3014, 195, 'Tarragona', 'TA', 1),
(3015, 195, 'Teruel', 'TE', 1),
(3016, 195, 'Toledo', 'TO', 1),
(3017, 195, 'Valencia', 'VC', 1),
(3018, 195, 'Valladolid', 'VD', 1),
(3019, 195, 'Vizcaya', 'VZ', 1),
(3020, 195, 'Zamora', 'ZM', 1),
(3021, 195, 'Zaragoza', 'ZR', 1),
(3022, 196, 'Central', 'CE', 1),
(3023, 196, 'Eastern', 'EA', 1),
(3024, 196, 'North Central', 'NC', 1),
(3025, 196, 'Northern', 'NO', 1),
(3026, 196, 'North Western', 'NW', 1),
(3027, 196, 'Sabaragamuwa', 'SA', 1),
(3028, 196, 'Southern', 'SO', 1),
(3029, 196, 'Uva', 'UV', 1),
(3030, 196, 'Western', 'WE', 1),
(3032, 197, 'Saint Helena', 'S', 1),
(3034, 199, 'A\'ali an Nil', 'ANL', 1),
(3035, 199, 'Al Bahr al Ahmar', 'BAM', 1),
(3036, 199, 'Al Buhayrat', 'BRT', 1),
(3037, 199, 'Al Jazirah', 'JZR', 1),
(3038, 199, 'Al Khartum', 'KRT', 1),
(3039, 199, 'Al Qadarif', 'QDR', 1),
(3040, 199, 'Al Wahdah', 'WDH', 1),
(3041, 199, 'An Nil al Abyad', 'ANB', 1),
(3042, 199, 'An Nil al Azraq', 'ANZ', 1),
(3043, 199, 'Ash Shamaliyah', 'ASH', 1),
(3044, 199, 'Bahr al Jabal', 'BJA', 1),
(3045, 199, 'Gharb al Istiwa\'iyah', 'GIS', 1),
(3046, 199, 'Gharb Bahr al Ghazal', 'GBG', 1),
(3047, 199, 'Gharb Darfur', 'GDA', 1),
(3048, 199, 'Gharb Kurdufan', 'GKU', 1),
(3049, 199, 'Janub Darfur', 'JDA', 1),
(3050, 199, 'Janub Kurdufan', 'JKU', 1),
(3051, 199, 'Junqali', 'JQL', 1),
(3052, 199, 'Kassala', 'KSL', 1),
(3053, 199, 'Nahr an Nil', 'NNL', 1),
(3054, 199, 'Shamal Bahr al Ghazal', 'SBG', 1),
(3055, 199, 'Shamal Darfur', 'SDA', 1),
(3056, 199, 'Shamal Kurdufan', 'SKU', 1),
(3057, 199, 'Sharq al Istiwa\'iyah', 'SIS', 1),
(3058, 199, 'Sinnar', 'SNR', 1),
(3059, 199, 'Warab', 'WRB', 1),
(3060, 200, 'Brokopondo', 'BR', 1),
(3061, 200, 'Commewijne', 'CM', 1),
(3062, 200, 'Coronie', 'CR', 1),
(3063, 200, 'Marowijne', 'MA', 1),
(3064, 200, 'Nickerie', 'NI', 1),
(3065, 200, 'Para', 'PA', 1),
(3066, 200, 'Paramaribo', 'PM', 1),
(3067, 200, 'Saramacca', 'SA', 1),
(3068, 200, 'Sipaliwini', 'SI', 1),
(3069, 200, 'Wanica', 'WA', 1),
(3070, 202, 'Hhohho', 'H', 1),
(3071, 202, 'Lubombo', 'L', 1),
(3072, 202, 'Manzini', 'M', 1),
(3073, 202, 'Shishelweni', 'S', 1),
(3074, 203, 'Blekinge', 'K', 1),
(3075, 203, 'Dalarna', 'W', 1),
(3076, 203, 'G&auml;vleborg', 'X', 1),
(3077, 203, 'Gotland', 'I', 1),
(3078, 203, 'Halland', 'N', 1),
(3079, 203, 'J&auml;mtland', 'Z', 1),
(3080, 203, 'J&ouml;nk&ouml;ping', 'F', 1),
(3081, 203, 'Kalmar', 'H', 1),
(3082, 203, 'Kronoberg', 'G', 1),
(3083, 203, 'Norrbotten', 'BD', 1),
(3084, 203, '&Ouml;rebro', 'T', 1),
(3085, 203, '&Ouml;sterg&ouml;tland', 'E', 1),
(3086, 203, 'Sk&aring;ne', 'M', 1),
(3087, 203, 'S&ouml;dermanland', 'D', 1),
(3088, 203, 'Stockholm', 'AB', 1),
(3089, 203, 'Uppsala', 'C', 1),
(3090, 203, 'V&auml;rmland', 'S', 1),
(3091, 203, 'V&auml;sterbotten', 'AC', 1),
(3092, 203, 'V&auml;sternorrland', 'Y', 1),
(3093, 203, 'V&auml;stmanland', 'U', 1),
(3094, 203, 'V&auml;stra G&ouml;taland', 'O', 1),
(3095, 204, 'Aargau', 'AG', 1),
(3096, 204, 'Appenzell Ausserrhoden', 'AR', 1),
(3097, 204, 'Appenzell Innerrhoden', 'AI', 1),
(3098, 204, 'Basel-Stadt', 'BS', 1),
(3099, 204, 'Basel-Landschaft', 'BL', 1),
(3100, 204, 'Bern', 'BE', 1),
(3101, 204, 'Fribourg', 'FR', 1),
(3102, 204, 'Gen&egrave;ve', 'GE', 1),
(3103, 204, 'Glarus', 'GL', 1),
(3104, 204, 'Graub&uuml;nden', 'GR', 1),
(3105, 204, 'Jura', 'JU', 1),
(3106, 204, 'Luzern', 'LU', 1),
(3107, 204, 'Neuch&acirc;tel', 'NE', 1),
(3108, 204, 'Nidwald', 'NW', 1),
(3109, 204, 'Obwald', 'OW', 1),
(3110, 204, 'St. Gallen', 'SG', 1),
(3111, 204, 'Schaffhausen', 'SH', 1),
(3112, 204, 'Schwyz', 'SZ', 1),
(3113, 204, 'Solothurn', 'SO', 1),
(3114, 204, 'Thurgau', 'TG', 1),
(3115, 204, 'Ticino', 'TI', 1),
(3116, 204, 'Uri', 'UR', 1),
(3117, 204, 'Valais', 'VS', 1),
(3118, 204, 'Vaud', 'VD', 1),
(3119, 204, 'Zug', 'ZG', 1),
(3120, 204, 'Z&uuml;rich', 'ZH', 1),
(3121, 205, 'Al Hasakah', 'HA', 1),
(3122, 205, 'Al Ladhiqiyah', 'LA', 1),
(3123, 205, 'Al Qunaytirah', 'QU', 1),
(3124, 205, 'Ar Raqqah', 'RQ', 1),
(3125, 205, 'As Suwayda', 'SU', 1),
(3126, 205, 'Dara', 'DA', 1),
(3127, 205, 'Dayr az Zawr', 'DZ', 1),
(3128, 205, 'Dimashq', 'DI', 1),
(3129, 205, 'Halab', 'HL', 1),
(3130, 205, 'Hamah', 'HM', 1),
(3131, 205, 'Hims', 'HI', 1),
(3132, 205, 'Idlib', 'ID', 1);
INSERT INTO `ts_zone` (`zone_id`, `country_id`, `name`, `code`, `status`) VALUES
(3133, 205, 'Rif Dimashq', 'RD', 1),
(3134, 205, 'Tartus', 'TA', 1),
(3135, 206, 'Chang-hua', 'CH', 1),
(3136, 206, 'Chia-i', 'CI', 1),
(3137, 206, 'Hsin-chu', 'HS', 1),
(3138, 206, 'Hua-lien', 'HL', 1),
(3139, 206, 'I-lan', 'IL', 1),
(3140, 206, 'Kao-hsiung county', 'KH', 1),
(3141, 206, 'Kin-men', 'KM', 1),
(3142, 206, 'Lien-chiang', 'LC', 1),
(3143, 206, 'Miao-li', 'ML', 1),
(3144, 206, 'Nan-t\'ou', 'NT', 1),
(3145, 206, 'P\'eng-hu', 'PH', 1),
(3146, 206, 'P\'ing-tung', 'PT', 1),
(3147, 206, 'T\'ai-chung', 'TG', 1),
(3148, 206, 'T\'ai-nan', 'TA', 1),
(3149, 206, 'T\'ai-pei county', 'TP', 1),
(3150, 206, 'T\'ai-tung', 'TT', 1),
(3151, 206, 'T\'ao-yuan', 'TY', 1),
(3152, 206, 'Yun-lin', 'YL', 1),
(3153, 206, 'Chia-i city', 'CC', 1),
(3154, 206, 'Chi-lung', 'CL', 1),
(3155, 206, 'Hsin-chu', 'HC', 1),
(3156, 206, 'T\'ai-chung', 'TH', 1),
(3157, 206, 'T\'ai-nan', 'TN', 1),
(3158, 206, 'Kao-hsiung city', 'KC', 1),
(3159, 206, 'T\'ai-pei city', 'TC', 1),
(3160, 207, 'Gorno-Badakhstan', 'GB', 1),
(3161, 207, 'Khatlon', 'KT', 1),
(3162, 207, 'Sughd', 'SU', 1),
(3163, 208, 'Arusha', 'AR', 1),
(3164, 208, 'Dar es Salaam', 'DS', 1),
(3165, 208, 'Dodoma', 'DO', 1),
(3166, 208, 'Iringa', 'IR', 1),
(3167, 208, 'Kagera', 'KA', 1),
(3168, 208, 'Kigoma', 'KI', 1),
(3169, 208, 'Kilimanjaro', 'KJ', 1),
(3170, 208, 'Lindi', 'LN', 1),
(3171, 208, 'Manyara', 'MY', 1),
(3172, 208, 'Mara', 'MR', 1),
(3173, 208, 'Mbeya', 'MB', 1),
(3174, 208, 'Morogoro', 'MO', 1),
(3175, 208, 'Mtwara', 'MT', 1),
(3176, 208, 'Mwanza', 'MW', 1),
(3177, 208, 'Pemba North', 'PN', 1),
(3178, 208, 'Pemba South', 'PS', 1),
(3179, 208, 'Pwani', 'PW', 1),
(3180, 208, 'Rukwa', 'RK', 1),
(3181, 208, 'Ruvuma', 'RV', 1),
(3182, 208, 'Shinyanga', 'SH', 1),
(3183, 208, 'Singida', 'SI', 1),
(3184, 208, 'Tabora', 'TB', 1),
(3185, 208, 'Tanga', 'TN', 1),
(3186, 208, 'Zanzibar Central/South', 'ZC', 1),
(3187, 208, 'Zanzibar North', 'ZN', 1),
(3188, 208, 'Zanzibar Urban/West', 'ZU', 1),
(3189, 209, 'Amnat Charoen', 'Amnat Charoen', 1),
(3190, 209, 'Ang Thong', 'Ang Thong', 1),
(3191, 209, 'Ayutthaya', 'Ayutthaya', 1),
(3192, 209, 'Bangkok', 'Bangkok', 1),
(3193, 209, 'Buriram', 'Buriram', 1),
(3194, 209, 'Chachoengsao', 'Chachoengsao', 1),
(3195, 209, 'Chai Nat', 'Chai Nat', 1),
(3196, 209, 'Chaiyaphum', 'Chaiyaphum', 1),
(3197, 209, 'Chanthaburi', 'Chanthaburi', 1),
(3198, 209, 'Chiang Mai', 'Chiang Mai', 1),
(3199, 209, 'Chiang Rai', 'Chiang Rai', 1),
(3200, 209, 'Chon Buri', 'Chon Buri', 1),
(3201, 209, 'Chumphon', 'Chumphon', 1),
(3202, 209, 'Kalasin', 'Kalasin', 1),
(3203, 209, 'Kamphaeng Phet', 'Kamphaeng Phet', 1),
(3204, 209, 'Kanchanaburi', 'Kanchanaburi', 1),
(3205, 209, 'Khon Kaen', 'Khon Kaen', 1),
(3206, 209, 'Krabi', 'Krabi', 1),
(3207, 209, 'Lampang', 'Lampang', 1),
(3208, 209, 'Lamphun', 'Lamphun', 1),
(3209, 209, 'Loei', 'Loei', 1),
(3210, 209, 'Lop Buri', 'Lop Buri', 1),
(3211, 209, 'Mae Hong Son', 'Mae Hong Son', 1),
(3212, 209, 'Maha Sarakham', 'Maha Sarakham', 1),
(3213, 209, 'Mukdahan', 'Mukdahan', 1),
(3214, 209, 'Nakhon Nayok', 'Nakhon Nayok', 1),
(3215, 209, 'Nakhon Pathom', 'Nakhon Pathom', 1),
(3216, 209, 'Nakhon Phanom', 'Nakhon Phanom', 1),
(3217, 209, 'Nakhon Ratchasima', 'Nakhon Ratchasima', 1),
(3218, 209, 'Nakhon Sawan', 'Nakhon Sawan', 1),
(3219, 209, 'Nakhon Si Thammarat', 'Nakhon Si Thammarat', 1),
(3220, 209, 'Nan', 'Nan', 1),
(3221, 209, 'Narathiwat', 'Narathiwat', 1),
(3222, 209, 'Nong Bua Lamphu', 'Nong Bua Lamphu', 1),
(3223, 209, 'Nong Khai', 'Nong Khai', 1),
(3224, 209, 'Nonthaburi', 'Nonthaburi', 1),
(3225, 209, 'Pathum Thani', 'Pathum Thani', 1),
(3226, 209, 'Pattani', 'Pattani', 1),
(3227, 209, 'Phangnga', 'Phangnga', 1),
(3228, 209, 'Phatthalung', 'Phatthalung', 1),
(3229, 209, 'Phayao', 'Phayao', 1),
(3230, 209, 'Phetchabun', 'Phetchabun', 1),
(3231, 209, 'Phetchaburi', 'Phetchaburi', 1),
(3232, 209, 'Phichit', 'Phichit', 1),
(3233, 209, 'Phitsanulok', 'Phitsanulok', 1),
(3234, 209, 'Phrae', 'Phrae', 1),
(3235, 209, 'Phuket', 'Phuket', 1),
(3236, 209, 'Prachin Buri', 'Prachin Buri', 1),
(3237, 209, 'Prachuap Khiri Khan', 'Prachuap Khiri Khan', 1),
(3238, 209, 'Ranong', 'Ranong', 1),
(3239, 209, 'Ratchaburi', 'Ratchaburi', 1),
(3240, 209, 'Rayong', 'Rayong', 1),
(3241, 209, 'Roi Et', 'Roi Et', 1),
(3242, 209, 'Sa Kaeo', 'Sa Kaeo', 1),
(3243, 209, 'Sakon Nakhon', 'Sakon Nakhon', 1),
(3244, 209, 'Samut Prakan', 'Samut Prakan', 1),
(3245, 209, 'Samut Sakhon', 'Samut Sakhon', 1),
(3246, 209, 'Samut Songkhram', 'Samut Songkhram', 1),
(3247, 209, 'Sara Buri', 'Sara Buri', 1),
(3248, 209, 'Satun', 'Satun', 1),
(3249, 209, 'Sing Buri', 'Sing Buri', 1),
(3250, 209, 'Sisaket', 'Sisaket', 1),
(3251, 209, 'Songkhla', 'Songkhla', 1),
(3252, 209, 'Sukhothai', 'Sukhothai', 1),
(3253, 209, 'Suphan Buri', 'Suphan Buri', 1),
(3254, 209, 'Surat Thani', 'Surat Thani', 1),
(3255, 209, 'Surin', 'Surin', 1),
(3256, 209, 'Tak', 'Tak', 1),
(3257, 209, 'Trang', 'Trang', 1),
(3258, 209, 'Trat', 'Trat', 1),
(3259, 209, 'Ubon Ratchathani', 'Ubon Ratchathani', 1),
(3260, 209, 'Udon Thani', 'Udon Thani', 1),
(3261, 209, 'Uthai Thani', 'Uthai Thani', 1),
(3262, 209, 'Uttaradit', 'Uttaradit', 1),
(3263, 209, 'Yala', 'Yala', 1),
(3264, 209, 'Yasothon', 'Yasothon', 1),
(3265, 210, 'Kara', 'K', 1),
(3266, 210, 'Plateaux', 'P', 1),
(3267, 210, 'Savanes', 'S', 1),
(3268, 210, 'Centrale', 'C', 1),
(3269, 210, 'Maritime', 'M', 1),
(3270, 211, 'Atafu', 'A', 1),
(3271, 211, 'Fakaofo', 'F', 1),
(3272, 211, 'Nukunonu', 'N', 1),
(3273, 212, 'Ha\'apai', 'H', 1),
(3274, 212, 'Tongatapu', 'T', 1),
(3275, 212, 'Vava\'u', 'V', 1),
(3276, 213, 'Couva/Tabaquite/Talparo', 'CT', 1),
(3277, 213, 'Diego Martin', 'DM', 1),
(3278, 213, 'Mayaro/Rio Claro', 'MR', 1),
(3279, 213, 'Penal/Debe', 'PD', 1),
(3280, 213, 'Princes Town', 'PT', 1),
(3281, 213, 'Sangre Grande', 'SG', 1),
(3282, 213, 'San Juan/Laventille', 'SL', 1),
(3283, 213, 'Siparia', 'SI', 1),
(3284, 213, 'Tunapuna/Piarco', 'TP', 1),
(3285, 213, 'Port of Spain', 'PS', 1),
(3286, 213, 'San Fernando', 'SF', 1),
(3287, 213, 'Arima', 'AR', 1),
(3288, 213, 'Point Fortin', 'PF', 1),
(3289, 213, 'Chaguanas', 'CH', 1),
(3290, 213, 'Tobago', 'TO', 1),
(3291, 214, 'Ariana', 'AR', 1),
(3292, 214, 'Beja', 'BJ', 1),
(3293, 214, 'Ben Arous', 'BA', 1),
(3294, 214, 'Bizerte', 'BI', 1),
(3295, 214, 'Gabes', 'GB', 1),
(3296, 214, 'Gafsa', 'GF', 1),
(3297, 214, 'Jendouba', 'JE', 1),
(3298, 214, 'Kairouan', 'KR', 1),
(3299, 214, 'Kasserine', 'KS', 1),
(3300, 214, 'Kebili', 'KB', 1),
(3301, 214, 'Kef', 'KF', 1),
(3302, 214, 'Mahdia', 'MH', 1),
(3303, 214, 'Manouba', 'MN', 1),
(3304, 214, 'Medenine', 'ME', 1),
(3305, 214, 'Monastir', 'MO', 1),
(3306, 214, 'Nabeul', 'NA', 1),
(3307, 214, 'Sfax', 'SF', 1),
(3308, 214, 'Sidi', 'SD', 1),
(3309, 214, 'Siliana', 'SL', 1),
(3310, 214, 'Sousse', 'SO', 1),
(3311, 214, 'Tataouine', 'TA', 1),
(3312, 214, 'Tozeur', 'TO', 1),
(3313, 214, 'Tunis', 'TU', 1),
(3314, 214, 'Zaghouan', 'ZA', 1),
(3315, 215, 'Adana', 'ADA', 1),
(3316, 215, 'Adıyaman', 'ADI', 1),
(3317, 215, 'Afyonkarahisar', 'AFY', 1),
(3318, 215, 'Ağrı', 'AGR', 1),
(3319, 215, 'Aksaray', 'AKS', 1),
(3320, 215, 'Amasya', 'AMA', 1),
(3321, 215, 'Ankara', 'ANK', 1),
(3322, 215, 'Antalya', 'ANT', 1),
(3323, 215, 'Ardahan', 'ARD', 1),
(3324, 215, 'Artvin', 'ART', 1),
(3325, 215, 'Aydın', 'AYI', 1),
(3326, 215, 'Balıkesir', 'BAL', 1),
(3327, 215, 'Bartın', 'BAR', 1),
(3328, 215, 'Batman', 'BAT', 1),
(3329, 215, 'Bayburt', 'BAY', 1),
(3330, 215, 'Bilecik', 'BIL', 1),
(3331, 215, 'Bingöl', 'BIN', 1),
(3332, 215, 'Bitlis', 'BIT', 1),
(3333, 215, 'Bolu', 'BOL', 1),
(3334, 215, 'Burdur', 'BRD', 1),
(3335, 215, 'Bursa', 'BRS', 1),
(3336, 215, 'Çanakkale', 'CKL', 1),
(3337, 215, 'Çankırı', 'CKR', 1),
(3338, 215, 'Çorum', 'COR', 1),
(3339, 215, 'Denizli', 'DEN', 1),
(3340, 215, 'Diyarbakır', 'DIY', 1),
(3341, 215, 'Düzce', 'DUZ', 1),
(3342, 215, 'Edirne', 'EDI', 1),
(3343, 215, 'Elazığ', 'ELA', 1),
(3344, 215, 'Erzincan', 'EZC', 1),
(3345, 215, 'Erzurum', 'EZR', 1),
(3346, 215, 'Eskişehir', 'ESK', 1),
(3347, 215, 'Gaziantep', 'GAZ', 1),
(3348, 215, 'Giresun', 'GIR', 1),
(3349, 215, 'Gümüşhane', 'GMS', 1),
(3350, 215, 'Hakkari', 'HKR', 1),
(3351, 215, 'Hatay', 'HTY', 1),
(3352, 215, 'Iğdır', 'IGD', 1),
(3353, 215, 'Isparta', 'ISP', 1),
(3354, 215, 'İstanbul', 'IST', 1),
(3355, 215, 'İzmir', 'IZM', 1),
(3356, 215, 'Kahramanmaraş', 'KAH', 1),
(3357, 215, 'Karabük', 'KRB', 1),
(3358, 215, 'Karaman', 'KRM', 1),
(3359, 215, 'Kars', 'KRS', 1),
(3360, 215, 'Kastamonu', 'KAS', 1),
(3361, 215, 'Kayseri', 'KAY', 1),
(3362, 215, 'Kilis', 'KLS', 1),
(3363, 215, 'Kırıkkale', 'KRK', 1),
(3364, 215, 'Kırklareli', 'KLR', 1),
(3365, 215, 'Kırşehir', 'KRH', 1),
(3366, 215, 'Kocaeli', 'KOC', 1),
(3367, 215, 'Konya', 'KON', 1),
(3368, 215, 'Kütahya', 'KUT', 1),
(3369, 215, 'Malatya', 'MAL', 1),
(3370, 215, 'Manisa', 'MAN', 1),
(3371, 215, 'Mardin', 'MAR', 1),
(3372, 215, 'Mersin', 'MER', 1),
(3373, 215, 'Muğla', 'MUG', 1),
(3374, 215, 'Muş', 'MUS', 1),
(3375, 215, 'Nevşehir', 'NEV', 1),
(3376, 215, 'Niğde', 'NIG', 1),
(3377, 215, 'Ordu', 'ORD', 1),
(3378, 215, 'Osmaniye', 'OSM', 1),
(3379, 215, 'Rize', 'RIZ', 1),
(3380, 215, 'Sakarya', 'SAK', 1),
(3381, 215, 'Samsun', 'SAM', 1),
(3382, 215, 'Şanlıurfa', 'SAN', 1),
(3383, 215, 'Siirt', 'SII', 1),
(3384, 215, 'Sinop', 'SIN', 1),
(3385, 215, 'Şırnak', 'SIR', 1),
(3386, 215, 'Sivas', 'SIV', 1),
(3387, 215, 'Tekirdağ', 'TEL', 1),
(3388, 215, 'Tokat', 'TOK', 1),
(3389, 215, 'Trabzon', 'TRA', 1),
(3390, 215, 'Tunceli', 'TUN', 1),
(3391, 215, 'Uşak', 'USK', 1),
(3392, 215, 'Van', 'VAN', 1),
(3393, 215, 'Yalova', 'YAL', 1),
(3394, 215, 'Yozgat', 'YOZ', 1),
(3395, 215, 'Zonguldak', 'ZON', 1),
(3396, 216, 'Ahal Welayaty', 'A', 1),
(3397, 216, 'Balkan Welayaty', 'B', 1),
(3398, 216, 'Dashhowuz Welayaty', 'D', 1),
(3399, 216, 'Lebap Welayaty', 'L', 1),
(3400, 216, 'Mary Welayaty', 'M', 1),
(3401, 217, 'Ambergris Cays', 'AC', 1),
(3402, 217, 'Dellis Cay', 'DC', 1),
(3403, 217, 'French Cay', 'FC', 1),
(3404, 217, 'Little Water Cay', 'LW', 1),
(3405, 217, 'Parrot Cay', 'RC', 1),
(3406, 217, 'Pine Cay', 'PN', 1),
(3407, 217, 'Salt Cay', 'SL', 1),
(3408, 217, 'Grand Turk', 'GT', 1),
(3409, 217, 'South Caicos', 'SC', 1),
(3410, 217, 'East Caicos', 'EC', 1),
(3411, 217, 'Middle Caicos', 'MC', 1),
(3412, 217, 'North Caicos', 'NC', 1),
(3413, 217, 'Providenciales', 'PR', 1),
(3414, 217, 'West Caicos', 'WC', 1),
(3415, 218, 'Nanumanga', 'NMG', 1),
(3416, 218, 'Niulakita', 'NLK', 1),
(3417, 218, 'Niutao', 'NTO', 1),
(3418, 218, 'Funafuti', 'FUN', 1),
(3419, 218, 'Nanumea', 'NME', 1),
(3420, 218, 'Nui', 'NUI', 1),
(3421, 218, 'Nukufetau', 'NFT', 1),
(3422, 218, 'Nukulaelae', 'NLL', 1),
(3423, 218, 'Vaitupu', 'VAI', 1),
(3424, 219, 'Kalangala', 'KAL', 1),
(3425, 219, 'Kampala', 'KMP', 1),
(3426, 219, 'Kayunga', 'KAY', 1),
(3427, 219, 'Kiboga', 'KIB', 1),
(3428, 219, 'Luwero', 'LUW', 1),
(3429, 219, 'Masaka', 'MAS', 1),
(3430, 219, 'Mpigi', 'MPI', 1),
(3431, 219, 'Mubende', 'MUB', 1),
(3432, 219, 'Mukono', 'MUK', 1),
(3433, 219, 'Nakasongola', 'NKS', 1),
(3434, 219, 'Rakai', 'RAK', 1),
(3435, 219, 'Sembabule', 'SEM', 1),
(3436, 219, 'Wakiso', 'WAK', 1),
(3437, 219, 'Bugiri', 'BUG', 1),
(3438, 219, 'Busia', 'BUS', 1),
(3439, 219, 'Iganga', 'IGA', 1),
(3440, 219, 'Jinja', 'JIN', 1),
(3441, 219, 'Kaberamaido', 'KAB', 1),
(3442, 219, 'Kamuli', 'KML', 1),
(3443, 219, 'Kapchorwa', 'KPC', 1),
(3444, 219, 'Katakwi', 'KTK', 1),
(3445, 219, 'Kumi', 'KUM', 1),
(3446, 219, 'Mayuge', 'MAY', 1),
(3447, 219, 'Mbale', 'MBA', 1),
(3448, 219, 'Pallisa', 'PAL', 1),
(3449, 219, 'Sironko', 'SIR', 1),
(3450, 219, 'Soroti', 'SOR', 1),
(3451, 219, 'Tororo', 'TOR', 1),
(3452, 219, 'Adjumani', 'ADJ', 1),
(3453, 219, 'Apac', 'APC', 1),
(3454, 219, 'Arua', 'ARU', 1),
(3455, 219, 'Gulu', 'GUL', 1),
(3456, 219, 'Kitgum', 'KIT', 1),
(3457, 219, 'Kotido', 'KOT', 1),
(3458, 219, 'Lira', 'LIR', 1),
(3459, 219, 'Moroto', 'MRT', 1),
(3460, 219, 'Moyo', 'MOY', 1),
(3461, 219, 'Nakapiripirit', 'NAK', 1),
(3462, 219, 'Nebbi', 'NEB', 1),
(3463, 219, 'Pader', 'PAD', 1),
(3464, 219, 'Yumbe', 'YUM', 1),
(3465, 219, 'Bundibugyo', 'BUN', 1),
(3466, 219, 'Bushenyi', 'BSH', 1),
(3467, 219, 'Hoima', 'HOI', 1),
(3468, 219, 'Kabale', 'KBL', 1),
(3469, 219, 'Kabarole', 'KAR', 1),
(3470, 219, 'Kamwenge', 'KAM', 1),
(3471, 219, 'Kanungu', 'KAN', 1),
(3472, 219, 'Kasese', 'KAS', 1),
(3473, 219, 'Kibaale', 'KBA', 1),
(3474, 219, 'Kisoro', 'KIS', 1),
(3475, 219, 'Kyenjojo', 'KYE', 1),
(3476, 219, 'Masindi', 'MSN', 1),
(3477, 219, 'Mbarara', 'MBR', 1),
(3478, 219, 'Ntungamo', 'NTU', 1),
(3479, 219, 'Rukungiri', 'RUK', 1),
(3480, 220, 'Cherkas\'ka Oblast\'', '71', 1),
(3481, 220, 'Chernihivs\'ka Oblast\'', '74', 1),
(3482, 220, 'Chernivets\'ka Oblast\'', '77', 1),
(3483, 220, 'Crimea', '43', 1),
(3484, 220, 'Dnipropetrovs\'ka Oblast\'', '12', 1),
(3485, 220, 'Donets\'ka Oblast\'', '14', 1),
(3486, 220, 'Ivano-Frankivs\'ka Oblast\'', '26', 1),
(3487, 220, 'Khersons\'ka Oblast\'', '65', 1),
(3488, 220, 'Khmel\'nyts\'ka Oblast\'', '68', 1),
(3489, 220, 'Kirovohrads\'ka Oblast\'', '35', 1),
(3490, 220, 'Kyiv', '30', 1),
(3491, 220, 'Kyivs\'ka Oblast\'', '32', 1),
(3492, 220, 'Luhans\'ka Oblast\'', '09', 1),
(3493, 220, 'L\'vivs\'ka Oblast\'', '46', 1),
(3494, 220, 'Mykolayivs\'ka Oblast\'', '48', 1),
(3495, 220, 'Odes\'ka Oblast\'', '51', 1),
(3496, 220, 'Poltavs\'ka Oblast\'', '53', 1),
(3497, 220, 'Rivnens\'ka Oblast\'', '56', 1),
(3498, 220, 'Sevastopol\'', '40', 1),
(3499, 220, 'Sums\'ka Oblast\'', '59', 1),
(3500, 220, 'Ternopil\'s\'ka Oblast\'', '61', 1),
(3501, 220, 'Vinnyts\'ka Oblast\'', '05', 1),
(3502, 220, 'Volyns\'ka Oblast\'', '07', 1),
(3503, 220, 'Zakarpats\'ka Oblast\'', '21', 1),
(3504, 220, 'Zaporiz\'ka Oblast\'', '23', 1),
(3505, 220, 'Zhytomyrs\'ka oblast\'', '18', 1),
(3506, 221, 'Abu Zaby', 'AZ', 1),
(3507, 221, '\'Ajman', 'AJ', 1),
(3508, 221, 'Al Fujayrah', 'FU', 1),
(3509, 221, 'Ash Shariqah', 'SH', 1),
(3510, 221, 'Dubayy', 'DU', 1),
(3511, 221, 'R\'as al Khaymah', 'RK', 1),
(3512, 221, 'Umm al Qaywayn', 'UQ', 1),
(3513, 222, 'Aberdeen', 'ABN', 1),
(3514, 222, 'Aberdeenshire', 'ABNS', 1),
(3515, 222, 'Anglesey', 'ANG', 1),
(3516, 222, 'Angus', 'AGS', 1),
(3517, 222, 'Argyll and Bute', 'ARY', 1),
(3518, 222, 'Bedfordshire', 'BEDS', 1),
(3519, 222, 'Berkshire', 'BERKS', 1),
(3520, 222, 'Blaenau Gwent', 'BLA', 1),
(3521, 222, 'Bridgend', 'BRI', 1),
(3522, 222, 'Bristol', 'BSTL', 1),
(3523, 222, 'Buckinghamshire', 'BUCKS', 1),
(3524, 222, 'Caerphilly', 'CAE', 1),
(3525, 222, 'Cambridgeshire', 'CAMBS', 1),
(3526, 222, 'Cardiff', 'CDF', 1),
(3527, 222, 'Carmarthenshire', 'CARM', 1),
(3528, 222, 'Ceredigion', 'CDGN', 1),
(3529, 222, 'Cheshire', 'CHES', 1),
(3530, 222, 'Clackmannanshire', 'CLACK', 1),
(3531, 222, 'Conwy', 'CON', 1),
(3532, 222, 'Cornwall', 'CORN', 1),
(3533, 222, 'Denbighshire', 'DNBG', 1),
(3534, 222, 'Derbyshire', 'DERBY', 1),
(3535, 222, 'Devon', 'DVN', 1),
(3536, 222, 'Dorset', 'DOR', 1),
(3537, 222, 'Dumfries and Galloway', 'DGL', 1),
(3538, 222, 'Dundee', 'DUND', 1),
(3539, 222, 'Durham', 'DHM', 1),
(3540, 222, 'East Ayrshire', 'ARYE', 1),
(3541, 222, 'East Dunbartonshire', 'DUNBE', 1),
(3542, 222, 'East Lothian', 'LOTE', 1),
(3543, 222, 'East Renfrewshire', 'RENE', 1),
(3544, 222, 'East Riding of Yorkshire', 'ERYS', 1),
(3545, 222, 'East Sussex', 'SXE', 1),
(3546, 222, 'Edinburgh', 'EDIN', 1),
(3547, 222, 'Essex', 'ESX', 1),
(3548, 222, 'Falkirk', 'FALK', 1),
(3549, 222, 'Fife', 'FFE', 1),
(3550, 222, 'Flintshire', 'FLINT', 1),
(3551, 222, 'Glasgow', 'GLAS', 1),
(3552, 222, 'Gloucestershire', 'GLOS', 1),
(3553, 222, 'Greater London', 'LDN', 1),
(3554, 222, 'Greater Manchester', 'MCH', 1),
(3555, 222, 'Gwynedd', 'GDD', 1),
(3556, 222, 'Hampshire', 'HANTS', 1),
(3557, 222, 'Herefordshire', 'HWR', 1),
(3558, 222, 'Hertfordshire', 'HERTS', 1),
(3559, 222, 'Highlands', 'HLD', 1),
(3560, 222, 'Inverclyde', 'IVER', 1),
(3561, 222, 'Isle of Wight', 'IOW', 1),
(3562, 222, 'Kent', 'KNT', 1),
(3563, 222, 'Lancashire', 'LANCS', 1),
(3564, 222, 'Leicestershire', 'LEICS', 1),
(3565, 222, 'Lincolnshire', 'LINCS', 1),
(3566, 222, 'Merseyside', 'MSY', 1),
(3567, 222, 'Merthyr Tydfil', 'MERT', 1),
(3568, 222, 'Midlothian', 'MLOT', 1),
(3569, 222, 'Monmouthshire', 'MMOUTH', 1),
(3570, 222, 'Moray', 'MORAY', 1),
(3571, 222, 'Neath Port Talbot', 'NPRTAL', 1),
(3572, 222, 'Newport', 'NEWPT', 1),
(3573, 222, 'Norfolk', 'NOR', 1),
(3574, 222, 'North Ayrshire', 'ARYN', 1),
(3575, 222, 'North Lanarkshire', 'LANN', 1),
(3576, 222, 'North Yorkshire', 'YSN', 1),
(3577, 222, 'Northamptonshire', 'NHM', 1),
(3578, 222, 'Northumberland', 'NLD', 1),
(3579, 222, 'Nottinghamshire', 'NOT', 1),
(3580, 222, 'Orkney Islands', 'ORK', 1),
(3581, 222, 'Oxfordshire', 'OFE', 1),
(3582, 222, 'Pembrokeshire', 'PEM', 1),
(3583, 222, 'Perth and Kinross', 'PERTH', 1),
(3584, 222, 'Powys', 'PWS', 1),
(3585, 222, 'Renfrewshire', 'REN', 1),
(3586, 222, 'Rhondda Cynon Taff', 'RHON', 1),
(3587, 222, 'Rutland', 'RUT', 1),
(3588, 222, 'Scottish Borders', 'BOR', 1),
(3589, 222, 'Shetland Islands', 'SHET', 1),
(3590, 222, 'Shropshire', 'SPE', 1),
(3591, 222, 'Somerset', 'SOM', 1),
(3592, 222, 'South Ayrshire', 'ARYS', 1),
(3593, 222, 'South Lanarkshire', 'LANS', 1),
(3594, 222, 'South Yorkshire', 'YSS', 1),
(3595, 222, 'Staffordshire', 'SFD', 1),
(3596, 222, 'Stirling', 'STIR', 1),
(3597, 222, 'Suffolk', 'SFK', 1),
(3598, 222, 'Surrey', 'SRY', 1),
(3599, 222, 'Swansea', 'SWAN', 1),
(3600, 222, 'Torfaen', 'TORF', 1),
(3601, 222, 'Tyne and Wear', 'TWR', 1),
(3602, 222, 'Vale of Glamorgan', 'VGLAM', 1),
(3603, 222, 'Warwickshire', 'WARKS', 1),
(3604, 222, 'West Dunbartonshire', 'WDUN', 1),
(3605, 222, 'West Lothian', 'WLOT', 1),
(3606, 222, 'West Midlands', 'WMD', 1),
(3607, 222, 'West Sussex', 'SXW', 1),
(3608, 222, 'West Yorkshire', 'YSW', 1),
(3609, 222, 'Western Isles', 'WIL', 1),
(3610, 222, 'Wiltshire', 'WLT', 1),
(3611, 222, 'Worcestershire', 'WORCS', 1),
(3612, 222, 'Wrexham', 'WRX', 1),
(3613, 223, 'Alabama', 'AL', 1),
(3614, 223, 'Alaska', 'AK', 1),
(3615, 223, 'American Samoa', 'AS', 1),
(3616, 223, 'Arizona', 'AZ', 1),
(3617, 223, 'Arkansas', 'AR', 1),
(3618, 223, 'Armed Forces Africa', 'AF', 1),
(3619, 223, 'Armed Forces Americas', 'AA', 1),
(3620, 223, 'Armed Forces Canada', 'AC', 1),
(3621, 223, 'Armed Forces Europe', 'AE', 1),
(3622, 223, 'Armed Forces Middle East', 'AM', 1),
(3623, 223, 'Armed Forces Pacific', 'AP', 1),
(3624, 223, 'California', 'CA', 1),
(3625, 223, 'Colorado', 'CO', 1),
(3626, 223, 'Connecticut', 'CT', 1),
(3627, 223, 'Delaware', 'DE', 1),
(3628, 223, 'District of Columbia', 'DC', 1),
(3629, 223, 'Federated States Of Micronesia', 'FM', 1),
(3630, 223, 'Florida', 'FL', 1),
(3631, 223, 'Georgia', 'GA', 1),
(3632, 223, 'Guam', 'GU', 1),
(3633, 223, 'Hawaii', 'HI', 1),
(3634, 223, 'Idaho', 'ID', 1),
(3635, 223, 'Illinois', 'IL', 1),
(3636, 223, 'Indiana', 'IN', 1),
(3637, 223, 'Iowa', 'IA', 1),
(3638, 223, 'Kansas', 'KS', 1),
(3639, 223, 'Kentucky', 'KY', 1),
(3640, 223, 'Louisiana', 'LA', 1),
(3641, 223, 'Maine', 'ME', 1),
(3642, 223, 'Marshall Islands', 'MH', 1),
(3643, 223, 'Maryland', 'MD', 1),
(3644, 223, 'Massachusetts', 'MA', 1),
(3645, 223, 'Michigan', 'MI', 1),
(3646, 223, 'Minnesota', 'MN', 1),
(3647, 223, 'Mississippi', 'MS', 1),
(3648, 223, 'Missouri', 'MO', 1),
(3649, 223, 'Montana', 'MT', 1),
(3650, 223, 'Nebraska', 'NE', 1),
(3651, 223, 'Nevada', 'NV', 1),
(3652, 223, 'New Hampshire', 'NH', 1),
(3653, 223, 'New Jersey', 'NJ', 1),
(3654, 223, 'New Mexico', 'NM', 1),
(3655, 223, 'New York', 'NY', 1),
(3656, 223, 'North Carolina', 'NC', 1),
(3657, 223, 'North Dakota', 'ND', 1),
(3658, 223, 'Northern Mariana Islands', 'MP', 1),
(3659, 223, 'Ohio', 'OH', 1),
(3660, 223, 'Oklahoma', 'OK', 1),
(3661, 223, 'Oregon', 'OR', 1),
(3662, 223, 'Palau', 'PW', 1),
(3663, 223, 'Pennsylvania', 'PA', 1),
(3664, 223, 'Puerto Rico', 'PR', 1),
(3665, 223, 'Rhode Island', 'RI', 1),
(3666, 223, 'South Carolina', 'SC', 1),
(3667, 223, 'South Dakota', 'SD', 1),
(3668, 223, 'Tennessee', 'TN', 1),
(3669, 223, 'Texas', 'TX', 1),
(3670, 223, 'Utah', 'UT', 1),
(3671, 223, 'Vermont', 'VT', 1),
(3672, 223, 'Virgin Islands', 'VI', 1),
(3673, 223, 'Virginia', 'VA', 1),
(3674, 223, 'Washington', 'WA', 1),
(3675, 223, 'West Virginia', 'WV', 1),
(3676, 223, 'Wisconsin', 'WI', 1),
(3677, 223, 'Wyoming', 'WY', 1),
(3678, 224, 'Baker Island', 'BI', 1),
(3679, 224, 'Howland Island', 'HI', 1),
(3680, 224, 'Jarvis Island', 'JI', 1),
(3681, 224, 'Johnston Atoll', 'JA', 1),
(3682, 224, 'Kingman Reef', 'KR', 1),
(3683, 224, 'Midway Atoll', 'MA', 1),
(3684, 224, 'Navassa Island', 'NI', 1),
(3685, 224, 'Palmyra Atoll', 'PA', 1),
(3686, 224, 'Wake Island', 'WI', 1),
(3687, 225, 'Artigas', 'AR', 1),
(3688, 225, 'Canelones', 'CA', 1),
(3689, 225, 'Cerro Largo', 'CL', 1),
(3690, 225, 'Colonia', 'CO', 1),
(3691, 225, 'Durazno', 'DU', 1),
(3692, 225, 'Flores', 'FS', 1),
(3693, 225, 'Florida', 'FA', 1),
(3694, 225, 'Lavalleja', 'LA', 1),
(3695, 225, 'Maldonado', 'MA', 1),
(3696, 225, 'Montevideo', 'MO', 1),
(3697, 225, 'Paysandu', 'PA', 1),
(3698, 225, 'Rio Negro', 'RN', 1),
(3699, 225, 'Rivera', 'RV', 1),
(3700, 225, 'Rocha', 'RO', 1),
(3701, 225, 'Salto', 'SL', 1),
(3702, 225, 'San Jose', 'SJ', 1),
(3703, 225, 'Soriano', 'SO', 1),
(3704, 225, 'Tacuarembo', 'TA', 1),
(3705, 225, 'Treinta y Tres', 'TT', 1),
(3706, 226, 'Andijon', 'AN', 1),
(3707, 226, 'Buxoro', 'BU', 1),
(3708, 226, 'Farg\'ona', 'FA', 1),
(3709, 226, 'Jizzax', 'JI', 1),
(3710, 226, 'Namangan', 'NG', 1),
(3711, 226, 'Navoiy', 'NW', 1),
(3712, 226, 'Qashqadaryo', 'QA', 1),
(3713, 226, 'Qoraqalpog\'iston Republikasi', 'QR', 1),
(3714, 226, 'Samarqand', 'SA', 1),
(3715, 226, 'Sirdaryo', 'SI', 1),
(3716, 226, 'Surxondaryo', 'SU', 1),
(3717, 226, 'Toshkent City', 'TK', 1),
(3718, 226, 'Toshkent Region', 'TO', 1),
(3719, 226, 'Xorazm', 'XO', 1),
(3720, 227, 'Malampa', 'MA', 1),
(3721, 227, 'Penama', 'PE', 1),
(3722, 227, 'Sanma', 'SA', 1),
(3723, 227, 'Shefa', 'SH', 1),
(3724, 227, 'Tafea', 'TA', 1),
(3725, 227, 'Torba', 'TO', 1),
(3726, 229, 'Amazonas', 'AM', 1),
(3727, 229, 'Anzoategui', 'AN', 1),
(3728, 229, 'Apure', 'AP', 1),
(3729, 229, 'Aragua', 'AR', 1),
(3730, 229, 'Barinas', 'BA', 1),
(3731, 229, 'Bolivar', 'BO', 1),
(3732, 229, 'Carabobo', 'CA', 1),
(3733, 229, 'Cojedes', 'CO', 1),
(3734, 229, 'Delta Amacuro', 'DA', 1),
(3735, 229, 'Dependencias Federales', 'DF', 1),
(3736, 229, 'Distrito Federal', 'DI', 1),
(3737, 229, 'Falcon', 'FA', 1),
(3738, 229, 'Guarico', 'GU', 1),
(3739, 229, 'Lara', 'LA', 1),
(3740, 229, 'Merida', 'ME', 1),
(3741, 229, 'Miranda', 'MI', 1),
(3742, 229, 'Monagas', 'MO', 1),
(3743, 229, 'Nueva Esparta', 'NE', 1),
(3744, 229, 'Portuguesa', 'PO', 1),
(3745, 229, 'Sucre', 'SU', 1),
(3746, 229, 'Tachira', 'TA', 1),
(3747, 229, 'Trujillo', 'TR', 1),
(3748, 229, 'Vargas', 'VA', 1),
(3749, 229, 'Yaracuy', 'YA', 1),
(3750, 229, 'Zulia', 'ZU', 1),
(3751, 230, 'An Giang', 'AG', 1),
(3752, 230, 'Bac Giang', 'BG', 1),
(3753, 230, 'Bac Kan', 'BK', 1),
(3754, 230, 'Bac Lieu', 'BL', 1),
(3755, 230, 'Bac Ninh', 'BC', 1),
(3756, 230, 'Ba Ria-Vung Tau', 'BR', 1),
(3757, 230, 'Ben Tre', 'BN', 1),
(3758, 230, 'Binh Dinh', 'BH', 1),
(3759, 230, 'Binh Duong', 'BU', 1),
(3760, 230, 'Binh Phuoc', 'BP', 1),
(3761, 230, 'Binh Thuan', 'BT', 1),
(3762, 230, 'Ca Mau', 'CM', 1),
(3763, 230, 'Can Tho', 'CT', 1),
(3764, 230, 'Cao Bang', 'CB', 1),
(3765, 230, 'Dak Lak', 'DL', 1),
(3766, 230, 'Dak Nong', 'DG', 1),
(3767, 230, 'Da Nang', 'DN', 1),
(3768, 230, 'Dien Bien', 'DB', 1),
(3769, 230, 'Dong Nai', 'DI', 1),
(3770, 230, 'Dong Thap', 'DT', 1),
(3771, 230, 'Gia Lai', 'GL', 1),
(3772, 230, 'Ha Giang', 'HG', 1),
(3773, 230, 'Hai Duong', 'HD', 1),
(3774, 230, 'Hai Phong', 'HP', 1),
(3775, 230, 'Ha Nam', 'HM', 1),
(3776, 230, 'Ha Noi', 'HI', 1),
(3777, 230, 'Ha Tay', 'HT', 1),
(3778, 230, 'Ha Tinh', 'HH', 1),
(3779, 230, 'Hoa Binh', 'HB', 1),
(3780, 230, 'Ho Chi Minh City', 'HC', 1),
(3781, 230, 'Hau Giang', 'HU', 1),
(3782, 230, 'Hung Yen', 'HY', 1),
(3783, 232, 'Saint Croix', 'C', 1),
(3784, 232, 'Saint John', 'J', 1),
(3785, 232, 'Saint Thomas', 'T', 1),
(3786, 233, 'Alo', 'A', 1),
(3787, 233, 'Sigave', 'S', 1),
(3788, 233, 'Wallis', 'W', 1),
(3789, 235, 'Abyan', 'AB', 1),
(3790, 235, 'Adan', 'AD', 1),
(3791, 235, 'Amran', 'AM', 1),
(3792, 235, 'Al Bayda', 'BA', 1),
(3793, 235, 'Ad Dali', 'DA', 1),
(3794, 235, 'Dhamar', 'DH', 1),
(3795, 235, 'Hadramawt', 'HD', 1),
(3796, 235, 'Hajjah', 'HJ', 1),
(3797, 235, 'Al Hudaydah', 'HU', 1),
(3798, 235, 'Ibb', 'IB', 1),
(3799, 235, 'Al Jawf', 'JA', 1),
(3800, 235, 'Lahij', 'LA', 1),
(3801, 235, 'Ma\'rib', 'MA', 1),
(3802, 235, 'Al Mahrah', 'MR', 1),
(3803, 235, 'Al Mahwit', 'MW', 1),
(3804, 235, 'Sa\'dah', 'SD', 1),
(3805, 235, 'San\'a', 'SN', 1),
(3806, 235, 'Shabwah', 'SH', 1),
(3807, 235, 'Ta\'izz', 'TA', 1),
(3812, 237, 'Bas-Congo', 'BC', 1),
(3813, 237, 'Bandundu', 'BN', 1),
(3814, 237, 'Equateur', 'EQ', 1),
(3815, 237, 'Katanga', 'KA', 1),
(3816, 237, 'Kasai-Oriental', 'KE', 1),
(3817, 237, 'Kinshasa', 'KN', 1),
(3818, 237, 'Kasai-Occidental', 'KW', 1),
(3819, 237, 'Maniema', 'MA', 1),
(3820, 237, 'Nord-Kivu', 'NK', 1),
(3821, 237, 'Orientale', 'OR', 1),
(3822, 237, 'Sud-Kivu', 'SK', 1),
(3823, 238, 'Central', 'CE', 1),
(3824, 238, 'Copperbelt', 'CB', 1),
(3825, 238, 'Eastern', 'EA', 1),
(3826, 238, 'Luapula', 'LP', 1),
(3827, 238, 'Lusaka', 'LK', 1),
(3828, 238, 'Northern', 'NO', 1),
(3829, 238, 'North-Western', 'NW', 1),
(3830, 238, 'Southern', 'SO', 1),
(3831, 238, 'Western', 'WE', 1),
(3832, 239, 'Bulawayo', 'BU', 1),
(3833, 239, 'Harare', 'HA', 1),
(3834, 239, 'Manicaland', 'ML', 1),
(3835, 239, 'Mashonaland Central', 'MC', 1),
(3836, 239, 'Mashonaland East', 'ME', 1),
(3837, 239, 'Mashonaland West', 'MW', 1),
(3838, 239, 'Masvingo', 'MV', 1),
(3839, 239, 'Matabeleland North', 'MN', 1),
(3840, 239, 'Matabeleland South', 'MS', 1),
(3841, 239, 'Midlands', 'MD', 1),
(3861, 105, 'Campobasso', 'CB', 1),
(3862, 105, 'Carbonia-Iglesias', 'CI', 1),
(3863, 105, 'Caserta', 'CE', 1),
(3864, 105, 'Catania', 'CT', 1),
(3865, 105, 'Catanzaro', 'CZ', 1),
(3866, 105, 'Chieti', 'CH', 1),
(3867, 105, 'Como', 'CO', 1),
(3868, 105, 'Cosenza', 'CS', 1),
(3869, 105, 'Cremona', 'CR', 1),
(3870, 105, 'Crotone', 'KR', 1),
(3871, 105, 'Cuneo', 'CN', 1),
(3872, 105, 'Enna', 'EN', 1),
(3873, 105, 'Ferrara', 'FE', 1),
(3874, 105, 'Firenze', 'FI', 1),
(3875, 105, 'Foggia', 'FG', 1),
(3876, 105, 'Forli-Cesena', 'FC', 1),
(3877, 105, 'Frosinone', 'FR', 1),
(3878, 105, 'Genova', 'GE', 1),
(3879, 105, 'Gorizia', 'GO', 1),
(3880, 105, 'Grosseto', 'GR', 1),
(3881, 105, 'Imperia', 'IM', 1),
(3882, 105, 'Isernia', 'IS', 1),
(3883, 105, 'L&#39;Aquila', 'AQ', 1),
(3884, 105, 'La Spezia', 'SP', 1),
(3885, 105, 'Latina', 'LT', 1),
(3886, 105, 'Lecce', 'LE', 1),
(3887, 105, 'Lecco', 'LC', 1),
(3888, 105, 'Livorno', 'LI', 1),
(3889, 105, 'Lodi', 'LO', 1),
(3890, 105, 'Lucca', 'LU', 1),
(3891, 105, 'Macerata', 'MC', 1),
(3892, 105, 'Mantova', 'MN', 1),
(3893, 105, 'Massa-Carrara', 'MS', 1),
(3894, 105, 'Matera', 'MT', 1),
(3895, 105, 'Medio Campidano', 'VS', 1),
(3896, 105, 'Messina', 'ME', 1),
(3897, 105, 'Milano', 'MI', 1),
(3898, 105, 'Modena', 'MO', 1),
(3899, 105, 'Napoli', 'NA', 1),
(3900, 105, 'Novara', 'NO', 1),
(3901, 105, 'Nuoro', 'NU', 1),
(3902, 105, 'Ogliastra', 'OG', 1),
(3903, 105, 'Olbia-Tempio', 'OT', 1),
(3904, 105, 'Oristano', 'OR', 1),
(3905, 105, 'Padova', 'PD', 1),
(3906, 105, 'Palermo', 'PA', 1),
(3907, 105, 'Parma', 'PR', 1),
(3908, 105, 'Pavia', 'PV', 1),
(3909, 105, 'Perugia', 'PG', 1),
(3910, 105, 'Pesaro e Urbino', 'PU', 1),
(3911, 105, 'Pescara', 'PE', 1),
(3912, 105, 'Piacenza', 'PC', 1),
(3913, 105, 'Pisa', 'PI', 1),
(3914, 105, 'Pistoia', 'PT', 1),
(3915, 105, 'Pordenone', 'PN', 1),
(3916, 105, 'Potenza', 'PZ', 1),
(3917, 105, 'Prato', 'PO', 1),
(3918, 105, 'Ragusa', 'RG', 1),
(3919, 105, 'Ravenna', 'RA', 1),
(3920, 105, 'Reggio Calabria', 'RC', 1),
(3921, 105, 'Reggio Emilia', 'RE', 1),
(3922, 105, 'Rieti', 'RI', 1),
(3923, 105, 'Rimini', 'RN', 1),
(3924, 105, 'Roma', 'RM', 1),
(3925, 105, 'Rovigo', 'RO', 1),
(3926, 105, 'Salerno', 'SA', 1),
(3927, 105, 'Sassari', 'SS', 1),
(3928, 105, 'Savona', 'SV', 1),
(3929, 105, 'Siena', 'SI', 1),
(3930, 105, 'Siracusa', 'SR', 1),
(3931, 105, 'Sondrio', 'SO', 1),
(3932, 105, 'Taranto', 'TA', 1),
(3933, 105, 'Teramo', 'TE', 1),
(3934, 105, 'Terni', 'TR', 1),
(3935, 105, 'Torino', 'TO', 1),
(3936, 105, 'Trapani', 'TP', 1),
(3937, 105, 'Trento', 'TN', 1),
(3938, 105, 'Treviso', 'TV', 1),
(3939, 105, 'Trieste', 'TS', 1),
(3940, 105, 'Udine', 'UD', 1),
(3941, 105, 'Varese', 'VA', 1),
(3942, 105, 'Venezia', 'VE', 1),
(3943, 105, 'Verbano-Cusio-Ossola', 'VB', 1),
(3944, 105, 'Vercelli', 'VC', 1),
(3945, 105, 'Verona', 'VR', 1),
(3946, 105, 'Vibo Valentia', 'VV', 1),
(3947, 105, 'Vicenza', 'VI', 1),
(3948, 105, 'Viterbo', 'VT', 1),
(3949, 222, 'County Antrim', 'ANT', 1),
(3950, 222, 'County Armagh', 'ARM', 1),
(3951, 222, 'County Down', 'DOW', 1),
(3952, 222, 'County Fermanagh', 'FER', 1),
(3953, 222, 'County Londonderry', 'LDY', 1),
(3954, 222, 'County Tyrone', 'TYR', 1),
(3955, 222, 'Cumbria', 'CMA', 1),
(3956, 190, 'Pomurska', '1', 1),
(3957, 190, 'Podravska', '2', 1),
(3958, 190, 'Koroška', '3', 1),
(3959, 190, 'Savinjska', '4', 1),
(3960, 190, 'Zasavska', '5', 1),
(3961, 190, 'Spodnjeposavska', '6', 1),
(3962, 190, 'Jugovzhodna Slovenija', '7', 1),
(3963, 190, 'Osrednjeslovenska', '8', 1),
(3964, 190, 'Gorenjska', '9', 1),
(3965, 190, 'Notranjsko-kraška', '10', 1),
(3966, 190, 'Goriška', '11', 1),
(3967, 190, 'Obalno-kraška', '12', 1),
(3968, 33, 'Ruse', '', 1),
(3969, 101, 'Alborz', 'ALB', 1),
(3970, 21, 'Brussels-Capital Region', 'BRU', 1),
(3971, 138, 'Aguascalientes', 'AG', 1),
(3973, 242, 'Andrijevica', '01', 1),
(3974, 242, 'Bar', '02', 1),
(3975, 242, 'Berane', '03', 1),
(3976, 242, 'Bijelo Polje', '04', 1),
(3977, 242, 'Budva', '05', 1),
(3978, 242, 'Cetinje', '06', 1),
(3979, 242, 'Danilovgrad', '07', 1),
(3980, 242, 'Herceg-Novi', '08', 1),
(3981, 242, 'Kolašin', '09', 1),
(3982, 242, 'Kotor', '10', 1),
(3983, 242, 'Mojkovac', '11', 1),
(3984, 242, 'Nikšić', '12', 1),
(3985, 242, 'Plav', '13', 1),
(3986, 242, 'Pljevlja', '14', 1),
(3987, 242, 'Plužine', '15', 1),
(3988, 242, 'Podgorica', '16', 1),
(3989, 242, 'Rožaje', '17', 1),
(3990, 242, 'Šavnik', '18', 1),
(3991, 242, 'Tivat', '19', 1),
(3992, 242, 'Ulcinj', '20', 1),
(3993, 242, 'Žabljak', '21', 1),
(3994, 243, 'Belgrade', '00', 1),
(3995, 243, 'North Bačka', '01', 1),
(3996, 243, 'Central Banat', '02', 1),
(3997, 243, 'North Banat', '03', 1),
(3998, 243, 'South Banat', '04', 1),
(3999, 243, 'West Bačka', '05', 1),
(4000, 243, 'South Bačka', '06', 1),
(4001, 243, 'Srem', '07', 1),
(4002, 243, 'Mačva', '08', 1),
(4003, 243, 'Kolubara', '09', 1),
(4004, 243, 'Podunavlje', '10', 1),
(4005, 243, 'Braničevo', '11', 1),
(4006, 243, 'Šumadija', '12', 1),
(4007, 243, 'Pomoravlje', '13', 1),
(4008, 243, 'Bor', '14', 1),
(4009, 243, 'Zaječar', '15', 1),
(4010, 243, 'Zlatibor', '16', 1),
(4011, 243, 'Moravica', '17', 1),
(4012, 243, 'Raška', '18', 1),
(4013, 243, 'Rasina', '19', 1),
(4014, 243, 'Nišava', '20', 1),
(4015, 243, 'Toplica', '21', 1),
(4016, 243, 'Pirot', '22', 1),
(4017, 243, 'Jablanica', '23', 1),
(4018, 243, 'Pčinja', '24', 1),
(4020, 245, 'Bonaire', 'BO', 1),
(4021, 245, 'Saba', 'SA', 1),
(4022, 245, 'Sint Eustatius', 'SE', 1),
(4023, 248, 'Central Equatoria', 'EC', 1),
(4024, 248, 'Eastern Equatoria', 'EE', 1),
(4025, 248, 'Jonglei', 'JG', 1),
(4026, 248, 'Lakes', 'LK', 1),
(4027, 248, 'Northern Bahr el-Ghazal', 'BN', 1),
(4028, 248, 'Unity', 'UY', 1),
(4029, 248, 'Upper Nile', 'NU', 1),
(4030, 248, 'Warrap', 'WR', 1),
(4031, 248, 'Western Bahr el-Ghazal', 'BW', 1),
(4032, 248, 'Western Equatoria', 'EW', 1),
(4036, 117, 'Ainaži, Salacgrīvas novads', '0661405', 1),
(4037, 117, 'Aizkraukle, Aizkraukles novads', '0320201', 1),
(4038, 117, 'Aizkraukles novads', '0320200', 1),
(4039, 117, 'Aizpute, Aizputes novads', '0640605', 1),
(4040, 117, 'Aizputes novads', '0640600', 1),
(4041, 117, 'Aknīste, Aknīstes novads', '0560805', 1),
(4042, 117, 'Aknīstes novads', '0560800', 1),
(4043, 117, 'Aloja, Alojas novads', '0661007', 1),
(4044, 117, 'Alojas novads', '0661000', 1),
(4045, 117, 'Alsungas novads', '0624200', 1),
(4046, 117, 'Alūksne, Alūksnes novads', '0360201', 1),
(4047, 117, 'Alūksnes novads', '0360200', 1),
(4048, 117, 'Amatas novads', '0424701', 1),
(4049, 117, 'Ape, Apes novads', '0360805', 1),
(4050, 117, 'Apes novads', '0360800', 1),
(4051, 117, 'Auce, Auces novads', '0460805', 1),
(4052, 117, 'Auces novads', '0460800', 1),
(4053, 117, 'Ādažu novads', '0804400', 1),
(4054, 117, 'Babītes novads', '0804900', 1),
(4055, 117, 'Baldone, Baldones novads', '0800605', 1),
(4056, 117, 'Baldones novads', '0800600', 1),
(4057, 117, 'Baloži, Ķekavas novads', '0800807', 1),
(4058, 117, 'Baltinavas novads', '0384400', 1),
(4059, 117, 'Balvi, Balvu novads', '0380201', 1),
(4060, 117, 'Balvu novads', '0380200', 1),
(4061, 117, 'Bauska, Bauskas novads', '0400201', 1),
(4062, 117, 'Bauskas novads', '0400200', 1),
(4063, 117, 'Beverīnas novads', '0964700', 1),
(4064, 117, 'Brocēni, Brocēnu novads', '0840605', 1),
(4065, 117, 'Brocēnu novads', '0840601', 1),
(4066, 117, 'Burtnieku novads', '0967101', 1),
(4067, 117, 'Carnikavas novads', '0805200', 1),
(4068, 117, 'Cesvaine, Cesvaines novads', '0700807', 1),
(4069, 117, 'Cesvaines novads', '0700800', 1),
(4070, 117, 'Cēsis, Cēsu novads', '0420201', 1),
(4071, 117, 'Cēsu novads', '0420200', 1),
(4072, 117, 'Ciblas novads', '0684901', 1),
(4073, 117, 'Dagda, Dagdas novads', '0601009', 1),
(4074, 117, 'Dagdas novads', '0601000', 1),
(4075, 117, 'Daugavpils', '0050000', 1),
(4076, 117, 'Daugavpils novads', '0440200', 1),
(4077, 117, 'Dobele, Dobeles novads', '0460201', 1),
(4078, 117, 'Dobeles novads', '0460200', 1),
(4079, 117, 'Dundagas novads', '0885100', 1),
(4080, 117, 'Durbe, Durbes novads', '0640807', 1),
(4081, 117, 'Durbes novads', '0640801', 1),
(4082, 117, 'Engures novads', '0905100', 1),
(4083, 117, 'Ērgļu novads', '0705500', 1),
(4084, 117, 'Garkalnes novads', '0806000', 1),
(4085, 117, 'Grobiņa, Grobiņas novads', '0641009', 1),
(4086, 117, 'Grobiņas novads', '0641000', 1),
(4087, 117, 'Gulbene, Gulbenes novads', '0500201', 1),
(4088, 117, 'Gulbenes novads', '0500200', 1),
(4089, 117, 'Iecavas novads', '0406400', 1),
(4090, 117, 'Ikšķile, Ikšķiles novads', '0740605', 1),
(4091, 117, 'Ikšķiles novads', '0740600', 1),
(4092, 117, 'Ilūkste, Ilūkstes novads', '0440807', 1),
(4093, 117, 'Ilūkstes novads', '0440801', 1),
(4094, 117, 'Inčukalna novads', '0801800', 1),
(4095, 117, 'Jaunjelgava, Jaunjelgavas novads', '0321007', 1),
(4096, 117, 'Jaunjelgavas novads', '0321000', 1),
(4097, 117, 'Jaunpiebalgas novads', '0425700', 1),
(4098, 117, 'Jaunpils novads', '0905700', 1),
(4099, 117, 'Jelgava', '0090000', 1),
(4100, 117, 'Jelgavas novads', '0540200', 1),
(4101, 117, 'Jēkabpils', '0110000', 1),
(4102, 117, 'Jēkabpils novads', '0560200', 1),
(4103, 117, 'Jūrmala', '0130000', 1),
(4104, 117, 'Kalnciems, Jelgavas novads', '0540211', 1),
(4105, 117, 'Kandava, Kandavas novads', '0901211', 1),
(4106, 117, 'Kandavas novads', '0901201', 1),
(4107, 117, 'Kārsava, Kārsavas novads', '0681009', 1),
(4108, 117, 'Kārsavas novads', '0681000', 1),
(4109, 117, 'Kocēnu novads ,bij. Valmieras)', '0960200', 1),
(4110, 117, 'Kokneses novads', '0326100', 1),
(4111, 117, 'Krāslava, Krāslavas novads', '0600201', 1),
(4112, 117, 'Krāslavas novads', '0600202', 1),
(4113, 117, 'Krimuldas novads', '0806900', 1),
(4114, 117, 'Krustpils novads', '0566900', 1),
(4115, 117, 'Kuldīga, Kuldīgas novads', '0620201', 1),
(4116, 117, 'Kuldīgas novads', '0620200', 1),
(4117, 117, 'Ķeguma novads', '0741001', 1),
(4118, 117, 'Ķegums, Ķeguma novads', '0741009', 1),
(4119, 117, 'Ķekavas novads', '0800800', 1),
(4120, 117, 'Lielvārde, Lielvārdes novads', '0741413', 1),
(4121, 117, 'Lielvārdes novads', '0741401', 1),
(4122, 117, 'Liepāja', '0170000', 1),
(4123, 117, 'Limbaži, Limbažu novads', '0660201', 1),
(4124, 117, 'Limbažu novads', '0660200', 1),
(4125, 117, 'Līgatne, Līgatnes novads', '0421211', 1),
(4126, 117, 'Līgatnes novads', '0421200', 1),
(4127, 117, 'Līvāni, Līvānu novads', '0761211', 1),
(4128, 117, 'Līvānu novads', '0761201', 1),
(4129, 117, 'Lubāna, Lubānas novads', '0701413', 1),
(4130, 117, 'Lubānas novads', '0701400', 1),
(4131, 117, 'Ludza, Ludzas novads', '0680201', 1),
(4132, 117, 'Ludzas novads', '0680200', 1),
(4133, 117, 'Madona, Madonas novads', '0700201', 1),
(4134, 117, 'Madonas novads', '0700200', 1),
(4135, 117, 'Mazsalaca, Mazsalacas novads', '0961011', 1),
(4136, 117, 'Mazsalacas novads', '0961000', 1),
(4137, 117, 'Mālpils novads', '0807400', 1),
(4138, 117, 'Mārupes novads', '0807600', 1),
(4139, 117, 'Mērsraga novads', '0887600', 1),
(4140, 117, 'Naukšēnu novads', '0967300', 1),
(4141, 117, 'Neretas novads', '0327100', 1),
(4142, 117, 'Nīcas novads', '0647900', 1),
(4143, 117, 'Ogre, Ogres novads', '0740201', 1),
(4144, 117, 'Ogres novads', '0740202', 1),
(4145, 117, 'Olaine, Olaines novads', '0801009', 1),
(4146, 117, 'Olaines novads', '0801000', 1),
(4147, 117, 'Ozolnieku novads', '0546701', 1),
(4148, 117, 'Pārgaujas novads', '0427500', 1),
(4149, 117, 'Pāvilosta, Pāvilostas novads', '0641413', 1),
(4150, 117, 'Pāvilostas novads', '0641401', 1),
(4151, 117, 'Piltene, Ventspils novads', '0980213', 1),
(4152, 117, 'Pļaviņas, Pļaviņu novads', '0321413', 1),
(4153, 117, 'Pļaviņu novads', '0321400', 1),
(4154, 117, 'Preiļi, Preiļu novads', '0760201', 1),
(4155, 117, 'Preiļu novads', '0760202', 1),
(4156, 117, 'Priekule, Priekules novads', '0641615', 1),
(4157, 117, 'Priekules novads', '0641600', 1),
(4158, 117, 'Priekuļu novads', '0427300', 1),
(4159, 117, 'Raunas novads', '0427700', 1),
(4160, 117, 'Rēzekne', '0210000', 1),
(4161, 117, 'Rēzeknes novads', '0780200', 1),
(4162, 117, 'Riebiņu novads', '0766300', 1),
(4163, 117, 'Rīga', '0010000', 1),
(4164, 117, 'Rojas novads', '0888300', 1),
(4165, 117, 'Ropažu novads', '0808400', 1),
(4166, 117, 'Rucavas novads', '0648500', 1),
(4167, 117, 'Rugāju novads', '0387500', 1),
(4168, 117, 'Rundāles novads', '0407700', 1),
(4169, 117, 'Rūjiena, Rūjienas novads', '0961615', 1),
(4170, 117, 'Rūjienas novads', '0961600', 1),
(4171, 117, 'Sabile, Talsu novads', '0880213', 1),
(4172, 117, 'Salacgrīva, Salacgrīvas novads', '0661415', 1),
(4173, 117, 'Salacgrīvas novads', '0661400', 1),
(4174, 117, 'Salas novads', '0568700', 1),
(4175, 117, 'Salaspils novads', '0801200', 1),
(4176, 117, 'Salaspils, Salaspils novads', '0801211', 1),
(4177, 117, 'Saldus novads', '0840200', 1),
(4178, 117, 'Saldus, Saldus novads', '0840201', 1),
(4179, 117, 'Saulkrasti, Saulkrastu novads', '0801413', 1),
(4180, 117, 'Saulkrastu novads', '0801400', 1),
(4181, 117, 'Seda, Strenču novads', '0941813', 1),
(4182, 117, 'Sējas novads', '0809200', 1),
(4183, 117, 'Sigulda, Siguldas novads', '0801615', 1),
(4184, 117, 'Siguldas novads', '0801601', 1),
(4185, 117, 'Skrīveru novads', '0328200', 1),
(4186, 117, 'Skrunda, Skrundas novads', '0621209', 1),
(4187, 117, 'Skrundas novads', '0621200', 1),
(4188, 117, 'Smiltene, Smiltenes novads', '0941615', 1),
(4189, 117, 'Smiltenes novads', '0941600', 1),
(4190, 117, 'Staicele, Alojas novads', '0661017', 1),
(4191, 117, 'Stende, Talsu novads', '0880215', 1),
(4192, 117, 'Stopiņu novads', '0809600', 1),
(4193, 117, 'Strenči, Strenču novads', '0941817', 1),
(4194, 117, 'Strenču novads', '0941800', 1),
(4195, 117, 'Subate, Ilūkstes novads', '0440815', 1),
(4196, 117, 'Talsi, Talsu novads', '0880201', 1),
(4197, 117, 'Talsu novads', '0880200', 1),
(4198, 117, 'Tērvetes novads', '0468900', 1),
(4199, 117, 'Tukuma novads', '0900200', 1),
(4200, 117, 'Tukums, Tukuma novads', '0900201', 1),
(4201, 117, 'Vaiņodes novads', '0649300', 1),
(4202, 117, 'Valdemārpils, Talsu novads', '0880217', 1),
(4203, 117, 'Valka, Valkas novads', '0940201', 1),
(4204, 117, 'Valkas novads', '0940200', 1),
(4205, 117, 'Valmiera', '0250000', 1),
(4206, 117, 'Vangaži, Inčukalna novads', '0801817', 1),
(4207, 117, 'Varakļāni, Varakļānu novads', '0701817', 1),
(4208, 117, 'Varakļānu novads', '0701800', 1),
(4209, 117, 'Vārkavas novads', '0769101', 1),
(4210, 117, 'Vecpiebalgas novads', '0429300', 1),
(4211, 117, 'Vecumnieku novads', '0409500', 1),
(4212, 117, 'Ventspils', '0270000', 1),
(4213, 117, 'Ventspils novads', '0980200', 1),
(4214, 117, 'Viesīte, Viesītes novads', '0561815', 1),
(4215, 117, 'Viesītes novads', '0561800', 1),
(4216, 117, 'Viļaka, Viļakas novads', '0381615', 1),
(4217, 117, 'Viļakas novads', '0381600', 1),
(4218, 117, 'Viļāni, Viļānu novads', '0781817', 1),
(4219, 117, 'Viļānu novads', '0781800', 1),
(4220, 117, 'Zilupe, Zilupes novads', '0681817', 1),
(4221, 117, 'Zilupes novads', '0681801', 1),
(4222, 43, 'Arica y Parinacota', 'AP', 1),
(4223, 43, 'Los Rios', 'LR', 1),
(4224, 220, 'Kharkivs\'ka Oblast\'', '63', 1);

-- --------------------------------------------------------

--
-- Структура таблицы `ts_zone_to_geo_zone`
--

CREATE TABLE IF NOT EXISTS `ts_zone_to_geo_zone` (
  `zone_to_geo_zone_id` int(11) NOT NULL AUTO_INCREMENT,
  `country_id` int(11) NOT NULL,
  `zone_id` int(11) NOT NULL DEFAULT '0',
  `geo_zone_id` int(11) NOT NULL,
  `date_added` datetime NOT NULL,
  `date_modified` datetime NOT NULL,
  PRIMARY KEY (`zone_to_geo_zone_id`)
) ENGINE=MyISAM AUTO_INCREMENT=113 DEFAULT CHARSET=utf8;

--
-- Дамп данных таблицы `ts_zone_to_geo_zone`
--

INSERT INTO `ts_zone_to_geo_zone` (`zone_to_geo_zone_id`, `country_id`, `zone_id`, `geo_zone_id`, `date_added`, `date_modified`) VALUES
(112, 176, 0, 4, '2016-06-20 13:16:27', '0000-00-00 00:00:00'),
(2, 222, 3513, 3, '0000-00-00 00:00:00', '0000-00-00 00:00:00'),
(3, 222, 3514, 3, '0000-00-00 00:00:00', '0000-00-00 00:00:00'),
(4, 222, 3515, 3, '0000-00-00 00:00:00', '0000-00-00 00:00:00'),
(5, 222, 3516, 3, '0000-00-00 00:00:00', '0000-00-00 00:00:00'),
(6, 222, 3517, 3, '0000-00-00 00:00:00', '0000-00-00 00:00:00'),
(7, 222, 3518, 3, '0000-00-00 00:00:00', '0000-00-00 00:00:00'),
(8, 222, 3519, 3, '0000-00-00 00:00:00', '0000-00-00 00:00:00'),
(9, 222, 3520, 3, '0000-00-00 00:00:00', '0000-00-00 00:00:00'),
(10, 222, 3521, 3, '0000-00-00 00:00:00', '0000-00-00 00:00:00'),
(11, 222, 3522, 3, '0000-00-00 00:00:00', '0000-00-00 00:00:00'),
(12, 222, 3523, 3, '0000-00-00 00:00:00', '0000-00-00 00:00:00'),
(13, 222, 3524, 3, '0000-00-00 00:00:00', '0000-00-00 00:00:00'),
(14, 222, 3525, 3, '0000-00-00 00:00:00', '0000-00-00 00:00:00'),
(15, 222, 3526, 3, '0000-00-00 00:00:00', '0000-00-00 00:00:00'),
(16, 222, 3527, 3, '0000-00-00 00:00:00', '0000-00-00 00:00:00'),
(17, 222, 3528, 3, '0000-00-00 00:00:00', '0000-00-00 00:00:00'),
(18, 222, 3529, 3, '0000-00-00 00:00:00', '0000-00-00 00:00:00'),
(19, 222, 3530, 3, '0000-00-00 00:00:00', '0000-00-00 00:00:00'),
(20, 222, 3531, 3, '0000-00-00 00:00:00', '0000-00-00 00:00:00'),
(21, 222, 3532, 3, '0000-00-00 00:00:00', '0000-00-00 00:00:00'),
(22, 222, 3533, 3, '0000-00-00 00:00:00', '0000-00-00 00:00:00'),
(23, 222, 3534, 3, '0000-00-00 00:00:00', '0000-00-00 00:00:00'),
(24, 222, 3535, 3, '0000-00-00 00:00:00', '0000-00-00 00:00:00'),
(25, 222, 3536, 3, '0000-00-00 00:00:00', '0000-00-00 00:00:00'),
(26, 222, 3537, 3, '0000-00-00 00:00:00', '0000-00-00 00:00:00'),
(27, 222, 3538, 3, '0000-00-00 00:00:00', '0000-00-00 00:00:00'),
(28, 222, 3539, 3, '0000-00-00 00:00:00', '0000-00-00 00:00:00'),
(29, 222, 3540, 3, '0000-00-00 00:00:00', '0000-00-00 00:00:00'),
(30, 222, 3541, 3, '0000-00-00 00:00:00', '0000-00-00 00:00:00'),
(31, 222, 3542, 3, '0000-00-00 00:00:00', '0000-00-00 00:00:00'),
(32, 222, 3543, 3, '0000-00-00 00:00:00', '0000-00-00 00:00:00'),
(33, 222, 3544, 3, '0000-00-00 00:00:00', '0000-00-00 00:00:00'),
(34, 222, 3545, 3, '0000-00-00 00:00:00', '0000-00-00 00:00:00'),
(35, 222, 3546, 3, '0000-00-00 00:00:00', '0000-00-00 00:00:00'),
(36, 222, 3547, 3, '0000-00-00 00:00:00', '0000-00-00 00:00:00'),
(37, 222, 3548, 3, '0000-00-00 00:00:00', '0000-00-00 00:00:00'),
(38, 222, 3549, 3, '0000-00-00 00:00:00', '0000-00-00 00:00:00'),
(39, 222, 3550, 3, '0000-00-00 00:00:00', '0000-00-00 00:00:00'),
(40, 222, 3551, 3, '0000-00-00 00:00:00', '0000-00-00 00:00:00'),
(41, 222, 3552, 3, '0000-00-00 00:00:00', '0000-00-00 00:00:00'),
(42, 222, 3553, 3, '0000-00-00 00:00:00', '0000-00-00 00:00:00'),
(43, 222, 3554, 3, '0000-00-00 00:00:00', '0000-00-00 00:00:00'),
(44, 222, 3555, 3, '0000-00-00 00:00:00', '0000-00-00 00:00:00'),
(45, 222, 3556, 3, '0000-00-00 00:00:00', '0000-00-00 00:00:00'),
(46, 222, 3557, 3, '0000-00-00 00:00:00', '0000-00-00 00:00:00'),
(47, 222, 3558, 3, '0000-00-00 00:00:00', '0000-00-00 00:00:00'),
(48, 222, 3559, 3, '0000-00-00 00:00:00', '0000-00-00 00:00:00'),
(49, 222, 3560, 3, '0000-00-00 00:00:00', '0000-00-00 00:00:00'),
(50, 222, 3561, 3, '0000-00-00 00:00:00', '0000-00-00 00:00:00'),
(51, 222, 3562, 3, '0000-00-00 00:00:00', '0000-00-00 00:00:00'),
(52, 222, 3563, 3, '0000-00-00 00:00:00', '0000-00-00 00:00:00'),
(53, 222, 3564, 3, '0000-00-00 00:00:00', '0000-00-00 00:00:00'),
(54, 222, 3565, 3, '0000-00-00 00:00:00', '0000-00-00 00:00:00'),
(55, 222, 3566, 3, '0000-00-00 00:00:00', '0000-00-00 00:00:00'),
(56, 222, 3567, 3, '0000-00-00 00:00:00', '0000-00-00 00:00:00'),
(57, 222, 3568, 3, '0000-00-00 00:00:00', '0000-00-00 00:00:00'),
(58, 222, 3569, 3, '0000-00-00 00:00:00', '0000-00-00 00:00:00'),
(59, 222, 3570, 3, '0000-00-00 00:00:00', '0000-00-00 00:00:00'),
(60, 222, 3571, 3, '0000-00-00 00:00:00', '0000-00-00 00:00:00'),
(61, 222, 3572, 3, '0000-00-00 00:00:00', '0000-00-00 00:00:00'),
(62, 222, 3573, 3, '0000-00-00 00:00:00', '0000-00-00 00:00:00'),
(63, 222, 3574, 3, '0000-00-00 00:00:00', '0000-00-00 00:00:00'),
(64, 222, 3575, 3, '0000-00-00 00:00:00', '0000-00-00 00:00:00'),
(65, 222, 3576, 3, '0000-00-00 00:00:00', '0000-00-00 00:00:00'),
(66, 222, 3577, 3, '0000-00-00 00:00:00', '0000-00-00 00:00:00'),
(67, 222, 3578, 3, '0000-00-00 00:00:00', '0000-00-00 00:00:00'),
(68, 222, 3579, 3, '0000-00-00 00:00:00', '0000-00-00 00:00:00'),
(69, 222, 3580, 3, '0000-00-00 00:00:00', '0000-00-00 00:00:00'),
(70, 222, 3581, 3, '0000-00-00 00:00:00', '0000-00-00 00:00:00'),
(71, 222, 3582, 3, '0000-00-00 00:00:00', '0000-00-00 00:00:00'),
(72, 222, 3583, 3, '0000-00-00 00:00:00', '0000-00-00 00:00:00'),
(73, 222, 3584, 3, '0000-00-00 00:00:00', '0000-00-00 00:00:00'),
(74, 222, 3585, 3, '0000-00-00 00:00:00', '0000-00-00 00:00:00'),
(75, 222, 3586, 3, '0000-00-00 00:00:00', '0000-00-00 00:00:00'),
(76, 222, 3587, 3, '0000-00-00 00:00:00', '0000-00-00 00:00:00'),
(77, 222, 3588, 3, '0000-00-00 00:00:00', '0000-00-00 00:00:00'),
(78, 222, 3589, 3, '0000-00-00 00:00:00', '0000-00-00 00:00:00'),
(79, 222, 3590, 3, '0000-00-00 00:00:00', '0000-00-00 00:00:00'),
(80, 222, 3591, 3, '0000-00-00 00:00:00', '0000-00-00 00:00:00'),
(81, 222, 3592, 3, '0000-00-00 00:00:00', '0000-00-00 00:00:00'),
(82, 222, 3593, 3, '0000-00-00 00:00:00', '0000-00-00 00:00:00'),
(83, 222, 3594, 3, '0000-00-00 00:00:00', '0000-00-00 00:00:00'),
(84, 222, 3595, 3, '0000-00-00 00:00:00', '0000-00-00 00:00:00'),
(85, 222, 3596, 3, '0000-00-00 00:00:00', '0000-00-00 00:00:00'),
(86, 222, 3597, 3, '0000-00-00 00:00:00', '0000-00-00 00:00:00'),
(87, 222, 3598, 3, '0000-00-00 00:00:00', '0000-00-00 00:00:00'),
(88, 222, 3599, 3, '0000-00-00 00:00:00', '0000-00-00 00:00:00'),
(89, 222, 3600, 3, '0000-00-00 00:00:00', '0000-00-00 00:00:00'),
(90, 222, 3601, 3, '0000-00-00 00:00:00', '0000-00-00 00:00:00'),
(91, 222, 3602, 3, '0000-00-00 00:00:00', '0000-00-00 00:00:00'),
(92, 222, 3603, 3, '0000-00-00 00:00:00', '0000-00-00 00:00:00'),
(93, 222, 3604, 3, '0000-00-00 00:00:00', '0000-00-00 00:00:00'),
(94, 222, 3605, 3, '0000-00-00 00:00:00', '0000-00-00 00:00:00'),
(95, 222, 3606, 3, '0000-00-00 00:00:00', '0000-00-00 00:00:00'),
(96, 222, 3607, 3, '0000-00-00 00:00:00', '0000-00-00 00:00:00'),
(97, 222, 3608, 3, '0000-00-00 00:00:00', '0000-00-00 00:00:00'),
(98, 222, 3609, 3, '0000-00-00 00:00:00', '0000-00-00 00:00:00'),
(99, 222, 3610, 3, '0000-00-00 00:00:00', '0000-00-00 00:00:00'),
(100, 222, 3611, 3, '0000-00-00 00:00:00', '0000-00-00 00:00:00'),
(101, 222, 3612, 3, '0000-00-00 00:00:00', '0000-00-00 00:00:00'),
(102, 222, 3949, 3, '0000-00-00 00:00:00', '0000-00-00 00:00:00'),
(103, 222, 3950, 3, '0000-00-00 00:00:00', '0000-00-00 00:00:00'),
(104, 222, 3951, 3, '0000-00-00 00:00:00', '0000-00-00 00:00:00'),
(105, 222, 3952, 3, '0000-00-00 00:00:00', '0000-00-00 00:00:00'),
(106, 222, 3953, 3, '0000-00-00 00:00:00', '0000-00-00 00:00:00'),
(107, 222, 3954, 3, '0000-00-00 00:00:00', '0000-00-00 00:00:00'),
(108, 222, 3955, 3, '0000-00-00 00:00:00', '0000-00-00 00:00:00'),
(109, 222, 3972, 3, '0000-00-00 00:00:00', '0000-00-00 00:00:00'),
(111, 176, 2778, 5, '2016-06-20 11:03:13', '0000-00-00 00:00:00');

/*!40101 SET CHARACTER_SET_CLIENT=@OLD_CHARACTER_SET_CLIENT */;
/*!40101 SET CHARACTER_SET_RESULTS=@OLD_CHARACTER_SET_RESULTS */;
/*!40101 SET COLLATION_CONNECTION=@OLD_COLLATION_CONNECTION */;
